2025-01-20 11:11:27.522372: I tensorflow/core/util/port.cc:153] oneDNN custom operations are on. You may see slightly different numerical results due to floating-point round-off errors from different computation orders. To turn them off, set the environment variable `TF_ENABLE_ONEDNN_OPTS=0`.
2025-01-20 11:11:27.646301: E external/local_xla/xla/stream_executor/cuda/cuda_fft.cc:477] Unable to register cuFFT factory: Attempting to register factory for plugin cuFFT when one has already been registered
WARNING: All log messages before absl::InitializeLog() is called are written to STDERR
E0000 00:00:1737367887.694338   30749 cuda_dnn.cc:8310] Unable to register cuDNN factory: Attempting to register factory for plugin cuDNN when one has already been registered
E0000 00:00:1737367887.708633   30749 cuda_blas.cc:1418] Unable to register cuBLAS factory: Attempting to register factory for plugin cuBLAS when one has already been registered
2025-01-20 11:11:27.823517: I tensorflow/core/platform/cpu_feature_guard.cc:210] This TensorFlow binary is optimized to use available CPU instructions in performance-critical operations.
To enable the following instructions: AVX2 AVX512F AVX512_VNNI AVX512_BF16 AVX512_FP16 AVX_VNNI AMX_TILE AMX_INT8 AMX_BF16 FMA, in other operations, rebuild TensorFlow with the appropriate compiler flags.
Loading alpaca.
Here is the torch.cuda.is_available() : True
Tokenizer loaded.
Loading model with half precision.

Loading checkpoint shards:   0%|          | 0/6 [00:00<?, ?it/s]
Loading checkpoint shards:  17%|█▋        | 1/6 [00:01<00:08,  1.71s/it]
Loading checkpoint shards:  33%|███▎      | 2/6 [00:03<00:06,  1.64s/it]
Loading checkpoint shards:  50%|█████     | 3/6 [00:04<00:04,  1.63s/it]
Loading checkpoint shards:  67%|██████▋   | 4/6 [00:06<00:03,  1.60s/it]
Loading checkpoint shards:  83%|████████▎ | 5/6 [00:08<00:01,  1.59s/it]
Loading checkpoint shards: 100%|██████████| 6/6 [00:08<00:00,  1.37s/it]
Loading checkpoint shards: 100%|██████████| 6/6 [00:08<00:00,  1.50s/it]
textattack: Unknown if model of class <class 'transformers.models.llama.modeling_llama.LlamaForCausalLM'> compatible with goal function <class 'textattack.goal_functions.classification.untargeted_classification.UntargetedClassification'>.
textattack: Logging to CSV at path out/attack/agnews/DeepWordBug/NoDefense/half/dataset.csv
Model loaded with half precision (torch.float16).
Model setup for AGNews
Attack(
  (search_method): GreedyWordSwapWIR(
    (wir_method):  unk
  )
  (goal_function):  UntargetedClassification
  (transformation):  CompositeTransformation(
    (0): WordSwapNeighboringCharacterSwap(
        (random_one):  True
      )
    (1): WordSwapRandomCharacterSubstitution(
        (random_one):  True
      )
    (2): WordSwapRandomCharacterDeletion(
        (random_one):  True
      )
    (3): WordSwapRandomCharacterInsertion(
        (random_one):  True
      )
    )
  (constraints): 
    (0): LevenshteinEditDistance(
        (max_edit_distance):  30
        (compare_against_original):  True
      )
    (1): MaxWordsPerturbed(
        (max_percent):  0.1
        (compare_against_original):  True
      )
    (2): RepeatModification
    (3): StopwordModification
  (is_black_box):  True
) 


  0%|          | 0/200 [00:00<?, ?it/s]Token indices sequence length is longer than the specified maximum sequence length for this model (592 > 512). Running this sequence through the model will result in indexing errors
Starting from v4.46, the `logits` model output will have the same type as the model (except at train time, where it will always be FP32)

  0%|          | 1/200 [00:05<19:37,  5.92s/it]
[Succeeded / Failed / Skipped / Total] 0 / 1 / 0 / 1:   0%|          | 1/200 [00:06<20:08,  6.07s/it]
[Succeeded / Failed / Skipped / Total] 0 / 1 / 0 / 1:   1%|          | 2/200 [00:12<21:17,  6.45s/it]
[Succeeded / Failed / Skipped / Total] 0 / 2 / 0 / 2:   1%|          | 2/200 [00:12<21:17,  6.45s/it]
[Succeeded / Failed / Skipped / Total] 0 / 2 / 0 / 2:   2%|▏         | 3/200 [00:16<17:37,  5.37s/it]
[Succeeded / Failed / Skipped / Total] 0 / 3 / 0 / 3:   2%|▏         | 3/200 [00:16<17:37,  5.37s/it]
[Succeeded / Failed / Skipped / Total] 0 / 3 / 0 / 3:   2%|▏         | 4/200 [00:16<13:14,  4.05s/it]
[Succeeded / Failed / Skipped / Total] 0 / 3 / 1 / 4:   2%|▏         | 4/200 [00:16<13:14,  4.05s/it]
[Succeeded / Failed / Skipped / Total] 0 / 3 / 1 / 4:   2%|▎         | 5/200 [00:22<14:19,  4.41s/it]
[Succeeded / Failed / Skipped / Total] 1 / 3 / 1 / 5:   2%|▎         | 5/200 [00:22<14:20,  4.41s/it]
[Succeeded / Failed / Skipped / Total] 1 / 3 / 1 / 5:   3%|▎         | 6/200 [00:26<14:00,  4.33s/it]
[Succeeded / Failed / Skipped / Total] 1 / 4 / 1 / 6:   3%|▎         | 6/200 [00:26<14:00,  4.33s/it]
[Succeeded / Failed / Skipped / Total] 1 / 4 / 1 / 6:   4%|▎         | 7/200 [00:26<11:59,  3.73s/it]
[Succeeded / Failed / Skipped / Total] 1 / 4 / 2 / 7:   4%|▎         | 7/200 [00:26<11:59,  3.73s/it]
[Succeeded / Failed / Skipped / Total] 1 / 4 / 2 / 7:   4%|▍         | 8/200 [00:30<12:18,  3.85s/it]
[Succeeded / Failed / Skipped / Total] 2 / 4 / 2 / 8:   4%|▍         | 8/200 [00:30<12:18,  3.85s/it]
[Succeeded / Failed / Skipped / Total] 2 / 4 / 2 / 8:   4%|▍         | 9/200 [00:34<12:16,  3.85s/it]
[Succeeded / Failed / Skipped / Total] 3 / 4 / 2 / 9:   4%|▍         | 9/200 [00:34<12:16,  3.85s/it]
[Succeeded / Failed / Skipped / Total] 3 / 4 / 2 / 9:   5%|▌         | 10/200 [00:39<12:32,  3.96s/it]
[Succeeded / Failed / Skipped / Total] 3 / 5 / 2 / 10:   5%|▌         | 10/200 [00:39<12:32,  3.96s/it]
[Succeeded / Failed / Skipped / Total] 3 / 5 / 2 / 10:   6%|▌         | 11/200 [00:42<12:11,  3.87s/it]
[Succeeded / Failed / Skipped / Total] 3 / 6 / 2 / 11:   6%|▌         | 11/200 [00:42<12:11,  3.87s/it]
[Succeeded / Failed / Skipped / Total] 3 / 6 / 2 / 11:   6%|▌         | 12/200 [00:45<11:49,  3.78s/it]
[Succeeded / Failed / Skipped / Total] 3 / 7 / 2 / 12:   6%|▌         | 12/200 [00:45<11:49,  3.78s/it]
[Succeeded / Failed / Skipped / Total] 3 / 7 / 2 / 12:   6%|▋         | 13/200 [00:48<11:41,  3.75s/it]
[Succeeded / Failed / Skipped / Total] 3 / 8 / 2 / 13:   6%|▋         | 13/200 [00:48<11:41,  3.75s/it]
[Succeeded / Failed / Skipped / Total] 3 / 8 / 2 / 13:   7%|▋         | 14/200 [00:54<12:01,  3.88s/it]
[Succeeded / Failed / Skipped / Total] 3 / 9 / 2 / 14:   7%|▋         | 14/200 [00:54<12:01,  3.88s/it]
[Succeeded / Failed / Skipped / Total] 3 / 9 / 2 / 14:   8%|▊         | 15/200 [00:57<11:53,  3.86s/it]
[Succeeded / Failed / Skipped / Total] 3 / 10 / 2 / 15:   8%|▊         | 15/200 [00:57<11:53,  3.86s/it]
[Succeeded / Failed / Skipped / Total] 3 / 10 / 2 / 15:   8%|▊         | 16/200 [01:02<11:54,  3.88s/it]
[Succeeded / Failed / Skipped / Total] 3 / 11 / 2 / 16:   8%|▊         | 16/200 [01:02<11:54,  3.88s/it]
[Succeeded / Failed / Skipped / Total] 3 / 11 / 2 / 16:   8%|▊         | 17/200 [01:06<11:52,  3.89s/it]
[Succeeded / Failed / Skipped / Total] 3 / 12 / 2 / 17:   8%|▊         | 17/200 [01:06<11:52,  3.89s/it]
[Succeeded / Failed / Skipped / Total] 3 / 12 / 2 / 17:   9%|▉         | 18/200 [01:06<11:10,  3.68s/it]
[Succeeded / Failed / Skipped / Total] 3 / 12 / 3 / 18:   9%|▉         | 18/200 [01:06<11:10,  3.68s/it]
[Succeeded / Failed / Skipped / Total] 3 / 12 / 3 / 18:  10%|▉         | 19/200 [01:10<11:07,  3.69s/it]
[Succeeded / Failed / Skipped / Total] 4 / 12 / 3 / 19:  10%|▉         | 19/200 [01:10<11:07,  3.69s/it]
[Succeeded / Failed / Skipped / Total] 4 / 12 / 3 / 19:  10%|█         | 20/200 [01:16<11:29,  3.83s/it]--------------------------------------------- Result 1 ---------------------------------------------
[[1 (100%)]] --> [[[FAILED]]]

NFL Fines Saints' Gleason  #36;5,000 for Punch (AP)  AP - Steve Gleason of the New Orleans Saints was fined  #36;5,000 by the NFL on Wednesday after being thrown out of last week's game with Carolina for punching the Panthers' Kemp Rasmussen at the end of a kickoff return.


--------------------------------------------- Result 2 ---------------------------------------------
[[3 (92%)]] --> [[[FAILED]]]

Sparkle starts shipping GeForce 6600 GT AGP  &lt;a href="http://www.hardwareanalysis.com/content/article/1755/"&gt;GeForce 6600GT AGP, as good as it gets?&lt;/a&gt; &lt;font size=-1 color=#6f6f6f&gt;&lt;nobr&gt;Hardware Analysis&lt;/nobr&gt;


--------------------------------------------- Result 3 ---------------------------------------------
[[0 (97%)]] --> [[[FAILED]]]

Arafat's Health Reported to Have Turned Sharply Worse  An ambulance was called to Yasir Arafat's compound amid unconfirmed reports that he had lost consciousness at least once.


--------------------------------------------- Result 4 ---------------------------------------------
[[3 (45%)]] --> [[[SKIPPED]]]

New federal law ends check floating  A new federal law that went into effect yesterday will eventually eliminate the days of check floating.. However, some Sumner County bankers say it depends on where you bank and 


--------------------------------------------- Result 5 ---------------------------------------------
[[0 (65%)]] --> [[3 (35%)]]

[[US]] confirms commitment to defend Taiwan  Mr Powell says that while the US recognises the one-China policy, it will [[offer]] to assist Taiwan if it is threatened. A [[US]] State Department spokesman says the issue [[came]] up during talks with China #39;s [[visiting]] military chief, General Liang Guanglie.

[[SU]] confirms commitment to defend Taiwan  Mr Powell says that while the US recognises the one-China policy, it will [[offre]] to assist Taiwan if it is threatened. A [[U]] State Department spokesman says the issue [[Pcame]] up during talks with China #39;s [[visitng]] military chief, General Liang Guanglie.


--------------------------------------------- Result 6 ---------------------------------------------
[[1 (100%)]] --> [[[FAILED]]]

England sweeps Zims  England has swept its one-day series against Zimbabwe 4-0 with a 74-run win in Bulawayo. Veteran Darren Gough took 4-34 as Zimbabwe was bowled out for 187 chasing 262 for victory.


--------------------------------------------- Result 7 ---------------------------------------------
[[3 (53%)]] --> [[[SKIPPED]]]

Dollar Rises on the Interest Rate Plays   NEW YORK (Reuters) - The dollar rose on Thursday as  traders, short of dollars after relentlessly selling them for  weeks, looked to the growing yield advantage of U.S. assets as  a reason to buy back the currency before the end of the year.


--------------------------------------------- Result 8 ---------------------------------------------
[[3 (83%)]] --> [[2 (64%)]]

Optimism Drives Google Shares to New Highs ([[Reuters]])  Reuters - Stock of [[Google]] Inc.  powered\to new highs on Friday, buoyed by the web [[search]] leader's new\products and growth prospects, which complement its recent\strong financial [[results]], analysts said.

Optimism Drives Google Shares to New Highs ([[Ruters]])  Reuters - Stock of [[Googel]] Inc.  powered\to new highs on Friday, buoyed by the web [[seacrh]] leader's new\products and growth prospects, which complement its recent\strong financial [[resuts]], analysts said.


--------------------------------------------- Result 9 ---------------------------------------------
[[2 (62%)]] --> [[3 (50%)]]

LIFFE ratchets up price war with Merc  Derivatives exchange LIFFE turned up the heat on rival Chicago Mercantile Exchange on Tuesday by ratcheting up its fee [[incentive]] program for some US traders in a bid improve volume in its Eurodollar [[contract]], the CME #39;s flagship offering.

LIFFE ratchets up price war with Merc  Derivatives exchange LIFFE turned up the heat on rival Chicago Mercantile Exchange on Tuesday by ratcheting up its fee [[ncentive]] program for some US traders in a bid improve volume in its Eurodollar [[ocntract]], the CME #39;s flagship offering.


--------------------------------------------- Result 10 ---------------------------------------------
[[1 (98%)]] --> [[[FAILED]]]

Surprise Chargers #39; air power changing Marty #39;s stripes  KANSAS CITY, Mo. -- The San Diego Chargers players couldn #39;t quite believe what they were hearing, nor would many in the crowd at Arrowhead Stadium if they were privy to it.


--------------------------------------------- Result 11 ---------------------------------------------
[[3 (99%)]] --> [[[FAILED]]]

Energy Dept. funds open-source InfiniBand work  Three-year project will back programmers' effort to build Linux software support for the high-speed networking technology.


--------------------------------------------- Result 12 ---------------------------------------------
[[3 (86%)]] --> [[[FAILED]]]

Robo-servants set to sweep into homes  Millions of new robots will be installed in households over the next few years, a UN report predicts.


--------------------------------------------- Result 13 ---------------------------------------------
[[3 (77%)]] --> [[[FAILED]]]

PayPal and Apple iTunes link-up  Online auction house eBay #39;s payment system PayPal can now be used for purchases by US customers of Apple #39;s iTunes music store.


--------------------------------------------- Result 14 ---------------------------------------------
[[2 (97%)]] --> [[[FAILED]]]

Delta to Cut 6,000-6,900 Jobs   CHICAGO (Reuters) - Delta Air Lines on Wednesday said it  plans to cut between 6,000 and 6,900 jobs during the next 18  months, implement a 10 percent across-the-board pay reduction  and reduce employee benefits in a bid to avoid bankruptcy.


--------------------------------------------- Result 15 ---------------------------------------------
[[3 (87%)]] --> [[[FAILED]]]

Get the Facts on Microsoft Benchmarks  Now that Steve Ballmer and company have given you all the facts you need to compare Windows and Linux, allow me to add just one little tidbit.


--------------------------------------------- Result 16 ---------------------------------------------
[[1 (91%)]] --> [[[FAILED]]]

Clijsters and Hewitt reach break point  There are two consolations for disillusioned tennis romantics upset by yesterday #39;s news of the split of Lleyton Hewitt and Kim Clijsters four months before their scheduled marriage.


--------------------------------------------- Result 17 ---------------------------------------------
[[1 (99%)]] --> [[[FAILED]]]

Jennings in charge  CAPE TOWN - Ray Jennings was appointed as the interim coach of South Africa #39;s national cricket side yesterday afternoon following the resignation earlier of the under-fire Eric Simons.


--------------------------------------------- Result 18 ---------------------------------------------
[[3 (65%)]] --> [[[SKIPPED]]]

EU to Lift U.S. Sanctions Jan. 1   BRUSSELS (Reuters) - The European Commission is sticking  with its plan to lift sanctions on \$4 billion worth of U.S.  goods on Jan. 1 following Washington's repeal of export tax  subsidies in October, a spokeswoman said on Thursday.


--------------------------------------------- Result 19 ---------------------------------------------
[[3 (90%)]] --> [[2 (54%)]]

FCC ruling sets stage for [[broadband]] surge  [[Broadband]] service may get a little broader in the next few years, now that the Federal Communications Commission is graciously [[stepping]] out of the [[way]].

FCC ruling sets stage for [[broadbBnd]] surge  [[Broqadband]] service may get a little broader in the next few years, now that the Federal Communications Commission is graciously [[stepipng]] out of the [[Vay]].


--------------------------------------------- Result 20 ---------------------------------------------

[Succeeded / Failed / Skipped / Total] 4 / 13 / 3 / 20:  10%|█         | 20/200 [01:16<11:30,  3.83s/it]
[Succeeded / Failed / Skipped / Total] 4 / 13 / 3 / 20:  10%|█         | 21/200 [01:16<10:54,  3.66s/it]
[Succeeded / Failed / Skipped / Total] 4 / 13 / 4 / 21:  10%|█         | 21/200 [01:16<10:54,  3.66s/it]
[Succeeded / Failed / Skipped / Total] 4 / 13 / 4 / 21:  11%|█         | 22/200 [01:22<11:06,  3.74s/it]
[Succeeded / Failed / Skipped / Total] 4 / 14 / 4 / 22:  11%|█         | 22/200 [01:22<11:06,  3.74s/it]
[Succeeded / Failed / Skipped / Total] 4 / 14 / 4 / 22:  12%|█▏        | 23/200 [01:27<11:14,  3.81s/it]
[Succeeded / Failed / Skipped / Total] 5 / 14 / 4 / 23:  12%|█▏        | 23/200 [01:27<11:14,  3.81s/it]
[Succeeded / Failed / Skipped / Total] 5 / 14 / 4 / 23:  12%|█▏        | 24/200 [01:33<11:23,  3.88s/it]
[Succeeded / Failed / Skipped / Total] 6 / 14 / 4 / 24:  12%|█▏        | 24/200 [01:33<11:23,  3.88s/it]
[Succeeded / Failed / Skipped / Total] 6 / 14 / 4 / 24:  12%|█▎        | 25/200 [01:37<11:20,  3.89s/it]
[Succeeded / Failed / Skipped / Total] 6 / 15 / 4 / 25:  12%|█▎        | 25/200 [01:37<11:20,  3.89s/it]
[Succeeded / Failed / Skipped / Total] 6 / 15 / 4 / 25:  13%|█▎        | 26/200 [01:40<11:15,  3.88s/it]
[Succeeded / Failed / Skipped / Total] 7 / 15 / 4 / 26:  13%|█▎        | 26/200 [01:40<11:15,  3.88s/it]
[Succeeded / Failed / Skipped / Total] 7 / 15 / 4 / 26:  14%|█▎        | 27/200 [01:45<11:17,  3.92s/it]
[Succeeded / Failed / Skipped / Total] 7 / 16 / 4 / 27:  14%|█▎        | 27/200 [01:45<11:17,  3.92s/it]
[Succeeded / Failed / Skipped / Total] 7 / 16 / 4 / 27:  14%|█▍        | 28/200 [01:49<11:10,  3.90s/it]
[Succeeded / Failed / Skipped / Total] 7 / 17 / 4 / 28:  14%|█▍        | 28/200 [01:49<11:11,  3.90s/it]
[Succeeded / Failed / Skipped / Total] 7 / 17 / 4 / 28:  14%|█▍        | 29/200 [01:53<11:06,  3.90s/it]
[Succeeded / Failed / Skipped / Total] 7 / 18 / 4 / 29:  14%|█▍        | 29/200 [01:53<11:06,  3.90s/it]
[Succeeded / Failed / Skipped / Total] 7 / 18 / 4 / 29:  15%|█▌        | 30/200 [01:53<10:41,  3.77s/it]
[Succeeded / Failed / Skipped / Total] 7 / 18 / 5 / 30:  15%|█▌        | 30/200 [01:53<10:41,  3.77s/it]
[Succeeded / Failed / Skipped / Total] 7 / 18 / 5 / 30:  16%|█▌        | 31/200 [01:58<10:43,  3.81s/it]
[Succeeded / Failed / Skipped / Total] 8 / 18 / 5 / 31:  16%|█▌        | 31/200 [01:58<10:43,  3.81s/it]
[Succeeded / Failed / Skipped / Total] 8 / 18 / 5 / 31:  16%|█▌        | 32/200 [02:01<10:38,  3.80s/it]
[Succeeded / Failed / Skipped / Total] 8 / 19 / 5 / 32:  16%|█▌        | 32/200 [02:01<10:38,  3.80s/it]
[Succeeded / Failed / Skipped / Total] 8 / 19 / 5 / 32:  16%|█▋        | 33/200 [02:04<10:30,  3.78s/it]
[Succeeded / Failed / Skipped / Total] 8 / 20 / 5 / 33:  16%|█▋        | 33/200 [02:04<10:30,  3.78s/it]
[Succeeded / Failed / Skipped / Total] 8 / 20 / 5 / 33:  17%|█▋        | 34/200 [02:09<10:30,  3.80s/it]
[Succeeded / Failed / Skipped / Total] 8 / 21 / 5 / 34:  17%|█▋        | 34/200 [02:09<10:30,  3.80s/it]
[Succeeded / Failed / Skipped / Total] 8 / 21 / 5 / 34:  18%|█▊        | 35/200 [02:13<10:27,  3.80s/it]
[Succeeded / Failed / Skipped / Total] 8 / 22 / 5 / 35:  18%|█▊        | 35/200 [02:13<10:27,  3.80s/it]
[Succeeded / Failed / Skipped / Total] 8 / 22 / 5 / 35:  18%|█▊        | 36/200 [02:16<10:22,  3.79s/it]
[Succeeded / Failed / Skipped / Total] 8 / 23 / 5 / 36:  18%|█▊        | 36/200 [02:16<10:22,  3.79s/it]
[Succeeded / Failed / Skipped / Total] 8 / 23 / 5 / 36:  18%|█▊        | 37/200 [02:22<10:27,  3.85s/it]
[Succeeded / Failed / Skipped / Total] 9 / 23 / 5 / 37:  18%|█▊        | 37/200 [02:22<10:27,  3.85s/it]
[Succeeded / Failed / Skipped / Total] 9 / 23 / 5 / 37:  19%|█▉        | 38/200 [02:28<10:34,  3.92s/it][[2 (93%)]] --> [[[FAILED]]]

Judge blocks record libel claim against Financial Times  LONDON (AFP) - A judge at the London High Court struck out the bulk of a record libel damages claim of 240 million pounds (345 million euros, 434 million dollars) against the Financial Times by stockbroker Collins Stewart Tullet.


--------------------------------------------- Result 21 ---------------------------------------------
[[2 (48%)]] --> [[[SKIPPED]]]

FEC Elects Chairman, Vice Chairman (AP)  AP - The Federal Election Commission on Thursday elected a new chairman and vice chairman, choosing as its leaders two members who pushed unsuccessfully for tougher limits on partisan political groups.


--------------------------------------------- Result 22 ---------------------------------------------
[[1 (100%)]] --> [[[FAILED]]]

NBA Game Summary - Denver at Miami  Miami, FL (Sports Network) - Shaquille O #39;Neal had 20 points, 10 rebounds, seven assists and three blocks and Dwyane Wade led all scorers with 25 points, as the Miami Heat downed the Denver Nuggets, 107-100.


--------------------------------------------- Result 23 ---------------------------------------------
[[0 (99%)]] --> [[3 (37%)]]

New Rebel Factions Emerge in Darfur  [[New]] rebel factions have emerged in western Sudan, complicating peace talks on the conflict in Darfur. The UN special representative for Darfur, Jan Pronk, says he thinks the new groups are [[serious]] and [[need]] to be [[taken]] into [[consideration]].

New Rebel Factions Emerge in Darfur  [[Nw]] rebel factions have emerged in western Sudan, complicating peace talks on the conflict in Darfur. The UN special representative for Darfur, Jan Pronk, says he thinks the new groups are [[Terious]] and [[neeU]] to be [[taLen]] into [[coInsideration]].


--------------------------------------------- Result 24 ---------------------------------------------
[[2 (90%)]] --> [[3 (53%)]]

Ryder Quarterly Earnings Up   [[NEW]] YORK (Reuters) - Ryder System Inc. &lt;A HREF="http://www.investor.reuters.com/FullQuote.aspx?ticker=R.N target=/stocks/quickinfo/fullquote"&gt;R.N&lt;/A&gt; on Monday  reported an increase in quarterly net profit amid increased  demand for transport services, especially in its fleet  management division.

Ryder Quarterly Earnings Up   [[ENW]] YORK (Reuters) - Ryder System Inc. &lt;A HREF="http://www.investor.reuters.com/FullQuote.aspx?ticker=R.N target=/stocks/quickinfo/fullquote"&gt;R.N&lt;/A&gt; on Monday  reported an increase in quarterly net profit amid increased  demand for transport services, especially in its fleet  management division.


--------------------------------------------- Result 25 ---------------------------------------------
[[2 (99%)]] --> [[[FAILED]]]

US Airways Pilots Approve 18 Pay Cut  Five-year, \$1.8 billion cost-cutting contract approved Thursday also reduces retirement benefits, increases work hours and eliminates retiree medical coverage.


--------------------------------------------- Result 26 ---------------------------------------------
[[3 (69%)]] --> [[1 (45%)]]

The video iPod is coming, I hope  [[At]] Tuesday's unveiling of the iPod Photo, Steve Jobs repeated his contention that the iPod is the "wrong place" for video. I doubt he'll be saying that a year from now. Missing [[Links]]

The video iPod is coming, I hope  [[tA]] Tuesday's unveiling of the iPod Photo, Steve Jobs repeated his contention that the iPod is the "wrong place" for video. I doubt he'll be saying that a year from now. Missing [[inks]]


--------------------------------------------- Result 27 ---------------------------------------------
[[1 (99%)]] --> [[[FAILED]]]

Arsenal boss Wenger has keeper worries  Arsenal bounced back to winning ways with a comfortable 3-0 victory over struggling Birmingham City yesterday. A brace from Thierry Henry came after Robert Pires #39; opener, but it was the shaky Premiership debut 


--------------------------------------------- Result 28 ---------------------------------------------
[[1 (100%)]] --> [[[FAILED]]]

Hornets' Davis Out with Back Injury (Reuters)  Reuters - New Orleans Hornets guard\Baron Davis is expected to be sidelined one-to-two weeks\because of a lower back injury.


--------------------------------------------- Result 29 ---------------------------------------------
[[1 (68%)]] --> [[[FAILED]]]

Milan Mandaric statement   quot;Over the past two-and-a-half years the football club have currently paid 11.5million on transfer fees, loan fees and appearance payments to clubs for 25 players.


--------------------------------------------- Result 30 ---------------------------------------------
[[3 (98%)]] --> [[[SKIPPED]]]

Crude Oil Ekes Out Small Bounce   SINGAPORE (Reuters) - Battered oil prices struggled on  Friday to shake off this week's \$6 slump, edging up from a  12-week low after a massive round of selling triggered by  easing worries about winter supply.


--------------------------------------------- Result 31 ---------------------------------------------
[[0 (82%)]] --> [[1 (52%)]]

First [[Black]] Watch troops move north to Sunni Triangle  BAGHDAD, Iraq An advance party of [[British]] soldiers has arrived at its new base near Baghdad. The small group from the Scottish Black Watch regiment set up base camp south of the capital, according to a pool report made to British media.

First [[BlaTck]] Watch troops move north to Sunni Triangle  BAGHDAD, Iraq An advance party of [[tritish]] soldiers has arrived at its new base near Baghdad. The small group from the Scottish Black Watch regiment set up base camp south of the capital, according to a pool report made to British media.


--------------------------------------------- Result 32 ---------------------------------------------
[[3 (76%)]] --> [[[FAILED]]]

Climax to show off Avalon to US publishers   #39;Project Avalon #39; becomes just plain Avalon; developer will show playable prototype of next-generation shooter to American execs.


--------------------------------------------- Result 33 ---------------------------------------------
[[3 (100%)]] --> [[[FAILED]]]

Intel Helps Asian PC Partners Ship With Linux (TechWeb)  TechWeb - Chipmaker provides Linux tools to reach growing market there.


--------------------------------------------- Result 34 ---------------------------------------------
[[2 (94%)]] --> [[[FAILED]]]

Options expensing delay not enough,say US senators  A group of Republican senators vowed on Thursday to use the closing days of Congress this year to try and stop accounting rulemakers from requiring the expensing of stock options.


--------------------------------------------- Result 35 ---------------------------------------------
[[1 (100%)]] --> [[[FAILED]]]

Memphis activates guard Williams  Memphis, TN (Sports Network) - The Memphis Grizzlies on Wednesday activated point guard Jason Williams from the injured list, while placing guard Antonio Burks on the IL.


--------------------------------------------- Result 36 ---------------------------------------------
[[1 (99%)]] --> [[[FAILED]]]

Lehman aims for players with passion  AMELIA ISLAND - Tom Lehman had yet to officially take the job as the next US Ryder Cup captain, and already his phone was ringing.


--------------------------------------------- Result 37 ---------------------------------------------
[[3 (92%)]] --> [[1 (45%)]]

[[Nations]] [[Use]] Net to Spy, Plot Attacks Ex-Bush Aide (Reuters)  [[Reuters]] - The world's most [[advanced]]\military powers are using the Internet to spy on their enemies\and prepare digital attacks against rogue targets, a leading\[[cyber]] security expert said on Friday.

[[ations]] [[Ue]] Net to Spy, Plot Attacks Ex-Bush Aide (Reuters)  [[Ruters]] - The world's most [[davanced]]\military powers are using the Internet to spy on their enemies\and prepare digital attacks against rogue targets, a leading\[[cRber]] security expert said on Friday.


--------------------------------------------- Result 38 ---------------------------------------------

[Succeeded / Failed / Skipped / Total] 9 / 24 / 5 / 38:  19%|█▉        | 38/200 [02:28<10:34,  3.92s/it]
[Succeeded / Failed / Skipped / Total] 9 / 24 / 5 / 38:  20%|█▉        | 39/200 [02:32<10:29,  3.91s/it]
[Succeeded / Failed / Skipped / Total] 9 / 25 / 5 / 39:  20%|█▉        | 39/200 [02:32<10:29,  3.91s/it]
[Succeeded / Failed / Skipped / Total] 9 / 25 / 5 / 39:  20%|██        | 40/200 [02:32<10:10,  3.81s/it]
[Succeeded / Failed / Skipped / Total] 9 / 25 / 6 / 40:  20%|██        | 40/200 [02:32<10:10,  3.81s/it]
[Succeeded / Failed / Skipped / Total] 9 / 25 / 6 / 40:  20%|██        | 41/200 [02:36<10:05,  3.81s/it]
[Succeeded / Failed / Skipped / Total] 10 / 25 / 6 / 41:  20%|██        | 41/200 [02:36<10:05,  3.81s/it]
[Succeeded / Failed / Skipped / Total] 10 / 25 / 6 / 41:  21%|██        | 42/200 [02:39<10:00,  3.80s/it]
[Succeeded / Failed / Skipped / Total] 10 / 26 / 6 / 42:  21%|██        | 42/200 [02:39<10:00,  3.80s/it]
[Succeeded / Failed / Skipped / Total] 10 / 26 / 6 / 42:  22%|██▏       | 43/200 [02:44<10:01,  3.83s/it]
[Succeeded / Failed / Skipped / Total] 11 / 26 / 6 / 43:  22%|██▏       | 43/200 [02:44<10:01,  3.83s/it]
[Succeeded / Failed / Skipped / Total] 11 / 26 / 6 / 43:  22%|██▏       | 44/200 [02:44<09:44,  3.74s/it]
[Succeeded / Failed / Skipped / Total] 11 / 26 / 7 / 44:  22%|██▏       | 44/200 [02:44<09:44,  3.74s/it]
[Succeeded / Failed / Skipped / Total] 11 / 26 / 7 / 44:  22%|██▎       | 45/200 [02:49<09:42,  3.76s/it]
[Succeeded / Failed / Skipped / Total] 11 / 27 / 7 / 45:  22%|██▎       | 45/200 [02:49<09:42,  3.76s/it]
[Succeeded / Failed / Skipped / Total] 11 / 27 / 7 / 45:  23%|██▎       | 46/200 [02:52<09:36,  3.74s/it]
[Succeeded / Failed / Skipped / Total] 12 / 27 / 7 / 46:  23%|██▎       | 46/200 [02:52<09:36,  3.74s/it]
[Succeeded / Failed / Skipped / Total] 12 / 27 / 7 / 46:  24%|██▎       | 47/200 [02:57<09:39,  3.79s/it]
[Succeeded / Failed / Skipped / Total] 12 / 28 / 7 / 47:  24%|██▎       | 47/200 [02:57<09:39,  3.79s/it]
[Succeeded / Failed / Skipped / Total] 12 / 28 / 7 / 47:  24%|██▍       | 48/200 [03:02<09:37,  3.80s/it]
[Succeeded / Failed / Skipped / Total] 12 / 29 / 7 / 48:  24%|██▍       | 48/200 [03:02<09:37,  3.80s/it]
[Succeeded / Failed / Skipped / Total] 12 / 29 / 7 / 48:  24%|██▍       | 49/200 [03:02<09:22,  3.72s/it]
[Succeeded / Failed / Skipped / Total] 12 / 29 / 8 / 49:  24%|██▍       | 49/200 [03:02<09:22,  3.72s/it]
[Succeeded / Failed / Skipped / Total] 12 / 29 / 8 / 49:  25%|██▌       | 50/200 [03:06<09:20,  3.74s/it]
[Succeeded / Failed / Skipped / Total] 13 / 29 / 8 / 50:  25%|██▌       | 50/200 [03:06<09:20,  3.74s/it]
[Succeeded / Failed / Skipped / Total] 13 / 29 / 8 / 50:  26%|██▌       | 51/200 [03:06<09:06,  3.66s/it]
[Succeeded / Failed / Skipped / Total] 13 / 29 / 9 / 51:  26%|██▌       | 51/200 [03:06<09:06,  3.66s/it]
[Succeeded / Failed / Skipped / Total] 13 / 29 / 9 / 51:  26%|██▌       | 52/200 [03:10<09:01,  3.66s/it]
[Succeeded / Failed / Skipped / Total] 14 / 29 / 9 / 52:  26%|██▌       | 52/200 [03:10<09:01,  3.66s/it]
[Succeeded / Failed / Skipped / Total] 14 / 29 / 9 / 52:  26%|██▋       | 53/200 [03:14<09:00,  3.68s/it]
[Succeeded / Failed / Skipped / Total] 14 / 30 / 9 / 53:  26%|██▋       | 53/200 [03:14<09:00,  3.68s/it]
[Succeeded / Failed / Skipped / Total] 14 / 30 / 9 / 53:  27%|██▋       | 54/200 [03:20<09:01,  3.71s/it]
[Succeeded / Failed / Skipped / Total] 14 / 31 / 9 / 54:  27%|██▋       | 54/200 [03:20<09:01,  3.71s/it]
[Succeeded / Failed / Skipped / Total] 14 / 31 / 9 / 54:  28%|██▊       | 55/200 [03:24<08:58,  3.71s/it]
[Succeeded / Failed / Skipped / Total] 14 / 32 / 9 / 55:  28%|██▊       | 55/200 [03:24<08:58,  3.71s/it]
[Succeeded / Failed / Skipped / Total] 14 / 32 / 9 / 55:  28%|██▊       | 56/200 [03:29<08:58,  3.74s/it][[0 (98%)]] --> [[[FAILED]]]

Saddam #39;s aides set to go on trial  Trials of some of Saddam Hussein #39;s aides will begin next week, Iraqi interim Prime Minister Iyad Allawi said. Speaking to Iraq #39;s National Council, he did not name the lieutenants that would go on trial or say when Saddam himself would appear in court.


--------------------------------------------- Result 39 ---------------------------------------------
[[3 (99%)]] --> [[[FAILED]]]

Japanese Researchers 'Tap' Mushrooms for Rubber (Reuters)  Reuters - Japanese researchers say they have\produced rubber from a natural substance extracted from an\edible, wild mushroom commonly found in the country.


--------------------------------------------- Result 40 ---------------------------------------------
[[0 (71%)]] --> [[[SKIPPED]]]

Russia #39;s Putin Defends Reforms, Worries About Clans  Russian President Vladimir Putin said on Thursday he had no plans to grab more power or change the constitution when reforming Russia #39;s government structure.


--------------------------------------------- Result 41 ---------------------------------------------
[[2 (69%)]] --> [[3 (67%)]]

[[Pfizer]] Sends Out Update On Drug Bextra  Pfizer Inc. said Friday that it will provide health-care professionals with additional information about its Bextra arthritis drug and that it will conduct further studies to confirm the drug #39;s long-term cardiovascular safety record.

[[Pifzer]] Sends Out Update On Drug Bextra  Pfizer Inc. said Friday that it will provide health-care professionals with additional information about its Bextra arthritis drug and that it will conduct further studies to confirm the drug #39;s long-term cardiovascular safety record.


--------------------------------------------- Result 42 ---------------------------------------------
[[1 (100%)]] --> [[[FAILED]]]

Eagles 27, Giants 6  EAST RUTHERFORD, NJ - The Philadelphia Eagles won a fourth consecutive NFC East title by making Eli Manning look very much like a rookie.


--------------------------------------------- Result 43 ---------------------------------------------
[[1 (91%)]] --> [[3 (63%)]]

Martin #39;s Tour de Corse win hands WRC [[title]] to [[Loeb]]  Motorsport.com. Markko Martin dominated the this year #39;s edition of the legendary Tour de Corse rally, the [[14th]] round of the 2004 World Rally [[Championship]].

Martin #39;s Tour de Corse win hands WRC [[titlx]] to [[LoeBb]]  Motorsport.com. Markko Martin dominated the this year #39;s edition of the legendary Tour de Corse rally, the [[1r4th]] round of the 2004 World Rally [[ChampionshGp]].


--------------------------------------------- Result 44 ---------------------------------------------
[[2 (90%)]] --> [[[SKIPPED]]]

MicroStrategy Turnover Draws Analyst Scrutiny  MicroStrategy Inc. said yesterday that president and chief financial officer Eric F. Brown had resigned and that founder Michael J. Saylor would again hold the company's top three jobs, prompting some analysts to raise concerns about the company's stock.


--------------------------------------------- Result 45 ---------------------------------------------
[[1 (100%)]] --> [[[FAILED]]]

Sugar Shane Not so Sweet  (November 21, 2004). Ronald Winky Wright successfully defended his 154 lb. title for the sixth time in the highly anticipated rematch with the formerly sweet Sugar Shane Mosley 


--------------------------------------------- Result 46 ---------------------------------------------
[[2 (46%)]] --> [[1 (44%)]]

Delta, pilots OK deal  [[Union]] officials representing 7,500 pilots at Delta Air Lines said Wednesday night they have reached a cost-cutting agreement with management, which presumably could halt, or at least 

Delta, pilots OK deal  [[Uinon]] officials representing 7,500 pilots at Delta Air Lines said Wednesday night they have reached a cost-cutting agreement with management, which presumably could halt, or at least 


--------------------------------------------- Result 47 ---------------------------------------------
[[0 (78%)]] --> [[[FAILED]]]

Blast kills at least three in crowded market in southern &lt;b&gt;...&lt;/b&gt;  MANILA, Philippines At least three people have been killed and several injured in a powerful explosion at a crowded public market in the southern Philippines.


--------------------------------------------- Result 48 ---------------------------------------------
[[0 (93%)]] --> [[[FAILED]]]

Australia comdemns apparent killing of aid worker in Iraq  Australia #39;s Foreign Minister, Alexander Downer, says the apparent murder in Iraq of aid worker, Margaret Hassan, is a heinous and inexcusable crime.


--------------------------------------------- Result 49 ---------------------------------------------
[[1 (45%)]] --> [[[SKIPPED]]]

Soy-Fertility Risk Downplayed  (WebMD) Eating a diet rich in soy or taking soy supplements probably won #39;t harm a woman #39;s fertility, according to a new study.


--------------------------------------------- Result 50 ---------------------------------------------
[[1 (95%)]] --> [[3 (54%)]]

The Newest [[Hope]] ; Marriage of Necessity Just Might Work Out  NEW YORK - The TV lights were on, the cameras rolled and the symphony of [[cameras]] flashing in his face blinded [[Pedro]] Martinez - but not for [[long]].

The Newest [[HDpe]] ; Marriage of Necessity Just Might Work Out  NEW YORK - The TV lights were on, the cameras rolled and the symphony of [[camerCs]] flashing in his face blinded [[PedrS]] Martinez - but not for [[luong]].


--------------------------------------------- Result 51 ---------------------------------------------
[[2 (72%)]] --> [[[SKIPPED]]]

Microsoft sues over fake labels  Microsoft has sued eight US computer resellers who it says bought or sold counterfeit Certificate of Authenticity labels or genuine labels that had been separated from their related software, all in breach of copyright and trade mark laws.


--------------------------------------------- Result 52 ---------------------------------------------
[[0 (60%)]] --> [[1 (78%)]]

Two [[US]] soldiers killed  KABUL -- Two US soldiers died and another was injured when a bomb ripped through their patrol in southern Afghanistan yesterday. The troops were attacked near Deh Rawood, a town 400 km southwest of Kabul where 

Two [[SU]] soldiers killed  KABUL -- Two US soldiers died and another was injured when a bomb ripped through their patrol in southern Afghanistan yesterday. The troops were attacked near Deh Rawood, a town 400 km southwest of Kabul where 


--------------------------------------------- Result 53 ---------------------------------------------
[[1 (100%)]] --> [[[FAILED]]]

Mauresmo confident of LA victory  Amelie Mauresmo insists she can win the Tour Championships this week and finish the year as world number one. The Frenchwoman could overtake Lindsay Davenport with a win in Los Angeles.


--------------------------------------------- Result 54 ---------------------------------------------
[[1 (100%)]] --> [[[FAILED]]]

Federer to meet Hewitt in Masters Cup final  Houston, TX (Sports Network) - World No. 1 Roger Federer of Switzerland and third-seeded Lleyton Hewitt each posted straight-set wins and advanced to Sunday #39;s final at the lucrative 2004 Tennis Masters Cup.


--------------------------------------------- Result 55 ---------------------------------------------
[[3 (98%)]] --> [[[FAILED]]]

Adobe Gets High Marks for Photo Fixes  Among three digital photography repair programs, Adobe Elements is cited as providing the right amount of features and commands while maintaining user simplicity.


--------------------------------------------- Result 56 ---------------------------------------------

[Succeeded / Failed / Skipped / Total] 15 / 32 / 9 / 56:  28%|██▊       | 56/200 [03:29<08:58,  3.74s/it]
[Succeeded / Failed / Skipped / Total] 15 / 32 / 9 / 56:  28%|██▊       | 57/200 [03:33<08:55,  3.74s/it]
[Succeeded / Failed / Skipped / Total] 15 / 33 / 9 / 57:  28%|██▊       | 57/200 [03:33<08:55,  3.74s/it]
[Succeeded / Failed / Skipped / Total] 15 / 33 / 9 / 57:  29%|██▉       | 58/200 [03:37<08:52,  3.75s/it]
[Succeeded / Failed / Skipped / Total] 15 / 34 / 9 / 58:  29%|██▉       | 58/200 [03:37<08:52,  3.75s/it]
[Succeeded / Failed / Skipped / Total] 15 / 34 / 9 / 58:  30%|██▉       | 59/200 [03:41<08:50,  3.76s/it]
[Succeeded / Failed / Skipped / Total] 15 / 35 / 9 / 59:  30%|██▉       | 59/200 [03:41<08:50,  3.76s/it]
[Succeeded / Failed / Skipped / Total] 15 / 35 / 9 / 59:  30%|███       | 60/200 [03:46<08:47,  3.77s/it]
[Succeeded / Failed / Skipped / Total] 15 / 36 / 9 / 60:  30%|███       | 60/200 [03:46<08:47,  3.77s/it]
[Succeeded / Failed / Skipped / Total] 15 / 36 / 9 / 60:  30%|███       | 61/200 [03:46<08:35,  3.71s/it]
[Succeeded / Failed / Skipped / Total] 15 / 36 / 10 / 61:  30%|███       | 61/200 [03:46<08:35,  3.71s/it]
[Succeeded / Failed / Skipped / Total] 15 / 36 / 10 / 61:  31%|███       | 62/200 [03:51<08:35,  3.74s/it]
[Succeeded / Failed / Skipped / Total] 15 / 37 / 10 / 62:  31%|███       | 62/200 [03:51<08:35,  3.74s/it]
[Succeeded / Failed / Skipped / Total] 15 / 37 / 10 / 62:  32%|███▏      | 63/200 [03:56<08:33,  3.75s/it]
[Succeeded / Failed / Skipped / Total] 15 / 38 / 10 / 63:  32%|███▏      | 63/200 [03:56<08:33,  3.75s/it]
[Succeeded / Failed / Skipped / Total] 15 / 38 / 10 / 63:  32%|███▏      | 64/200 [03:59<08:28,  3.74s/it]
[Succeeded / Failed / Skipped / Total] 16 / 38 / 10 / 64:  32%|███▏      | 64/200 [03:59<08:28,  3.74s/it]
[Succeeded / Failed / Skipped / Total] 16 / 38 / 10 / 64:  32%|███▎      | 65/200 [04:03<08:26,  3.75s/it]
[Succeeded / Failed / Skipped / Total] 16 / 39 / 10 / 65:  32%|███▎      | 65/200 [04:03<08:26,  3.75s/it]
[Succeeded / Failed / Skipped / Total] 16 / 39 / 10 / 65:  33%|███▎      | 66/200 [04:13<08:34,  3.84s/it]
[Succeeded / Failed / Skipped / Total] 17 / 39 / 10 / 66:  33%|███▎      | 66/200 [04:13<08:34,  3.84s/it]
[Succeeded / Failed / Skipped / Total] 17 / 39 / 10 / 66:  34%|███▎      | 67/200 [04:17<08:30,  3.84s/it]
[Succeeded / Failed / Skipped / Total] 18 / 39 / 10 / 67:  34%|███▎      | 67/200 [04:17<08:30,  3.84s/it]
[Succeeded / Failed / Skipped / Total] 18 / 39 / 10 / 67:  34%|███▍      | 68/200 [04:21<08:27,  3.85s/it]
[Succeeded / Failed / Skipped / Total] 18 / 40 / 10 / 68:  34%|███▍      | 68/200 [04:21<08:27,  3.85s/it]
[Succeeded / Failed / Skipped / Total] 18 / 40 / 10 / 68:  34%|███▍      | 69/200 [04:26<08:25,  3.86s/it]
[Succeeded / Failed / Skipped / Total] 18 / 41 / 10 / 69:  34%|███▍      | 69/200 [04:26<08:25,  3.86s/it]
[Succeeded / Failed / Skipped / Total] 18 / 41 / 10 / 69:  35%|███▌      | 70/200 [04:34<08:29,  3.92s/it]
[Succeeded / Failed / Skipped / Total] 19 / 41 / 10 / 70:  35%|███▌      | 70/200 [04:34<08:29,  3.92s/it]
[Succeeded / Failed / Skipped / Total] 19 / 41 / 10 / 70:  36%|███▌      | 71/200 [04:34<08:18,  3.87s/it]
[Succeeded / Failed / Skipped / Total] 19 / 41 / 11 / 71:  36%|███▌      | 71/200 [04:34<08:18,  3.87s/it]
[Succeeded / Failed / Skipped / Total] 19 / 41 / 11 / 71:  36%|███▌      | 72/200 [04:41<08:19,  3.90s/it][[2 (99%)]] --> [[3 (54%)]]

Eli [[Lilly]] to Cut [[575]] US Jobs  Eli Lilly and Co. (LLY.N: [[Quote]], Profile, Research) said Thursday it [[plans]] to cut [[575]] jobs, or a little more than 2 percent of its US workforce, in a move to streamline its operations.

Eli [[Lilyl]] to Cut [[57k5]] US Jobs  Eli Lilly and Co. (LLY.N: [[Qpote]], Profile, Research) said Thursday it [[phans]] to cut [[57L5]] jobs, or a little more than 2 percent of its US workforce, in a move to streamline its operations.


--------------------------------------------- Result 57 ---------------------------------------------
[[1 (97%)]] --> [[[FAILED]]]

It's not sitting well with Mientkiewicz  Since his arrival in Boston at the trading deadline, Doug Mientkiewicz has bought into the Red Sox' team concept, accepting his role as a defensive replacement.


--------------------------------------------- Result 58 ---------------------------------------------
[[1 (100%)]] --> [[[FAILED]]]

Coleman Enjoys Fulhams Battling Display  Fulham manager Chris Coleman was delighted with his side #39;s second-half performance, which brought them a hard-earned point in a 1-1 draw against Manchester United at Craven Cottage.


--------------------------------------------- Result 59 ---------------------------------------------
[[3 (97%)]] --> [[[FAILED]]]

This week in open-source news  Adobe quietly begins testing the waters to increase its involvement in desktop Linux. Also: Open-source Web browsers Mozilla and Firefox post gains over Microsoft's Internet Explorer.


--------------------------------------------- Result 60 ---------------------------------------------
[[3 (100%)]] --> [[[FAILED]]]

ATI launches chipset for AMD desktops  ATI Technologies on Monday delivered the Radeon Xpress 200, a new chipset for desktops using Advanced Micro Devices #39; Athlon 64 and other eighth-generation processors.


--------------------------------------------- Result 61 ---------------------------------------------
[[3 (76%)]] --> [[[SKIPPED]]]

Automakers sue California over emissions  FRESNO, Calif. -- Automobile manufacturers sued on Tuesday to block the world #39;s toughest vehicle emissions standards, adopted by California regulators in September to cut greenhouse gases.


--------------------------------------------- Result 62 ---------------------------------------------
[[3 (93%)]] --> [[[FAILED]]]

Microsoft reworks antispam spec to silence critics  com October 25, 2004, 6:49 PM PT. This priority retains its ranking at number five as more and more companies deploy Web Services to share business logic, data and processes with each other and with clients.


--------------------------------------------- Result 63 ---------------------------------------------
[[3 (68%)]] --> [[[FAILED]]]

NASA  #39;scramjet #39; makes historic flight off California  LOS ANGELES NASA #39;s unmanned  quot;scramjet quot; proved it #39;s small but it #39;s fast -- in a record-breaking demonstration above the Pacific Ocean.


--------------------------------------------- Result 64 ---------------------------------------------
[[2 (85%)]] --> [[1 (49%)]]

Board with Mukesh: Reliance  Mumbai, Nov. 26: Mukesh Ambani apparently commands the [[full]] support of the [[board]] on all recent decisions, including the controversial one that elevated him to the final authority in the group.

Board with Mukesh: Reliance  Mumbai, Nov. 26: Mukesh Ambani apparently commands the [[fjll]] support of the [[boxrd]] on all recent decisions, including the controversial one that elevated him to the final authority in the group.


--------------------------------------------- Result 65 ---------------------------------------------
[[3 (89%)]] --> [[[FAILED]]]

Liberty Alliance names first director, new members  The Liberty Alliance Project signalled that it expects to have longevity when it comes to developing and promoting federated identity standards by naming its first executive director on Monday.


--------------------------------------------- Result 66 ---------------------------------------------
[[3 (79%)]] --> [[1 (38%)]]

Fellowship of the [[Customized]]  Ring Tone  [[In]] a short time, in a public way -- while on Metro, or in line at Starbucks, or inside a movie theater -- [[ring]] tones signal who you are. Or who you want people to think you are.&lt;FONT face="verdana,MS Sans Serif,arial,helvetica" size="-2" color="#666666"&gt;&lt;B&gt;-[[The]] [[Washington]] [[Post]]&lt;/B&gt;&lt;/FONT&gt;

Fellowship of the [[Customied]]  Ring Tone  [[IF]] a short time, in a public way -- while on Metro, or in line at Starbucks, or inside a movie theater -- [[rin]] tones signal who you are. Or who you want people to think you are.&lt;FONT face="verdana,MS Sans Serif,arial,helvetica" size="-2" color="#666666"&gt;&lt;B&gt;-[[Te]] [[Washingto]] [[Pout]]&lt;/B&gt;&lt;/FONT&gt;


--------------------------------------------- Result 67 ---------------------------------------------
[[3 (85%)]] --> [[1 (48%)]]

[[FireFox]] [[Roars]] from the Gates  Tuesday, November 9, 2004 will likely go down in the history books as the day the browser wars officially started. Obviously things happened before today to get us to the point where there was a real, legitimate 

[[FireFoc]] [[RoJars]] from the Gates  Tuesday, November 9, 2004 will likely go down in the history books as the day the browser wars officially started. Obviously things happened before today to get us to the point where there was a real, legitimate 


--------------------------------------------- Result 68 ---------------------------------------------
[[0 (86%)]] --> [[[FAILED]]]

Colombia reveals plot to assassinate Bush  Colombian rebels plotted to assassinate George Bush during his brief stopover in the port of Cartagena last week, according to the country #39;s defence minister.


--------------------------------------------- Result 69 ---------------------------------------------
[[2 (94%)]] --> [[[FAILED]]]

Congress Asks SEC for Mutual Fund Study (Reuters)  Reuters - The U.S. Congress asked the\Securities and Exchange Commission on Saturday to send\lawmakers a report justifying a new rule forcing mutual fund\boards to have independent chairmen.


--------------------------------------------- Result 70 ---------------------------------------------
[[3 (77%)]] --> [[0 (37%)]]

[[Company]] [[launches]] Windows-only [[JFK]] [[Assassination]] [[game]] via online &[[lt]];b&gt;...&lt;/b&gt;   quot;A spokesman for the president #39;s brother, Sen. Edward M. Kennedy, D-Mass., called the game  #39;despicable. #39; The Glasgow-based firm Traffic said  quot;JFK Reloaded quot; was an educational  quot;docu-game quot; that would help disprove conspiracy theories about Kennedy #39;s death.

[[Compakny]] [[launcNes]] Windows-only [[JFhK]] [[Assassintion]] [[gtme]] via online &[[l]];b&gt;...&lt;/b&gt;   quot;A spokesman for the president #39;s brother, Sen. Edward M. Kennedy, D-Mass., called the game  #39;despicable. #39; The Glasgow-based firm Traffic said  quot;JFK Reloaded quot; was an educational  quot;docu-game quot; that would help disprove conspiracy theories about Kennedy #39;s death.


--------------------------------------------- Result 71 ---------------------------------------------
[[3 (91%)]] --> [[[SKIPPED]]]

Update 8: Crude Oil Futures Sink to \$46 Per Barrel  December delivery crude on the New York Mercantile Exchange dropped 76 cents to \$46.11 per barrel. The benchmark light, sweet crude remained about \$8 a barrel cheaper than its closing record of \$55.17 recorded Oct. 22 and Oct. 26.


--------------------------------------------- Result 72 ---------------------------------------------

[Succeeded / Failed / Skipped / Total] 20 / 41 / 11 / 72:  36%|███▌      | 72/200 [04:41<08:19,  3.90s/it]
[Succeeded / Failed / Skipped / Total] 20 / 41 / 11 / 72:  36%|███▋      | 73/200 [04:45<08:17,  3.91s/it]
[Succeeded / Failed / Skipped / Total] 21 / 41 / 11 / 73:  36%|███▋      | 73/200 [04:45<08:17,  3.91s/it]
[Succeeded / Failed / Skipped / Total] 21 / 41 / 11 / 73:  37%|███▋      | 74/200 [04:51<08:15,  3.93s/it]
[Succeeded / Failed / Skipped / Total] 22 / 41 / 11 / 74:  37%|███▋      | 74/200 [04:51<08:15,  3.93s/it]
[Succeeded / Failed / Skipped / Total] 22 / 41 / 11 / 74:  38%|███▊      | 75/200 [04:56<08:13,  3.95s/it]
[Succeeded / Failed / Skipped / Total] 22 / 42 / 11 / 75:  38%|███▊      | 75/200 [04:56<08:13,  3.95s/it]
[Succeeded / Failed / Skipped / Total] 22 / 42 / 11 / 75:  38%|███▊      | 76/200 [05:02<08:12,  3.97s/it]
[Succeeded / Failed / Skipped / Total] 22 / 43 / 11 / 76:  38%|███▊      | 76/200 [05:02<08:12,  3.97s/it]
[Succeeded / Failed / Skipped / Total] 22 / 43 / 11 / 76:  38%|███▊      | 77/200 [05:02<08:02,  3.92s/it]
[Succeeded / Failed / Skipped / Total] 22 / 43 / 12 / 77:  38%|███▊      | 77/200 [05:02<08:02,  3.92s/it]
[Succeeded / Failed / Skipped / Total] 22 / 43 / 12 / 77:  39%|███▉      | 78/200 [05:06<07:59,  3.93s/it]
[Succeeded / Failed / Skipped / Total] 22 / 44 / 12 / 78:  39%|███▉      | 78/200 [05:06<07:59,  3.93s/it]
[Succeeded / Failed / Skipped / Total] 22 / 44 / 12 / 78:  40%|███▉      | 79/200 [05:10<07:54,  3.92s/it]
[Succeeded / Failed / Skipped / Total] 22 / 45 / 12 / 79:  40%|███▉      | 79/200 [05:10<07:54,  3.92s/it]
[Succeeded / Failed / Skipped / Total] 22 / 45 / 12 / 79:  40%|████      | 80/200 [05:10<07:45,  3.88s/it]
[Succeeded / Failed / Skipped / Total] 22 / 45 / 13 / 80:  40%|████      | 80/200 [05:10<07:45,  3.88s/it]
[Succeeded / Failed / Skipped / Total] 22 / 45 / 13 / 80:  40%|████      | 81/200 [05:14<07:42,  3.88s/it]
[Succeeded / Failed / Skipped / Total] 22 / 46 / 13 / 81:  40%|████      | 81/200 [05:14<07:42,  3.88s/it]
[Succeeded / Failed / Skipped / Total] 22 / 46 / 13 / 81:  41%|████      | 82/200 [05:19<07:39,  3.90s/it]
[Succeeded / Failed / Skipped / Total] 22 / 47 / 13 / 82:  41%|████      | 82/200 [05:19<07:39,  3.90s/it]
[Succeeded / Failed / Skipped / Total] 22 / 47 / 13 / 82:  42%|████▏     | 83/200 [05:24<07:37,  3.91s/it]
[Succeeded / Failed / Skipped / Total] 22 / 48 / 13 / 83:  42%|████▏     | 83/200 [05:24<07:37,  3.91s/it]
[Succeeded / Failed / Skipped / Total] 22 / 48 / 13 / 83:  42%|████▏     | 84/200 [05:28<07:34,  3.91s/it]
[Succeeded / Failed / Skipped / Total] 22 / 49 / 13 / 84:  42%|████▏     | 84/200 [05:28<07:34,  3.91s/it]
[Succeeded / Failed / Skipped / Total] 22 / 49 / 13 / 84:  42%|████▎     | 85/200 [05:28<07:25,  3.87s/it]
[Succeeded / Failed / Skipped / Total] 22 / 49 / 14 / 85:  42%|████▎     | 85/200 [05:28<07:25,  3.87s/it]
[Succeeded / Failed / Skipped / Total] 22 / 49 / 14 / 85:  43%|████▎     | 86/200 [05:33<07:21,  3.88s/it]
[Succeeded / Failed / Skipped / Total] 22 / 50 / 14 / 86:  43%|████▎     | 86/200 [05:33<07:21,  3.88s/it]
[Succeeded / Failed / Skipped / Total] 22 / 50 / 14 / 86:  44%|████▎     | 87/200 [05:38<07:19,  3.89s/it]
[Succeeded / Failed / Skipped / Total] 22 / 51 / 14 / 87:  44%|████▎     | 87/200 [05:38<07:19,  3.89s/it]
[Succeeded / Failed / Skipped / Total] 22 / 51 / 14 / 87:  44%|████▍     | 88/200 [05:45<07:19,  3.93s/it]
[Succeeded / Failed / Skipped / Total] 22 / 52 / 14 / 88:  44%|████▍     | 88/200 [05:45<07:19,  3.93s/it]
[Succeeded / Failed / Skipped / Total] 22 / 52 / 14 / 88:  44%|████▍     | 89/200 [05:49<07:16,  3.93s/it]
[Succeeded / Failed / Skipped / Total] 22 / 53 / 14 / 89:  44%|████▍     | 89/200 [05:49<07:16,  3.93s/it]
[Succeeded / Failed / Skipped / Total] 22 / 53 / 14 / 89:  45%|████▌     | 90/200 [05:52<07:11,  3.92s/it][[2 (53%)]] --> [[3 (49%)]]

[[Stocks]] Up After Sears Deal, HP Earnings   NEW YORK (Reuters) - U.S. stocks ended higher on Wednesday  after Kmart's plan to buy Sears in an \$11.5 billion deal was  announced and computer maker Hewlett-Packard Co. &lt;A HREF="http://www.investor.reuters.com/FullQuote.aspx?ticker=HPQ.N target=/stocks/quickinfo/fullquote"&gt;HPQ.N&lt;/A&gt; posted  solid earnings.

[[Stokcs]] Up After Sears Deal, HP Earnings   NEW YORK (Reuters) - U.S. stocks ended higher on Wednesday  after Kmart's plan to buy Sears in an \$11.5 billion deal was  announced and computer maker Hewlett-Packard Co. &lt;A HREF="http://www.investor.reuters.com/FullQuote.aspx?ticker=HPQ.N target=/stocks/quickinfo/fullquote"&gt;HPQ.N&lt;/A&gt; posted  solid earnings.


--------------------------------------------- Result 73 ---------------------------------------------
[[1 (85%)]] --> [[0 (51%)]]

[[Plane]] [[crash]] [[kills]] 10 close to racing  MARTINSVILLE, Va. -- A Hendrick Motorsports plane crashed yesterday on its way to a NASCAR race, killing all 10 people aboard, including the son, brother and two nieces of the owner of one of auto racing's most successful organizations.

[[lPane]] [[crsah]] [[kilsl]] 10 close to racing  MARTINSVILLE, Va. -- A Hendrick Motorsports plane crashed yesterday on its way to a NASCAR race, killing all 10 people aboard, including the son, brother and two nieces of the owner of one of auto racing's most successful organizations.


--------------------------------------------- Result 74 ---------------------------------------------
[[3 (91%)]] --> [[2 (52%)]]

[[Tesco]] [[To]] [[Sell]] Downloadable Tunes  [[Tesco]] aint daft, theyve done the insurance blag and now they getting stuck into the music downloading service. They will be the first supermarket to enter a market that is worth over 25million and is currently dominated by the Apple run [[iTunes]].

[[esco]] [[Jo]] [[Seull]] Downloadable Tunes  [[TeKsco]] aint daft, theyve done the insurance blag and now they getting stuck into the music downloading service. They will be the first supermarket to enter a market that is worth over 25million and is currently dominated by the Apple run [[Tiunes]].


--------------------------------------------- Result 75 ---------------------------------------------
[[1 (98%)]] --> [[[FAILED]]]

Holyfield #39;s effort to unify heavyweight title running out of time  Evander Holyfield just doesn #39;t get it. He #39;s beyond old for a fighter and seemingly hasn #39;t been able to punch his way out of a paper bag in years.


--------------------------------------------- Result 76 ---------------------------------------------
[[3 (98%)]] --> [[[FAILED]]]

mmO2: i-mode launch looks certain  mmO2 and NTT DoCoMo are reportedly planning to launch a UK i-mode mobile service. November 26, 2004 4:35 PM GMT (Datamonitor) - The much-touted tie-up between NTT DoCoMo and mmO2 to bring i-mode mobile content to the UK looks to be a done deal.


--------------------------------------------- Result 77 ---------------------------------------------
[[3 (81%)]] --> [[[SKIPPED]]]

Panel: U.S. Must Diversify Oil Supplies   WASHINGTON (Reuters) - The United States must  diversify  its global oil supplies, expand a world network of strategic  petroleum reserves and raise fuel efficiency standards to  ensure its energy security, a panel of experts will recommend  on Wednesday.


--------------------------------------------- Result 78 ---------------------------------------------
[[0 (98%)]] --> [[[FAILED]]]

Fresh violence mars Afghan vote count  A deadly explosion has hit a car carrying an election worker in southeastern Afghanistan. In all, five people were killed, including the worker identified as a local physician who helped organize the vote.


--------------------------------------------- Result 79 ---------------------------------------------
[[1 (100%)]] --> [[[FAILED]]]

England held up in Zimbabwe  Zimbabwe held up England #39;s charge as they battled to avert a series whitewash in the fourth one-day international in Bulawayo today.


--------------------------------------------- Result 80 ---------------------------------------------
[[1 (82%)]] --> [[[SKIPPED]]]

Rocky Legends; Tony Hawk's Underground 2; Nisus Writer Express 2.0; Surfsaver 6  This is the second Rocky video game in two years -- even though it's been 14 years since the last "Rocky" flick.


--------------------------------------------- Result 81 ---------------------------------------------
[[3 (99%)]] --> [[[FAILED]]]

Microsoft Issues IE Patch  (Article Central) Microsoft released its October batch of security advisories this week, with a number of  quot;critical quot; patches, including a significant fix for the Internet Explorer browser.


--------------------------------------------- Result 82 ---------------------------------------------
[[2 (98%)]] --> [[[FAILED]]]

Trade Gap Swells More Than Expected  The US trade deficit widened nearly 9 percent in October to a record \$55.5 billion as sky-high oil prices helped propel imports into uncharted territory, the government said on Tuesday.


--------------------------------------------- Result 83 ---------------------------------------------
[[0 (88%)]] --> [[[FAILED]]]

ASEAN to push Australia, New Zealand to sign non-aggression pact (AFP)  AFP - Southeast Asian foreign ministers said they would encourage Australia and New Zealand to accede to a non-aggression pact with their 10-nation ASEAN group that South Korea signed.


--------------------------------------------- Result 84 ---------------------------------------------
[[3 (82%)]] --> [[[FAILED]]]

NASA Cancels Hypersonic Flight  NASA scrubbed its mission Monday to launch a pilotless plane that is capable of flying at 10 times the speed of sound. The launch of the X-43A was canceled due to technical problems.


--------------------------------------------- Result 85 ---------------------------------------------
[[1 (98%)]] --> [[[SKIPPED]]]

Game Daze:  #39;Grand Theft Auto: San Andreas, #39;  #39;Midway Arcade &lt;b&gt;...&lt;/b&gt;  It #39;s violent. It #39;s profane and politically incorrect. It #39;s packed wall to wall with tough thugs doing terrible things.


--------------------------------------------- Result 86 ---------------------------------------------
[[1 (100%)]] --> [[[FAILED]]]

Ironman winner confirms she used drug  Nina Kraft, winner of last month #39;s Ironman Triathlon World Championship in Hawai #39;i, acknowledged yesterday that she had used the banned endurance-boosting drug EPO.


--------------------------------------------- Result 87 ---------------------------------------------
[[1 (96%)]] --> [[[FAILED]]]

Tigers #39; challenge: Win out or lose out  Satchel Paige said don #39;t look back because something might be gaining on you. Satch was a baseball pitcher, not a football coach.


--------------------------------------------- Result 88 ---------------------------------------------
[[1 (99%)]] --> [[[FAILED]]]

AUBURN 21, ALABAMA 13 Auburn #39;s Strong Second Half Keeps It in &lt;b&gt;...&lt;/b&gt;  For one half Saturday, the controversy over the Bowl Championship Series looked like it might disappear in the dampness of Bryant-Denny Stadium as undefeated Auburn found itself in a fight with archrival Alabama.


--------------------------------------------- Result 89 ---------------------------------------------
[[1 (100%)]] --> [[[FAILED]]]

UPDATE 1-Ronaldinho strikes to give Barca win over Milan  A brilliant late strike from Ronaldinho gave dominant Barcelona a 2-1 win over AC Milan in an epic Champions League contest at the Nou Camp on Tuesday.


--------------------------------------------- Result 90 ---------------------------------------------

[Succeeded / Failed / Skipped / Total] 23 / 53 / 14 / 90:  45%|████▌     | 90/200 [05:52<07:11,  3.92s/it]
[Succeeded / Failed / Skipped / Total] 23 / 53 / 14 / 90:  46%|████▌     | 91/200 [05:56<07:06,  3.91s/it]
[Succeeded / Failed / Skipped / Total] 24 / 53 / 14 / 91:  46%|████▌     | 91/200 [05:56<07:06,  3.91s/it]
[Succeeded / Failed / Skipped / Total] 24 / 53 / 14 / 91:  46%|████▌     | 92/200 [05:58<07:01,  3.90s/it]
[Succeeded / Failed / Skipped / Total] 24 / 54 / 14 / 92:  46%|████▌     | 92/200 [05:58<07:01,  3.90s/it]
[Succeeded / Failed / Skipped / Total] 24 / 54 / 14 / 92:  46%|████▋     | 93/200 [06:03<06:58,  3.91s/it]
[Succeeded / Failed / Skipped / Total] 24 / 55 / 14 / 93:  46%|████▋     | 93/200 [06:03<06:58,  3.91s/it]
[Succeeded / Failed / Skipped / Total] 24 / 55 / 14 / 93:  47%|████▋     | 94/200 [06:03<06:50,  3.87s/it]
[Succeeded / Failed / Skipped / Total] 24 / 55 / 15 / 94:  47%|████▋     | 94/200 [06:03<06:50,  3.87s/it]
[Succeeded / Failed / Skipped / Total] 24 / 55 / 15 / 94:  48%|████▊     | 95/200 [06:08<06:46,  3.87s/it]
[Succeeded / Failed / Skipped / Total] 24 / 56 / 15 / 95:  48%|████▊     | 95/200 [06:08<06:46,  3.87s/it]
[Succeeded / Failed / Skipped / Total] 24 / 56 / 15 / 95:  48%|████▊     | 96/200 [06:11<06:42,  3.87s/it]
[Succeeded / Failed / Skipped / Total] 24 / 57 / 15 / 96:  48%|████▊     | 96/200 [06:11<06:42,  3.87s/it]
[Succeeded / Failed / Skipped / Total] 24 / 57 / 15 / 96:  48%|████▊     | 97/200 [06:14<06:37,  3.86s/it]
[Succeeded / Failed / Skipped / Total] 24 / 58 / 15 / 97:  48%|████▊     | 97/200 [06:14<06:37,  3.86s/it]
[Succeeded / Failed / Skipped / Total] 24 / 58 / 15 / 97:  49%|████▉     | 98/200 [06:18<06:33,  3.86s/it]
[Succeeded / Failed / Skipped / Total] 24 / 59 / 15 / 98:  49%|████▉     | 98/200 [06:18<06:33,  3.86s/it]
[Succeeded / Failed / Skipped / Total] 24 / 59 / 15 / 98:  50%|████▉     | 99/200 [06:21<06:29,  3.86s/it]
[Succeeded / Failed / Skipped / Total] 24 / 60 / 15 / 99:  50%|████▉     | 99/200 [06:21<06:29,  3.86s/it]
[Succeeded / Failed / Skipped / Total] 24 / 60 / 15 / 99:  50%|█████     | 100/200 [06:25<06:25,  3.86s/it]
[Succeeded / Failed / Skipped / Total] 25 / 60 / 15 / 100:  50%|█████     | 100/200 [06:25<06:25,  3.86s/it]
[Succeeded / Failed / Skipped / Total] 25 / 60 / 15 / 100:  50%|█████     | 101/200 [06:29<06:21,  3.85s/it]
[Succeeded / Failed / Skipped / Total] 25 / 61 / 15 / 101:  50%|█████     | 101/200 [06:29<06:21,  3.85s/it]
[Succeeded / Failed / Skipped / Total] 25 / 61 / 15 / 101:  51%|█████     | 102/200 [06:33<06:17,  3.86s/it]
[Succeeded / Failed / Skipped / Total] 26 / 61 / 15 / 102:  51%|█████     | 102/200 [06:33<06:17,  3.86s/it]
[Succeeded / Failed / Skipped / Total] 26 / 61 / 15 / 102:  52%|█████▏    | 103/200 [06:33<06:10,  3.82s/it]
[Succeeded / Failed / Skipped / Total] 26 / 61 / 16 / 103:  52%|█████▏    | 103/200 [06:33<06:10,  3.82s/it]
[Succeeded / Failed / Skipped / Total] 26 / 61 / 16 / 103:  52%|█████▏    | 104/200 [06:36<06:06,  3.82s/it]
[Succeeded / Failed / Skipped / Total] 27 / 61 / 16 / 104:  52%|█████▏    | 104/200 [06:36<06:06,  3.82s/it]
[Succeeded / Failed / Skipped / Total] 27 / 61 / 16 / 104:  52%|█████▎    | 105/200 [06:42<06:04,  3.84s/it]
[Succeeded / Failed / Skipped / Total] 27 / 62 / 16 / 105:  52%|█████▎    | 105/200 [06:42<06:04,  3.84s/it]
[Succeeded / Failed / Skipped / Total] 27 / 62 / 16 / 105:  53%|█████▎    | 106/200 [06:43<05:57,  3.80s/it]
[Succeeded / Failed / Skipped / Total] 27 / 62 / 17 / 106:  53%|█████▎    | 106/200 [06:43<05:57,  3.80s/it]
[Succeeded / Failed / Skipped / Total] 27 / 62 / 17 / 106:  54%|█████▎    | 107/200 [06:43<05:50,  3.77s/it]
[Succeeded / Failed / Skipped / Total] 27 / 62 / 18 / 107:  54%|█████▎    | 107/200 [06:43<05:50,  3.77s/it]
[Succeeded / Failed / Skipped / Total] 27 / 62 / 18 / 107:  54%|█████▍    | 108/200 [06:43<05:43,  3.73s/it]
[Succeeded / Failed / Skipped / Total] 27 / 62 / 19 / 108:  54%|█████▍    | 108/200 [06:43<05:43,  3.73s/it]
[Succeeded / Failed / Skipped / Total] 27 / 62 / 19 / 108:  55%|█████▍    | 109/200 [06:46<05:39,  3.73s/it]
[Succeeded / Failed / Skipped / Total] 27 / 63 / 19 / 109:  55%|█████▍    | 109/200 [06:46<05:39,  3.73s/it]
[Succeeded / Failed / Skipped / Total] 27 / 63 / 19 / 109:  55%|█████▌    | 110/200 [06:51<05:37,  3.74s/it][[3 (69%)]] --> [[2 (44%)]]

Top [[Cyber]] News 12/9  It #39;s a clash between the film industry and a consumer electronics company over a home theater jukebox. The legal battle is over something called the Kaleidescape System.

Top [[Cfyber]] News 12/9  It #39;s a clash between the film industry and a consumer electronics company over a home theater jukebox. The legal battle is over something called the Kaleidescape System.


--------------------------------------------- Result 91 ---------------------------------------------
[[0 (97%)]] --> [[1 (50%)]]

Kidnappers may [[extend]] deadline  Militants holding three UN workers hostage in Afghanistan have [[offered]] to consider [[extending]] a three-day deadline for their beheading.

Kidnappers may [[extYnd]] deadline  Militants holding three UN workers hostage in Afghanistan have [[ofjfered]] to consider [[extendipng]] a three-day deadline for their beheading.


--------------------------------------------- Result 92 ---------------------------------------------
[[3 (100%)]] --> [[[FAILED]]]

A Sneak Peek at Trillian 3.0 Instant Messaging  The popular IM consolidation service adds audio and video chat.


--------------------------------------------- Result 93 ---------------------------------------------
[[2 (99%)]] --> [[[FAILED]]]

Court bars MCI from making payments  A federal court Wednesday barred No. 2 US long-distance carrier MCI Inc. from making further payments to cover more than \$25 million in unauthorized expenses related to bankruptcy of predecessor WorldCom.


--------------------------------------------- Result 94 ---------------------------------------------
[[3 (60%)]] --> [[[SKIPPED]]]

Internet pioneer closes Manitoba pharmacy; blames dollar, uncertain climate (Canadian Press)  Canadian Press - WINNIPEG (CP) - Just one year ago, Mark Rzepka was opening a  #36;1-million Internet pharmacy in the small Manitoba town of Niverville believing he would be able to quadruple his staff within 12 months.


--------------------------------------------- Result 95 ---------------------------------------------
[[1 (99%)]] --> [[[FAILED]]]

Poll: I was right to let Henry score  Referee Graham Poll has insisted that he acted within the laws of the game when he allowed Thierry Henry to take a quick free-kick yesterday.


--------------------------------------------- Result 96 ---------------------------------------------
[[1 (100%)]] --> [[[FAILED]]]

Costecu Makes It Two  Denisa Costescu follows up her victory in Indianapolis on Saturday with another win at the Veteran's Day 10K Sunday in Washington.


--------------------------------------------- Result 97 ---------------------------------------------
[[1 (98%)]] --> [[[FAILED]]]

NCAA Notifies Baylor  Baylor received its notice of allegations Thursday from the NCAA about infractions in its men's basketball program discovered after the death of player Patrick Dennehy.


--------------------------------------------- Result 98 ---------------------------------------------
[[1 (100%)]] --> [[[FAILED]]]

Sluman, Byrd split lead; many bubbles burst  Jeff Sluman and Jonathan Byrd were tied for the lead at the Chrysler Championship, both knowing the tournament really doesn #39;t start until the weekend.


--------------------------------------------- Result 99 ---------------------------------------------
[[0 (97%)]] --> [[[FAILED]]]

UK minister visits Arafat grave  UK Foreign Secretary Jack Straw lays a wreath at the grave of former Palestinian Leader Yasser Arafat.


--------------------------------------------- Result 100 ---------------------------------------------
[[2 (74%)]] --> [[3 (45%)]]

Nortel financial filings could be [[delayed]] into 2005  Less than a week after it launched a media blitz to boost its [[image]], Nortel Networks Ltd. postponed yet again the release of its financial [[statements]], underlining the company #39;s challenges to steer out of the 

Nortel financial filings could be [[delayeZd]] into 2005  Less than a week after it launched a media blitz to boost its [[ibage]], Nortel Networks Ltd. postponed yet again the release of its financial [[statementL]], underlining the company #39;s challenges to steer out of the 


--------------------------------------------- Result 101 ---------------------------------------------
[[0 (91%)]] --> [[[FAILED]]]

Tensions surge in Haiti  PORT-AU-PRINCE, Haiti - Heavy gunfire erupted yesterday when police streamed into a slum stronghold of ousted President Jean-Bertrand Aristide.


--------------------------------------------- Result 102 ---------------------------------------------
[[1 (83%)]] --> [[3 (36%)]]

[[HONDA]] [[LINKED]] WITH [[BAR]] [[TAKEOVER]]  BAR #39;s engine partner Honda is believed to be interested in purchasing the Brackley team and a deal could be done within the next 12 months.

[[HNODA]] [[LINKE]] WITH [[BAt]] [[TAEKOVER]]  BAR #39;s engine partner Honda is believed to be interested in purchasing the Brackley team and a deal could be done within the next 12 months.


--------------------------------------------- Result 103 ---------------------------------------------
[[3 (80%)]] --> [[[SKIPPED]]]

FDA Warns Cyberonics on Manufacturing   CHICAGO (Reuters) - U.S. regulators warned Cyberonics Inc.  &lt;A HREF="http://www.investor.reuters.com/FullQuote.aspx?ticker=CYBX.O target=/stocks/quickinfo/fullquote"&gt;CYBX.O&lt;/A&gt; of manufacturing deficiencies at the Houston plant  that makes its sole product, an implantable device to treat  epilepsy, the company said on Monday.


--------------------------------------------- Result 104 ---------------------------------------------
[[0 (78%)]] --> [[1 (44%)]]

Danish group #39;s [[gift]] criticized  A Danish group has [[caused]] controversy in [[Colombia]] by publicly donating money to the country #39;s largest Marxist guerrilla organization.

Danish group #39;s [[giVt]] criticized  A Danish group has [[Rcaused]] controversy in [[Coolmbia]] by publicly donating money to the country #39;s largest Marxist guerrilla organization.


--------------------------------------------- Result 105 ---------------------------------------------
[[1 (99%)]] --> [[[FAILED]]]

Wilson well placed in Mexico City  Britain #39;s Justin Wilson was fourth in first qualifying for the final Champ Car race of the season in Mexico City. Wilson is looking to end his season on a high note after missing out on the rookie #39;s title to AJ Allmendinger.


--------------------------------------------- Result 106 ---------------------------------------------
[[3 (63%)]] --> [[[SKIPPED]]]

Dollar Dives to Record Low Vs. Euro   LONDON (Reuters) - The dollar crashed through key barriers  to a record low on the euro and a 7-month low on the yen on  Wednesday, as concern mounted a forthcoming G20 finance  ministers' meeting would do little to halt its slide.


--------------------------------------------- Result 107 ---------------------------------------------
[[3 (61%)]] --> [[[SKIPPED]]]

Yen Rises Vs Dollar Despite Japan Data   TOKYO (Reuters) - The yen advanced against the dollar on  Friday, shrugging off weak third-quarter growth figures for  Japan as market worries persisted about the huge U.S. deficits.


--------------------------------------------- Result 108 ---------------------------------------------
[[1 (39%)]] --> [[[SKIPPED]]]

China Closes 1,600 Internet Cafes in Crackdown  China shut 1,600 Internet cafes between February and August and imposed \$12.1 million worth of fines for allowing children to play violent or adult-only games and other violations, state media said.


--------------------------------------------- Result 109 ---------------------------------------------
[[1 (100%)]] --> [[[FAILED]]]

Wizards' Kwame Brown Suspended One Game (AP)  AP - The Washington Wizards suspended Kwame Brown for one game Thursday for his actions during the previous night's game against Denver.


--------------------------------------------- Result 110 ---------------------------------------------

[Succeeded / Failed / Skipped / Total] 27 / 64 / 19 / 110:  55%|█████▌    | 110/200 [06:51<05:37,  3.74s/it]
[Succeeded / Failed / Skipped / Total] 27 / 64 / 19 / 110:  56%|█████▌    | 111/200 [06:58<05:35,  3.77s/it]
[Succeeded / Failed / Skipped / Total] 27 / 65 / 19 / 111:  56%|█████▌    | 111/200 [06:58<05:35,  3.77s/it]
[Succeeded / Failed / Skipped / Total] 27 / 65 / 19 / 111:  56%|█████▌    | 112/200 [06:58<05:29,  3.74s/it]
[Succeeded / Failed / Skipped / Total] 27 / 65 / 20 / 112:  56%|█████▌    | 112/200 [06:58<05:29,  3.74s/it]
[Succeeded / Failed / Skipped / Total] 27 / 65 / 20 / 112:  56%|█████▋    | 113/200 [06:58<05:22,  3.71s/it]
[Succeeded / Failed / Skipped / Total] 27 / 65 / 21 / 113:  56%|█████▋    | 113/200 [06:58<05:22,  3.71s/it]
[Succeeded / Failed / Skipped / Total] 27 / 65 / 21 / 113:  57%|█████▋    | 114/200 [07:03<05:19,  3.72s/it]
[Succeeded / Failed / Skipped / Total] 27 / 66 / 21 / 114:  57%|█████▋    | 114/200 [07:03<05:19,  3.72s/it]
[Succeeded / Failed / Skipped / Total] 27 / 66 / 21 / 114:  57%|█████▊    | 115/200 [07:07<05:16,  3.72s/it]
[Succeeded / Failed / Skipped / Total] 28 / 66 / 21 / 115:  57%|█████▊    | 115/200 [07:07<05:16,  3.72s/it]
[Succeeded / Failed / Skipped / Total] 28 / 66 / 21 / 115:  58%|█████▊    | 116/200 [07:07<05:09,  3.69s/it]
[Succeeded / Failed / Skipped / Total] 28 / 66 / 22 / 116:  58%|█████▊    | 116/200 [07:07<05:09,  3.69s/it]
[Succeeded / Failed / Skipped / Total] 28 / 66 / 22 / 116:  58%|█████▊    | 117/200 [07:13<05:07,  3.71s/it]
[Succeeded / Failed / Skipped / Total] 28 / 67 / 22 / 117:  58%|█████▊    | 117/200 [07:13<05:07,  3.71s/it]
[Succeeded / Failed / Skipped / Total] 28 / 67 / 22 / 117:  59%|█████▉    | 118/200 [07:17<05:04,  3.71s/it]
[Succeeded / Failed / Skipped / Total] 28 / 68 / 22 / 118:  59%|█████▉    | 118/200 [07:17<05:04,  3.71s/it]
[Succeeded / Failed / Skipped / Total] 28 / 68 / 22 / 118:  60%|█████▉    | 119/200 [07:21<05:00,  3.71s/it]
[Succeeded / Failed / Skipped / Total] 29 / 68 / 22 / 119:  60%|█████▉    | 119/200 [07:21<05:00,  3.71s/it]
[Succeeded / Failed / Skipped / Total] 29 / 68 / 22 / 119:  60%|██████    | 120/200 [07:21<04:54,  3.68s/it]
[Succeeded / Failed / Skipped / Total] 29 / 68 / 23 / 120:  60%|██████    | 120/200 [07:21<04:54,  3.68s/it]
[Succeeded / Failed / Skipped / Total] 29 / 68 / 23 / 120:  60%|██████    | 121/200 [07:27<04:51,  3.69s/it]
[Succeeded / Failed / Skipped / Total] 29 / 69 / 23 / 121:  60%|██████    | 121/200 [07:27<04:51,  3.69s/it]
[Succeeded / Failed / Skipped / Total] 29 / 69 / 23 / 121:  61%|██████    | 122/200 [07:27<04:45,  3.67s/it]
[Succeeded / Failed / Skipped / Total] 29 / 69 / 24 / 122:  61%|██████    | 122/200 [07:27<04:45,  3.67s/it]
[Succeeded / Failed / Skipped / Total] 29 / 69 / 24 / 122:  62%|██████▏   | 123/200 [07:31<04:42,  3.67s/it]
[Succeeded / Failed / Skipped / Total] 29 / 70 / 24 / 123:  62%|██████▏   | 123/200 [07:31<04:42,  3.67s/it]
[Succeeded / Failed / Skipped / Total] 29 / 70 / 24 / 123:  62%|██████▏   | 124/200 [07:35<04:39,  3.68s/it]
[Succeeded / Failed / Skipped / Total] 29 / 71 / 24 / 124:  62%|██████▏   | 124/200 [07:35<04:39,  3.68s/it]
[Succeeded / Failed / Skipped / Total] 29 / 71 / 24 / 124:  62%|██████▎   | 125/200 [07:40<04:36,  3.69s/it]
[Succeeded / Failed / Skipped / Total] 29 / 72 / 24 / 125:  62%|██████▎   | 125/200 [07:40<04:36,  3.69s/it]
[Succeeded / Failed / Skipped / Total] 29 / 72 / 24 / 125:  63%|██████▎   | 126/200 [07:44<04:32,  3.69s/it]
[Succeeded / Failed / Skipped / Total] 29 / 73 / 24 / 126:  63%|██████▎   | 126/200 [07:44<04:32,  3.69s/it]
[Succeeded / Failed / Skipped / Total] 29 / 73 / 24 / 126:  64%|██████▎   | 127/200 [07:50<04:30,  3.70s/it]
[Succeeded / Failed / Skipped / Total] 29 / 74 / 24 / 127:  64%|██████▎   | 127/200 [07:50<04:30,  3.70s/it]
[Succeeded / Failed / Skipped / Total] 29 / 74 / 24 / 127:  64%|██████▍   | 128/200 [07:55<04:27,  3.72s/it]
[Succeeded / Failed / Skipped / Total] 29 / 75 / 24 / 128:  64%|██████▍   | 128/200 [07:55<04:27,  3.72s/it]
[Succeeded / Failed / Skipped / Total] 29 / 75 / 24 / 128:  64%|██████▍   | 129/200 [07:55<04:21,  3.69s/it]
[Succeeded / Failed / Skipped / Total] 29 / 75 / 25 / 129:  64%|██████▍   | 129/200 [07:55<04:21,  3.69s/it]
[Succeeded / Failed / Skipped / Total] 29 / 75 / 25 / 129:  65%|██████▌   | 130/200 [07:59<04:18,  3.69s/it]
[Succeeded / Failed / Skipped / Total] 29 / 76 / 25 / 130:  65%|██████▌   | 130/200 [07:59<04:18,  3.69s/it]
[Succeeded / Failed / Skipped / Total] 29 / 76 / 25 / 130:  66%|██████▌   | 131/200 [08:00<04:12,  3.66s/it][[0 (99%)]] --> [[[FAILED]]]

Iran Suspends Key Nuclear Work to Avoid Sanctions  Iran on Monday froze sensitive nuclear work including uranium enrichment in a move likely to thwart US efforts to report the Islamic state to the UN Security Council for possible sanctions.


--------------------------------------------- Result 111 ---------------------------------------------
[[0 (89%)]] --> [[[FAILED]]]

A suicide bombing killed 3 people in a crowded Tel Aviv market &lt;b&gt;...&lt;/b&gt;  A suicide bombing killed at least five people and seriously injured more than 30 others in a crowded Tel Aviv open-air market. Injured shoppers were treated on the ground, as vegetables were strewn on the pavement.


--------------------------------------------- Result 112 ---------------------------------------------
[[3 (96%)]] --> [[[SKIPPED]]]

Oil Downturn Deepens as Supplies Swell   LONDON (Reuters) - Oil on Tuesday extended a price slide  that has cut 12 percent from record highs in two weeks as  growing signs of ample supply eases concerns over fuel stocks  for the northern winter.


--------------------------------------------- Result 113 ---------------------------------------------
[[3 (100%)]] --> [[[SKIPPED]]]

GM, DaimlerChrysler plan hybrid cars  SOUTHFIELD, MICHIGAN: General Motors Corp and DaimlerChrysler AG will jointly develop a petroleum-electric power system to catch up with Toyota Motor Corp and Honda Motor Co in so-called hybrid vehicles that save fuel and cut tailpipe emissions.


--------------------------------------------- Result 114 ---------------------------------------------
[[0 (99%)]] --> [[[FAILED]]]

Iran Says EU Nuke Negotiations in Final Stages   TEHRAN (Reuters) - Iran's negotiations with the European  Union over a deal which would spare Tehran from possible U.N.  sanctions over its nuclear program are in their final stages,  Iran said Saturday.


--------------------------------------------- Result 115 ---------------------------------------------
[[1 (78%)]] --> [[2 (69%)]]

New York Unveils Last, Best [[Bid]] to Gain the [[Olympics]] in 2012  Leaders of the NYC2012 committee highlighted New York's advantages in multiculturalism, money and media [[power]].

New York Unveils Last, Best [[id]] to Gain the [[OAlympics]] in 2012  Leaders of the NYC2012 committee highlighted New York's advantages in multiculturalism, money and media [[poweU]].


--------------------------------------------- Result 116 ---------------------------------------------
[[0 (51%)]] --> [[[SKIPPED]]]

Voters Checking Out Other Sides' Sites  Are right-leaning voters spending all their online time on Rushlimbaugh.com? Are left-leaning voters locked into the like-minded Talkingpointsmemo.com?


--------------------------------------------- Result 117 ---------------------------------------------
[[3 (98%)]] --> [[[FAILED]]]

Sun Unveils Next Generation Client Technology  SANTA CLARA, Calif., Dec. 13 /PRNewswire-FirstCall/ -- Sun Microsystems, Inc. (NASDAQ:SUNW) today unveiled its next generation Sun Ray(TM) Server Software 3.0 an interoperable, platform that enables instant 


--------------------------------------------- Result 118 ---------------------------------------------
[[2 (97%)]] --> [[[FAILED]]]

Investors put 1.5bn tag on Kidde  Shareholders in Kidde, the fire protection group, have indicated they would be prepared to sell out if United Technologies Corporation (UTC), the US industrial conglomerate 


--------------------------------------------- Result 119 ---------------------------------------------
[[2 (73%)]] --> [[3 (57%)]]

Steel [[stocks]] soar as shortages are biting  Steel shares hit seven-year highs yesterday after Nissan said the metal is in short supply in Japan. US Steel rose \$3.30, or 7, to \$51.25, while Nucor surged \$2.90 to \$54.05, an all-time high.

Steel [[stcoks]] soar as shortages are biting  Steel shares hit seven-year highs yesterday after Nissan said the metal is in short supply in Japan. US Steel rose \$3.30, or 7, to \$51.25, while Nucor surged \$2.90 to \$54.05, an all-time high.


--------------------------------------------- Result 120 ---------------------------------------------
[[1 (90%)]] --> [[[SKIPPED]]]

Star Wars Battlefront; Sly 2: Band of Thieves; MacFamily Tree 4.0.6  Hearing a Jar Jar Binks-lookalike Gungan yell "Meesa gonna die!" as my droid tank shot him point-blank may have been the best part of this game.


--------------------------------------------- Result 121 ---------------------------------------------
[[3 (99%)]] --> [[[FAILED]]]

Computer Associates Launches PestPatrol  Computer Associates is releasing eTrust PestPatrol Anti-Spyware r5, aimed at consumers and small businesses, and based on technology CA obtained when it bought anti-spyware provider PestPatrol two months ago.


--------------------------------------------- Result 122 ---------------------------------------------
[[2 (85%)]] --> [[[SKIPPED]]]

Sources: Sprint, Nextel closing in on \$36B deal  Sprint Corp. is in advanced talks to buy Nextel Communications Inc. for more than \$36 billion in a mostly stock deal, sources familiar with the situation said today.


--------------------------------------------- Result 123 ---------------------------------------------
[[1 (96%)]] --> [[[FAILED]]]

U.S. Impressive in World Cup Qualifying (AP)  AP - Just because the United States has stormed through its regional qualifying for the next World Cup does not mean the Americans are a world soccer power.


--------------------------------------------- Result 124 ---------------------------------------------
[[1 (99%)]] --> [[[FAILED]]]

Auburn is likely the odd team out  Auburn has put together one of the greatest years in school history, claiming a spot in today #39;s Southeastern Conference title game against No.


--------------------------------------------- Result 125 ---------------------------------------------
[[1 (97%)]] --> [[[FAILED]]]

LIPPI LAMENTS LACK OF FIXTURES  Italy coach Marcello Lippi claimed he was frustrated that the Azzurri had no more World Cup qualifiers before the new year after the 4-3 win over Belarus saw the Italians claim top spot in Group Five.


--------------------------------------------- Result 126 ---------------------------------------------
[[1 (97%)]] --> [[[FAILED]]]

Baseball Owners Set to Approve Expos Sale (AP)  AP - The proposed move of the Montreal Expos to Washington is set to be approved when baseball owners meet Thursday in Chicago.


--------------------------------------------- Result 127 ---------------------------------------------
[[3 (100%)]] --> [[[FAILED]]]

Nokia sees strong demand for smartphones and camera phones in 2005  Nokia has forecast that smartphone shipments worldwide are expected to increase to 238 million units by 2008, up from 23 million this year, according to Anssi Vanjoki, executive vice president and general manager of multimedia at Nokia.


--------------------------------------------- Result 128 ---------------------------------------------
[[2 (91%)]] --> [[[FAILED]]]

Stelco Loses Contract to Supply GM Steel (Reuters)  Reuters - Stelco Inc.\(STEa.TO) has lost a contract to supply steel to General Motors\Inc. , its biggest customer, because the insolvent\Canadian steelmaker failed to strike a deal with its workers,\the union at Stelco said on Monday.


--------------------------------------------- Result 129 ---------------------------------------------
[[0 (64%)]] --> [[[SKIPPED]]]

First credit rating for Serbia  19:50 November 01  Dow Jones  LONDON -- Monday -- Serbia reached a milestone on the road to economic stability Monday, as its first-ever credit rating opened the way for a return to international credit markets.


--------------------------------------------- Result 130 ---------------------------------------------
[[1 (100%)]] --> [[[FAILED]]]

Dance pair out with injury  Olympic ice dancing hopefuls Loren Galler-Rabinowitz and David Mitchell of the Skating Club of Boston will be sidelined for the remainder of the season because of a shoulder injury to Mitchell that will require surgery.



[Succeeded / Failed / Skipped / Total] 29 / 76 / 26 / 131:  66%|██████▌   | 131/200 [08:00<04:12,  3.66s/it]
[Succeeded / Failed / Skipped / Total] 29 / 76 / 26 / 131:  66%|██████▌   | 132/200 [08:06<04:10,  3.68s/it]
[Succeeded / Failed / Skipped / Total] 29 / 77 / 26 / 132:  66%|██████▌   | 132/200 [08:06<04:10,  3.68s/it]
[Succeeded / Failed / Skipped / Total] 29 / 77 / 26 / 132:  66%|██████▋   | 133/200 [08:10<04:07,  3.69s/it]
[Succeeded / Failed / Skipped / Total] 29 / 78 / 26 / 133:  66%|██████▋   | 133/200 [08:10<04:07,  3.69s/it]
[Succeeded / Failed / Skipped / Total] 29 / 78 / 26 / 133:  67%|██████▋   | 134/200 [08:14<04:03,  3.69s/it]
[Succeeded / Failed / Skipped / Total] 30 / 78 / 26 / 134:  67%|██████▋   | 134/200 [08:14<04:03,  3.69s/it]
[Succeeded / Failed / Skipped / Total] 30 / 78 / 26 / 134:  68%|██████▊   | 135/200 [08:18<04:00,  3.70s/it]
[Succeeded / Failed / Skipped / Total] 30 / 79 / 26 / 135:  68%|██████▊   | 135/200 [08:18<04:00,  3.70s/it]
[Succeeded / Failed / Skipped / Total] 30 / 79 / 26 / 135:  68%|██████▊   | 136/200 [08:19<03:54,  3.67s/it]
[Succeeded / Failed / Skipped / Total] 30 / 79 / 27 / 136:  68%|██████▊   | 136/200 [08:19<03:54,  3.67s/it]
[Succeeded / Failed / Skipped / Total] 30 / 79 / 27 / 136:  68%|██████▊   | 137/200 [08:25<03:52,  3.69s/it]
[Succeeded / Failed / Skipped / Total] 30 / 80 / 27 / 137:  68%|██████▊   | 137/200 [08:25<03:52,  3.69s/it]
[Succeeded / Failed / Skipped / Total] 30 / 80 / 27 / 137:  69%|██████▉   | 138/200 [08:28<03:48,  3.69s/it]
[Succeeded / Failed / Skipped / Total] 31 / 80 / 27 / 138:  69%|██████▉   | 138/200 [08:28<03:48,  3.69s/it]
[Succeeded / Failed / Skipped / Total] 31 / 80 / 27 / 138:  70%|██████▉   | 139/200 [08:33<03:45,  3.70s/it]
[Succeeded / Failed / Skipped / Total] 32 / 80 / 27 / 139:  70%|██████▉   | 139/200 [08:33<03:45,  3.70s/it]
[Succeeded / Failed / Skipped / Total] 32 / 80 / 27 / 139:  70%|███████   | 140/200 [08:38<03:42,  3.71s/it]
[Succeeded / Failed / Skipped / Total] 32 / 81 / 27 / 140:  70%|███████   | 140/200 [08:38<03:42,  3.71s/it]
[Succeeded / Failed / Skipped / Total] 32 / 81 / 27 / 140:  70%|███████   | 141/200 [08:39<03:37,  3.68s/it]
[Succeeded / Failed / Skipped / Total] 32 / 81 / 28 / 141:  70%|███████   | 141/200 [08:39<03:37,  3.68s/it]
[Succeeded / Failed / Skipped / Total] 32 / 81 / 28 / 141:  71%|███████   | 142/200 [08:46<03:34,  3.71s/it]
[Succeeded / Failed / Skipped / Total] 32 / 82 / 28 / 142:  71%|███████   | 142/200 [08:46<03:34,  3.71s/it]
[Succeeded / Failed / Skipped / Total] 32 / 82 / 28 / 142:  72%|███████▏  | 143/200 [08:51<03:31,  3.72s/it]
[Succeeded / Failed / Skipped / Total] 32 / 83 / 28 / 143:  72%|███████▏  | 143/200 [08:51<03:31,  3.72s/it]
[Succeeded / Failed / Skipped / Total] 32 / 83 / 28 / 143:  72%|███████▏  | 144/200 [08:56<03:28,  3.73s/it]
[Succeeded / Failed / Skipped / Total] 32 / 84 / 28 / 144:  72%|███████▏  | 144/200 [08:56<03:28,  3.73s/it]
[Succeeded / Failed / Skipped / Total] 32 / 84 / 28 / 144:  72%|███████▎  | 145/200 [09:00<03:25,  3.73s/it]
[Succeeded / Failed / Skipped / Total] 32 / 85 / 28 / 145:  72%|███████▎  | 145/200 [09:00<03:25,  3.73s/it]
[Succeeded / Failed / Skipped / Total] 32 / 85 / 28 / 145:  73%|███████▎  | 146/200 [09:05<03:21,  3.74s/it]
[Succeeded / Failed / Skipped / Total] 33 / 85 / 28 / 146:  73%|███████▎  | 146/200 [09:05<03:21,  3.74s/it]
[Succeeded / Failed / Skipped / Total] 33 / 85 / 28 / 146:  74%|███████▎  | 147/200 [09:10<03:18,  3.74s/it]
[Succeeded / Failed / Skipped / Total] 33 / 86 / 28 / 147:  74%|███████▎  | 147/200 [09:10<03:18,  3.74s/it]
[Succeeded / Failed / Skipped / Total] 33 / 86 / 28 / 147:  74%|███████▍  | 148/200 [09:14<03:14,  3.75s/it]--------------------------------------------- Result 131 ---------------------------------------------
[[1 (100%)]] --> [[[SKIPPED]]]

Warne takes six but India establish handy lead (Reuters)  Reuters - World test wicket record holder Shane Warne grabbed six wickets as India established a handy 141-run first innings lead in the second test on Saturday.


--------------------------------------------- Result 132 ---------------------------------------------
[[2 (85%)]] --> [[[FAILED]]]

Coca-Cola Bottling #39;s 3Q Profit Drops  Coca-Cola Bottling Co. Consolidated, the Coca-Cola Co. #39;s major bottler and distributor in the Southeast, said Wednesday that third-quarter profit fell as bad weather, high fuel prices and fewer promotions led to lower volume.


--------------------------------------------- Result 133 ---------------------------------------------
[[3 (73%)]] --> [[[FAILED]]]

Skulls on your Symbian phone? Don #39;t panic!  PETALING JAYA: Virus experts at British software security firm Sophos Plc have advised customers not to panic, following media reports of a Trojan horse which infects cellphones.


--------------------------------------------- Result 134 ---------------------------------------------
[[2 (81%)]] --> [[1 (50%)]]

Closing Arguments [[In]] [[Enron]] Barge Trial  Houston -- Prosecutors claim six [[executives]] conspired to push through a 1999 sham sale of barges because they didn #39;t think they #39;d get caught.

Closing Arguments [[nI]] [[EnroR]] Barge Trial  Houston -- Prosecutors claim six [[eexcutives]] conspired to push through a 1999 sham sale of barges because they didn #39;t think they #39;d get caught.


--------------------------------------------- Result 135 ---------------------------------------------
[[2 (89%)]] --> [[[FAILED]]]

Karp team won't buy Fan Pier  For the second time in less than two months, a prospective buyer of the prime Fan Pier land in South Boston has pulled out of a deal.


--------------------------------------------- Result 136 ---------------------------------------------
[[3 (94%)]] --> [[[SKIPPED]]]

Product Previews  palmOneUpgrades Treo With Faster Chip, Better Display\With more than 600,000 units shipped, the Treo 600 is one of the big smartphone success stories. Last week, palmOne introduced the follow-on Treo 650 with a higher resolution 320-by-320-pixel TFT screen, which the company claims increases the visible area of the display and makes pictures and documents much clearer. The 650 also carries a removable battery; 32MB of flash memory, and a faster 312MHz, Intel XScale processor. Improved multimedia features include a built-in MP3 player, a digital camera with improved low-light capabilities, as well as video capture and playback functionality. Products are expected to ship by years end from some carriers who will add their own services, and will be priced at about \$499.\ Treo 650, palmOne


--------------------------------------------- Result 137 ---------------------------------------------
[[0 (100%)]] --> [[[FAILED]]]

Iran, EU Negotiators Seek Nuke Agreement (AP)  AP - A key U.N. atomic agency meeting adjourned for the weekend, giving Iran time to consider a total freeze of a program that could make weapons grade uranium and for delegates to decide on further steps in policing Tehran's nuclear activities.


--------------------------------------------- Result 138 ---------------------------------------------
[[0 (78%)]] --> [[1 (61%)]]

Protesters Denounce APEC Summit in Chile  Thousands of protesters marched peacefully through downtown Santiago on Friday, expressing anger at a weekend summit of Pacific Rim leaders, particularly President Bush. But [[violence]] later erupted at a rock [[concert]].

Protesters Denounce APEC Summit in Chile  Thousands of protesters marched peacefully through downtown Santiago on Friday, expressing anger at a weekend summit of Pacific Rim leaders, particularly President Bush. But [[violexce]] later erupted at a rock [[conceVt]].


--------------------------------------------- Result 139 ---------------------------------------------
[[2 (94%)]] --> [[3 (47%)]]

South African [[Miner]] in Hostile Bid for Gold [[Fields]]  Harmony [[Gold]] Mining, the largest miner of South African [[gold]], made a hostile bid yesterday to acquire Gold Fields Ltd., another South African miner, for 52.

South African [[MDner]] in Hostile Bid for Gold [[Fielsd]]  Harmony [[Gnold]] Mining, the largest miner of South African [[gfld]], made a hostile bid yesterday to acquire Gold Fields Ltd., another South African miner, for 52.


--------------------------------------------- Result 140 ---------------------------------------------
[[0 (100%)]] --> [[[FAILED]]]

Castro Appears on TV Wearing an Arm Sling  Five days after falling and fracturing a knee and an arm, Cuban President Fidel Castro appeared on television on Monday with his arm in a sling to announce Cuba will end circulation of the US dollar.


--------------------------------------------- Result 141 ---------------------------------------------
[[1 (80%)]] --> [[[SKIPPED]]]

New Crew Prepares For Space Station Duty  CAPE CANAVERAL, Fla. -- A new crew is aboard the International Space Station Wednesday preparing to take over command of the orbiting outpost.


--------------------------------------------- Result 142 ---------------------------------------------
[[2 (74%)]] --> [[[FAILED]]]

Santander Takeover of Abbey Approved by UK #39;s FSA (Update1)  The UK #39;s Financial Services Authority approved Santander Central Hispano SA #39;s 9.4 billion-pound (\$17.4 billion) takeover of Abbey National Plc, paving the way for Europe #39;s biggest cross-border bank merger.


--------------------------------------------- Result 143 ---------------------------------------------
[[2 (98%)]] --> [[[FAILED]]]

Delta Pilots Ratify Concession Package (Reuters)  Reuters - Pilots at Delta Air Lines Inc. \on Thursday ratified a concession package that will save the\carrier  #36;1 billion a year, in a move the company hopes will buy\it time to restructure outside of bankruptcy.


--------------------------------------------- Result 144 ---------------------------------------------
[[3 (88%)]] --> [[[FAILED]]]

Oil Company on Trial in Madagascar Over Pollution (Reuters)  Reuters - The operator of Madagascar's\privatized oil refinery went on trial on Tuesday, accused of\polluting the environment around the Indian Ocean island's main\international port, officials said.


--------------------------------------------- Result 145 ---------------------------------------------
[[1 (100%)]] --> [[[FAILED]]]

Harrison keeps title for fifth time  GLASGOW - Scotland #39;s Scott Harrison successfully defended his WBO featherweight title for a fifth time with a farcical first-round stoppage of Swedish-based Ethiopian Samuel Kebede on Saturday.


--------------------------------------------- Result 146 ---------------------------------------------
[[2 (87%)]] --> [[3 (43%)]]

[[US]] [[Treasuries]] [[slip]] lower ahead of new supply  Treasuries slipped lower on Monday as investors positioned themselves to absorb \$51 billion of new supply this [[week]] ahead of an expected Federal Reserve increase in official interest rates.

[[SU]] [[Tresauries]] [[slpi]] lower ahead of new supply  Treasuries slipped lower on Monday as investors positioned themselves to absorb \$51 billion of new supply this [[weegk]] ahead of an expected Federal Reserve increase in official interest rates.


--------------------------------------------- Result 147 ---------------------------------------------
[[2 (98%)]] --> [[[FAILED]]]

Interpublic Posts Wider 3Q Loss  Interpublic Group of Cos., the world #39;s third-largest ad conglomerate, said Wednesday that third-quarter losses widened significantly on increased charges as well as greater salary and severance costs.


--------------------------------------------- Result 148 ---------------------------------------------

[Succeeded / Failed / Skipped / Total] 34 / 86 / 28 / 148:  74%|███████▍  | 148/200 [09:14<03:14,  3.75s/it]
[Succeeded / Failed / Skipped / Total] 34 / 86 / 28 / 148:  74%|███████▍  | 149/200 [09:18<03:11,  3.75s/it]
[Succeeded / Failed / Skipped / Total] 35 / 86 / 28 / 149:  74%|███████▍  | 149/200 [09:18<03:11,  3.75s/it]
[Succeeded / Failed / Skipped / Total] 35 / 86 / 28 / 149:  75%|███████▌  | 150/200 [09:22<03:07,  3.75s/it]
[Succeeded / Failed / Skipped / Total] 35 / 87 / 28 / 150:  75%|███████▌  | 150/200 [09:22<03:07,  3.75s/it]
[Succeeded / Failed / Skipped / Total] 35 / 87 / 28 / 150:  76%|███████▌  | 151/200 [09:26<03:03,  3.75s/it]
[Succeeded / Failed / Skipped / Total] 35 / 88 / 28 / 151:  76%|███████▌  | 151/200 [09:26<03:03,  3.75s/it]
[Succeeded / Failed / Skipped / Total] 35 / 88 / 28 / 151:  76%|███████▌  | 152/200 [09:26<02:58,  3.73s/it]
[Succeeded / Failed / Skipped / Total] 35 / 88 / 29 / 152:  76%|███████▌  | 152/200 [09:26<02:58,  3.73s/it]
[Succeeded / Failed / Skipped / Total] 35 / 88 / 29 / 152:  76%|███████▋  | 153/200 [09:30<02:55,  3.73s/it]
[Succeeded / Failed / Skipped / Total] 36 / 88 / 29 / 153:  76%|███████▋  | 153/200 [09:30<02:55,  3.73s/it]
[Succeeded / Failed / Skipped / Total] 36 / 88 / 29 / 153:  77%|███████▋  | 154/200 [09:30<02:50,  3.70s/it]
[Succeeded / Failed / Skipped / Total] 36 / 88 / 30 / 154:  77%|███████▋  | 154/200 [09:30<02:50,  3.70s/it]
[Succeeded / Failed / Skipped / Total] 36 / 88 / 30 / 154:  78%|███████▊  | 155/200 [09:33<02:46,  3.70s/it]
[Succeeded / Failed / Skipped / Total] 37 / 88 / 30 / 155:  78%|███████▊  | 155/200 [09:33<02:46,  3.70s/it]
[Succeeded / Failed / Skipped / Total] 37 / 88 / 30 / 155:  78%|███████▊  | 156/200 [09:33<02:41,  3.68s/it]
[Succeeded / Failed / Skipped / Total] 37 / 88 / 31 / 156:  78%|███████▊  | 156/200 [09:33<02:41,  3.68s/it]
[Succeeded / Failed / Skipped / Total] 37 / 88 / 31 / 156:  78%|███████▊  | 157/200 [09:39<02:38,  3.69s/it]
[Succeeded / Failed / Skipped / Total] 37 / 89 / 31 / 157:  78%|███████▊  | 157/200 [09:39<02:38,  3.69s/it]
[Succeeded / Failed / Skipped / Total] 37 / 89 / 31 / 157:  79%|███████▉  | 158/200 [09:40<02:34,  3.67s/it]
[Succeeded / Failed / Skipped / Total] 37 / 89 / 32 / 158:  79%|███████▉  | 158/200 [09:40<02:34,  3.67s/it]
[Succeeded / Failed / Skipped / Total] 37 / 89 / 32 / 158:  80%|███████▉  | 159/200 [09:43<02:30,  3.67s/it]
[Succeeded / Failed / Skipped / Total] 37 / 90 / 32 / 159:  80%|███████▉  | 159/200 [09:43<02:30,  3.67s/it]
[Succeeded / Failed / Skipped / Total] 37 / 90 / 32 / 159:  80%|████████  | 160/200 [09:43<02:25,  3.65s/it]
[Succeeded / Failed / Skipped / Total] 37 / 90 / 33 / 160:  80%|████████  | 160/200 [09:43<02:25,  3.65s/it]
[Succeeded / Failed / Skipped / Total] 37 / 90 / 33 / 160:  80%|████████  | 161/200 [09:48<02:22,  3.66s/it]
[Succeeded / Failed / Skipped / Total] 37 / 91 / 33 / 161:  80%|████████  | 161/200 [09:48<02:22,  3.66s/it]
[Succeeded / Failed / Skipped / Total] 37 / 91 / 33 / 161:  81%|████████  | 162/200 [09:53<02:19,  3.67s/it]
[Succeeded / Failed / Skipped / Total] 37 / 92 / 33 / 162:  81%|████████  | 162/200 [09:53<02:19,  3.67s/it]
[Succeeded / Failed / Skipped / Total] 37 / 92 / 33 / 162:  82%|████████▏ | 163/200 [09:56<02:15,  3.66s/it]
[Succeeded / Failed / Skipped / Total] 38 / 92 / 33 / 163:  82%|████████▏ | 163/200 [09:56<02:15,  3.66s/it]
[Succeeded / Failed / Skipped / Total] 38 / 92 / 33 / 163:  82%|████████▏ | 164/200 [10:01<02:12,  3.67s/it]
[Succeeded / Failed / Skipped / Total] 38 / 93 / 33 / 164:  82%|████████▏ | 164/200 [10:01<02:12,  3.67s/it]
[Succeeded / Failed / Skipped / Total] 38 / 93 / 33 / 164:  82%|████████▎ | 165/200 [10:06<02:08,  3.68s/it]
[Succeeded / Failed / Skipped / Total] 39 / 93 / 33 / 165:  82%|████████▎ | 165/200 [10:06<02:08,  3.68s/it]
[Succeeded / Failed / Skipped / Total] 39 / 93 / 33 / 165:  83%|████████▎ | 166/200 [10:11<02:05,  3.68s/it][[0 (72%)]] --> [[1 (62%)]]

Abbas Escapes Gaza Shooting [[Unharmed]] (AP)  AP - Mahmoud Abbas, the temporary successor to Yasser [[Arafat]], escaped unharmed Sunday when militants firing assault rifles burst into a mourning tent for the deceased Palestinian leader, killing two security guards and wounding six other people.

Abbas Escapes Gaza Shooting [[Uhnarmed]] (AP)  AP - Mahmoud Abbas, the temporary successor to Yasser [[ArafCat]], escaped unharmed Sunday when militants firing assault rifles burst into a mourning tent for the deceased Palestinian leader, killing two security guards and wounding six other people.


--------------------------------------------- Result 149 ---------------------------------------------
[[0 (82%)]] --> [[3 (52%)]]

Secretary Rumsfeld Remarks En [[Route]] to El Salvador  SEC. RUMSFELD: As you know, were going to be stopping in El Salvador and Nicaragua and Panama and Ecuador. The first stops will be visits to the places, particularly El Salvador and Nicaragua - countries 

Secretary Rumsfeld Remarks En [[RoLte]] to El Salvador  SEC. RUMSFELD: As you know, were going to be stopping in El Salvador and Nicaragua and Panama and Ecuador. The first stops will be visits to the places, particularly El Salvador and Nicaragua - countries 


--------------------------------------------- Result 150 ---------------------------------------------
[[1 (98%)]] --> [[[FAILED]]]

Loeb forced out of rally  ESTONIA #39;s Markko Martin took the Rally of Catalonia lead today after newly-crowned world champion Sebastien Loeb, the overnight leader, was forced out of the race with a severe oil leak.


--------------------------------------------- Result 151 ---------------------------------------------
[[1 (100%)]] --> [[[FAILED]]]

Haywood suspended for three games  NEW YORK - Brendan Haywood of the Washington Wizards was suspended for three games by the NBA yesterday for fighting during a pre-season game against the Chicago Bulls.


--------------------------------------------- Result 152 ---------------------------------------------
[[0 (84%)]] --> [[[SKIPPED]]]

R.I.P. Gary Webb -- Unembedded Reporter  The finest journalist ever to get fired for telling the truth is dead at age 49. The official cause of death on the death certificate will be suicide. But, as we shall see, he had much help getting to that point. The story of the life and death of Gary Webb says much about the state of American politics and what passes as "journalism" in today's America. 


--------------------------------------------- Result 153 ---------------------------------------------
[[0 (46%)]] --> [[1 (44%)]]

Shah Rukh Khan apologises to Buddhist monks  COLOMBO: Bollywood superstar Shah Rukh Khan has apologised to [[Sri]] Lanka #39;s protesting Buddhist monks for the timing of his mega concert here, which coincides with the death anniversary of a popular priest, but said the show will go on.

Shah Rukh Khan apologises to Buddhist monks  COLOMBO: Bollywood superstar Shah Rukh Khan has apologised to [[Ari]] Lanka #39;s protesting Buddhist monks for the timing of his mega concert here, which coincides with the death anniversary of a popular priest, but said the show will go on.


--------------------------------------------- Result 154 ---------------------------------------------
[[1 (84%)]] --> [[[SKIPPED]]]

Coors' Donation to Own Campaign Draws Ire (AP)  AP - A  #36;500,000 donation by Republican beer baron Pete Coors to his own Senate campaign has triggered a new federal law that eases fund-raising restrictions for his Democratic opponent.


--------------------------------------------- Result 155 ---------------------------------------------
[[3 (70%)]] --> [[1 (43%)]]

[[Older]] [[mobiles]] may cause tumours: study  The Institute of Environmental Medicine (IMM) at Karolinska Institute in Sweden found no indications of [[risk]] for less than 10 years of usage.

[[Olde]] [[mobies]] may cause tumours: study  The Institute of Environmental Medicine (IMM) at Karolinska Institute in Sweden found no indications of [[rik]] for less than 10 years of usage.


--------------------------------------------- Result 156 ---------------------------------------------
[[1 (97%)]] --> [[[SKIPPED]]]

Cassini photos leaves some mysteries  Cassini #39;s latest sweep past Saturn #39;s moon Titan revealed more intriguing pictures of the surface but left many mysteries intact.


--------------------------------------------- Result 157 ---------------------------------------------
[[3 (86%)]] --> [[[FAILED]]]

Yahoo Battles Google for The Cell Phone  Yahoo added a search feature for cell phones Wednesday, just a few weeks after rival Google launched one of its own. While Google SMS (Short Message Service) uses text-only messages to deliver its results, Yahoo #39;s 


--------------------------------------------- Result 158 ---------------------------------------------
[[1 (84%)]] --> [[[SKIPPED]]]

Bond game fails to shake or stir  GoldenEye: Rogue Action fails to deliver on the promise of its name and struggles to generate the original's massive sense of fun.


--------------------------------------------- Result 159 ---------------------------------------------
[[1 (100%)]] --> [[[FAILED]]]

Pinkel reinstates Damien Nash  Missouri tailback Damien Nash was reinstated by coach Gary Pinkel, ending a one-game suspension for the teams #39; leading rusher.


--------------------------------------------- Result 160 ---------------------------------------------
[[3 (85%)]] --> [[[SKIPPED]]]

BT to buy Infonet for US\$965mil  BERLIN: BT Group Plc, Britain #39;s largest phone company, plans to buy Infonet Services Corp. for US\$965mil to add a data network spanning more than 180 countries.


--------------------------------------------- Result 161 ---------------------------------------------
[[1 (96%)]] --> [[[FAILED]]]

Don King Productions Presents:  quot;Battle For Supremacy quot;  On Saturday November 13th, ten misfits, nomads and upstarts seek to wage war or settle the score at the famed Madison Square Garden in New York, New York.


--------------------------------------------- Result 162 ---------------------------------------------
[[2 (99%)]] --> [[[FAILED]]]

Weyerhaeuser Profit Up   NEW YORK (Reuters) - Weyerhaeuser Co.'s  quarterly profit  rose sharply on a large gain from the sale of timberlands in  Georgia and it set tender offers to reduce as much as \$700  million in debt, the company said on Friday.


--------------------------------------------- Result 163 ---------------------------------------------
[[0 (78%)]] --> [[1 (53%)]]

Police [[Remove]] Checkpoints Around Capitol (AP)  AP - Police checkpoints that have surrounded the Capitol since last August were gone Thursday following a postelection decision by authorities to lower the threat level.

Police [[RemZove]] Checkpoints Around Capitol (AP)  AP - Police checkpoints that have surrounded the Capitol since last August were gone Thursday following a postelection decision by authorities to lower the threat level.


--------------------------------------------- Result 164 ---------------------------------------------
[[1 (99%)]] --> [[[FAILED]]]

Beckham returns to England squad for Spain game  David Beckham, out for a month with broken ribs, was named by Sven-Goran Eriksson to England #39;s team for its friendly match on Wednesday against Spain at Real Madrid #39;s Santiago Bernabeu Stadium.


--------------------------------------------- Result 165 ---------------------------------------------
[[0 (82%)]] --> [[1 (48%)]]

Anwar Begins [[Malaysia]] Political Comeback  Malaysia #39;s most [[charismatic]] dissident Anwar Ibrahim, released from jail two months ago, kicked off his political comeback Sunday, [[vowing]] to [[restart]] a campaign for democratic reforms and racial equality.

Anwar Begins [[MalayNia]] Political Comeback  Malaysia #39;s most [[charismGtic]] dissident Anwar Ibrahim, released from jail two months ago, kicked off his political comeback Sunday, [[vgowing]] to [[resLart]] a campaign for democratic reforms and racial equality.



[Succeeded / Failed / Skipped / Total] 40 / 93 / 33 / 166:  83%|████████▎ | 166/200 [10:11<02:05,  3.68s/it]
[Succeeded / Failed / Skipped / Total] 40 / 93 / 33 / 166:  84%|████████▎ | 167/200 [10:16<02:01,  3.69s/it]
[Succeeded / Failed / Skipped / Total] 41 / 93 / 33 / 167:  84%|████████▎ | 167/200 [10:16<02:01,  3.69s/it]
[Succeeded / Failed / Skipped / Total] 41 / 93 / 33 / 167:  84%|████████▍ | 168/200 [10:16<01:57,  3.67s/it]
[Succeeded / Failed / Skipped / Total] 41 / 93 / 34 / 168:  84%|████████▍ | 168/200 [10:16<01:57,  3.67s/it]
[Succeeded / Failed / Skipped / Total] 41 / 93 / 34 / 168:  84%|████████▍ | 169/200 [10:22<01:54,  3.68s/it]
[Succeeded / Failed / Skipped / Total] 41 / 94 / 34 / 169:  84%|████████▍ | 169/200 [10:22<01:54,  3.68s/it]
[Succeeded / Failed / Skipped / Total] 41 / 94 / 34 / 169:  85%|████████▌ | 170/200 [10:26<01:50,  3.69s/it]
[Succeeded / Failed / Skipped / Total] 42 / 94 / 34 / 170:  85%|████████▌ | 170/200 [10:26<01:50,  3.69s/it]
[Succeeded / Failed / Skipped / Total] 42 / 94 / 34 / 170:  86%|████████▌ | 171/200 [10:30<01:46,  3.69s/it]
[Succeeded / Failed / Skipped / Total] 43 / 94 / 34 / 171:  86%|████████▌ | 171/200 [10:30<01:46,  3.69s/it]
[Succeeded / Failed / Skipped / Total] 43 / 94 / 34 / 171:  86%|████████▌ | 172/200 [10:30<01:42,  3.67s/it]
[Succeeded / Failed / Skipped / Total] 43 / 94 / 35 / 172:  86%|████████▌ | 172/200 [10:30<01:42,  3.67s/it]
[Succeeded / Failed / Skipped / Total] 43 / 94 / 35 / 172:  86%|████████▋ | 173/200 [10:35<01:39,  3.67s/it]
[Succeeded / Failed / Skipped / Total] 43 / 95 / 35 / 173:  86%|████████▋ | 173/200 [10:35<01:39,  3.67s/it]
[Succeeded / Failed / Skipped / Total] 43 / 95 / 35 / 173:  87%|████████▋ | 174/200 [10:40<01:35,  3.68s/it]
[Succeeded / Failed / Skipped / Total] 43 / 96 / 35 / 174:  87%|████████▋ | 174/200 [10:40<01:35,  3.68s/it]
[Succeeded / Failed / Skipped / Total] 43 / 96 / 35 / 174:  88%|████████▊ | 175/200 [10:40<01:31,  3.66s/it]
[Succeeded / Failed / Skipped / Total] 43 / 96 / 36 / 175:  88%|████████▊ | 175/200 [10:40<01:31,  3.66s/it]
[Succeeded / Failed / Skipped / Total] 43 / 96 / 36 / 175:  88%|████████▊ | 176/200 [10:43<01:27,  3.65s/it]
[Succeeded / Failed / Skipped / Total] 44 / 96 / 36 / 176:  88%|████████▊ | 176/200 [10:43<01:27,  3.65s/it]
[Succeeded / Failed / Skipped / Total] 44 / 96 / 36 / 176:  88%|████████▊ | 177/200 [10:46<01:23,  3.65s/it]
[Succeeded / Failed / Skipped / Total] 44 / 97 / 36 / 177:  88%|████████▊ | 177/200 [10:46<01:23,  3.65s/it]
[Succeeded / Failed / Skipped / Total] 44 / 97 / 36 / 177:  89%|████████▉ | 178/200 [10:51<01:20,  3.66s/it]
[Succeeded / Failed / Skipped / Total] 44 / 98 / 36 / 178:  89%|████████▉ | 178/200 [10:51<01:20,  3.66s/it]
[Succeeded / Failed / Skipped / Total] 44 / 98 / 36 / 178:  90%|████████▉ | 179/200 [10:56<01:17,  3.67s/it]
[Succeeded / Failed / Skipped / Total] 45 / 98 / 36 / 179:  90%|████████▉ | 179/200 [10:56<01:17,  3.67s/it]
[Succeeded / Failed / Skipped / Total] 45 / 98 / 36 / 179:  90%|█████████ | 180/200 [11:03<01:13,  3.69s/it]
[Succeeded / Failed / Skipped / Total] 45 / 99 / 36 / 180:  90%|█████████ | 180/200 [11:03<01:13,  3.69s/it]
[Succeeded / Failed / Skipped / Total] 45 / 99 / 36 / 180:  90%|█████████ | 181/200 [11:03<01:09,  3.67s/it]
[Succeeded / Failed / Skipped / Total] 45 / 99 / 37 / 181:  90%|█████████ | 181/200 [11:03<01:09,  3.67s/it]
[Succeeded / Failed / Skipped / Total] 45 / 99 / 37 / 181:  91%|█████████ | 182/200 [11:08<01:06,  3.67s/it]
[Succeeded / Failed / Skipped / Total] 45 / 100 / 37 / 182:  91%|█████████ | 182/200 [11:08<01:06,  3.67s/it]
[Succeeded / Failed / Skipped / Total] 45 / 100 / 37 / 182:  92%|█████████▏| 183/200 [11:14<01:02,  3.68s/it]--------------------------------------------- Result 166 ---------------------------------------------
[[3 (84%)]] --> [[1 (81%)]]

Newest [[video]] [[games]] gun to be No. 1  Voters apparently weren #39;t the only ones willing to stand in long lines. The release of this year #39;s two hottest video games - Grand Theft Auto: San Andreas, and Halo 2 - had gamers lined up at stores across the nation to pick up their pre-ordered games.

Newest [[videh]] [[garmes]] gun to be No. 1  Voters apparently weren #39;t the only ones willing to stand in long lines. The release of this year #39;s two hottest video games - Grand Theft Auto: San Andreas, and Halo 2 - had gamers lined up at stores across the nation to pick up their pre-ordered games.


--------------------------------------------- Result 167 ---------------------------------------------
[[0 (96%)]] --> [[1 (40%)]]

82 still missing in Chinese [[mine]] blast  XINMI, China -- Desperate to know their loved ones' fates, grieving relatives scuffled with guards yesterday at the scene of [[China's]] worst mining accident this year as rescue workers pulled more bodies out of a mine shaft choked with [[poison]] gas.

82 still missing in Chinese [[mnie]] blast  XINMI, China -- Desperate to know their loved ones' fates, grieving relatives scuffled with guards yesterday at the scene of [[Chinals]] worst mining accident this year as rescue workers pulled more bodies out of a mine shaft choked with [[pXison]] gas.


--------------------------------------------- Result 168 ---------------------------------------------
[[3 (80%)]] --> [[[SKIPPED]]]

Microsoft Opens Software Development Center in India (Update3)  Microsoft Corp., the world #39;s largest software maker, will hire several hundred #39; #39; people in the next year at its development center in India, expanding its workforce of 800, Chief Executive Steve Ballmer said.


--------------------------------------------- Result 169 ---------------------------------------------
[[1 (100%)]] --> [[[FAILED]]]

Agassi advances in Madrid, Henman eliminated  Top seed Tim Henman suffered a 6-4,4-6, 6-2 defeat to Croatian Ivan Ljubicic in the Madrid Masters on Thursday as Andre Agassi advanced to the quarter-finals with a 6-1,6-3 victory over Vincent Spadea.


--------------------------------------------- Result 170 ---------------------------------------------
[[1 (67%)]] --> [[2 (40%)]]

Void is filled with Clement  With the supply of attractive pitching options dwindling daily -- they lost Pedro Martinez to the Mets, missed on Tim Hudson, and are resigned to Randy Johnson becoming a Yankee -- the Red Sox struck again last night, coming to terms with free agent Matt Clement on a three-year deal that will pay the righthander in the [[neighborhood]] of \$25 ...

Void is filled with Clement  With the supply of attractive pitching options dwindling daily -- they lost Pedro Martinez to the Mets, missed on Tim Hudson, and are resigned to Randy Johnson becoming a Yankee -- the Red Sox struck again last night, coming to terms with free agent Matt Clement on a three-year deal that will pay the righthander in the [[Eneighborhood]] of \$25 ...


--------------------------------------------- Result 171 ---------------------------------------------
[[3 (75%)]] --> [[2 (48%)]]

News: Banks prepare for ATM cyber crime  An industry and law enforcement group hopes to prevent [[Windows]] XP-based cash machines from inspiring "the next wave of [[ATM]] [[crime]]."\

News: Banks prepare for ATM cyber crime  An industry and law enforcement group hopes to prevent [[iWndows]] XP-based cash machines from inspiring "the next wave of [[TM]] [[cirme]]."\


--------------------------------------------- Result 172 ---------------------------------------------
[[2 (82%)]] --> [[[SKIPPED]]]

Studios to sue pirates  Hollywood studios plan to file hundreds of lawsuits this month against people who illegally share movies online, industry representatives said Thursday.


--------------------------------------------- Result 173 ---------------------------------------------
[[1 (100%)]] --> [[[FAILED]]]

Lehman hoping third time is a charm  Tied for the lead in what was shaping up as another shootout at Disney, Tom Lehman believes he has experience on his side. Not from the last 12 years, but the last three weeks.


--------------------------------------------- Result 174 ---------------------------------------------
[[2 (100%)]] --> [[[FAILED]]]

Target Earns \$537 Million  Target Corp. , the No. 2 US discount retailer, on Thursday posted a higher quarterly profit on stronger sales and gains from selling its Mervyn #39;s department store chain, and forecast 2004 would end well.


--------------------------------------------- Result 175 ---------------------------------------------
[[2 (85%)]] --> [[[SKIPPED]]]

Cuts offered, issue remains tax or cap  The union #39;s proposal to end the lockout, made Thursday at the league #39;s Canadian headquarters, calls for a tax that would penalize -- and perhaps deter -- high-end payrolls.


--------------------------------------------- Result 176 ---------------------------------------------
[[2 (49%)]] --> [[3 (49%)]]

Analysis: US heating [[oil]] guides NYMEX  The price of oil futures jumped sharply Wednesday when a disappointing decline in the US heating-oil supply trumped growth in the crude stockpile.

Analysis: US heating [[oiql]] guides NYMEX  The price of oil futures jumped sharply Wednesday when a disappointing decline in the US heating-oil supply trumped growth in the crude stockpile.


--------------------------------------------- Result 177 ---------------------------------------------
[[1 (89%)]] --> [[[FAILED]]]

Rivera was a corner stone for Ruiz  NEW YORK -- For a time Saturday night, John Ruiz was ready to give up.


--------------------------------------------- Result 178 ---------------------------------------------
[[1 (100%)]] --> [[[FAILED]]]

No. 17 Rutgers Stops South Dakota State (AP)  AP - Freshman guard Matee Ajavon scored 29 points to lead Rutgers over South Dakota State 68-50 on Thursday in the opening game of the Paradise Jam tournament in the U.S. Virgin Islands.


--------------------------------------------- Result 179 ---------------------------------------------
[[3 (67%)]] --> [[1 (53%)]]

 #39;Breakthrough #39; on hydrogen fuel  US scientists had made a [[breakthrough]] in their quest to [[make]] low-cost hydrogen, a [[technology]] key to finding new sources of energy to end US dependence on foreign [[oil]], they said.

 #39;Breakthrough #39; on hydrogen fuel  US scientists had made a [[breakhtrough]] in their quest to [[makue]] low-cost hydrogen, a [[technolog]] key to finding new sources of energy to end US dependence on foreign [[Eil]], they said.


--------------------------------------------- Result 180 ---------------------------------------------
[[1 (95%)]] --> [[[FAILED]]]

New memories warm heart of this Bosox fan  Is it really true? Did it really happen? Or was that just the figment of some Boston Red Sox fanatic #39;s wild imagination? Did the Red Sox really win the World Series for the first time since 1918 by sweeping the St.


--------------------------------------------- Result 181 ---------------------------------------------
[[3 (58%)]] --> [[[SKIPPED]]]

LG Electronics-Matsushita PDP battle  TOKYO (CBS.MW) -- South Korea #39;s LG Electronics Inc. said Tuesday it would file a counter measure against Japan #39;s Matsushita Electric Industrial Co.


--------------------------------------------- Result 182 ---------------------------------------------
[[1 (100%)]] --> [[[FAILED]]]

Henry doubtful for Anfield clash  Arsenal striker Thierry Henry is doubtful for Sundays Barclays Premiership trip to Liverpool with a calf injury. The Frenchman aggravated the problem during Wednesday nights ill-tempered Champions League 


--------------------------------------------- Result 183 ---------------------------------------------

[Succeeded / Failed / Skipped / Total] 45 / 101 / 37 / 183:  92%|█████████▏| 183/200 [11:14<01:02,  3.68s/it]
[Succeeded / Failed / Skipped / Total] 45 / 101 / 37 / 183:  92%|█████████▏| 184/200 [11:17<00:58,  3.68s/it]
[Succeeded / Failed / Skipped / Total] 46 / 101 / 37 / 184:  92%|█████████▏| 184/200 [11:17<00:58,  3.68s/it]
[Succeeded / Failed / Skipped / Total] 46 / 101 / 37 / 184:  92%|█████████▎| 185/200 [11:20<00:55,  3.68s/it]
[Succeeded / Failed / Skipped / Total] 46 / 102 / 37 / 185:  92%|█████████▎| 185/200 [11:20<00:55,  3.68s/it]
[Succeeded / Failed / Skipped / Total] 46 / 102 / 37 / 185:  93%|█████████▎| 186/200 [11:21<00:51,  3.66s/it]
[Succeeded / Failed / Skipped / Total] 46 / 102 / 38 / 186:  93%|█████████▎| 186/200 [11:21<00:51,  3.66s/it]
[Succeeded / Failed / Skipped / Total] 46 / 102 / 38 / 186:  94%|█████████▎| 187/200 [11:21<00:47,  3.64s/it]
[Succeeded / Failed / Skipped / Total] 46 / 102 / 39 / 187:  94%|█████████▎| 187/200 [11:21<00:47,  3.64s/it]
[Succeeded / Failed / Skipped / Total] 46 / 102 / 39 / 187:  94%|█████████▍| 188/200 [11:25<00:43,  3.65s/it]
[Succeeded / Failed / Skipped / Total] 46 / 103 / 39 / 188:  94%|█████████▍| 188/200 [11:25<00:43,  3.65s/it]
[Succeeded / Failed / Skipped / Total] 46 / 103 / 39 / 188:  94%|█████████▍| 189/200 [11:31<00:40,  3.66s/it]
[Succeeded / Failed / Skipped / Total] 46 / 104 / 39 / 189:  94%|█████████▍| 189/200 [11:31<00:40,  3.66s/it]
[Succeeded / Failed / Skipped / Total] 46 / 104 / 39 / 189:  95%|█████████▌| 190/200 [11:31<00:36,  3.64s/it]
[Succeeded / Failed / Skipped / Total] 46 / 104 / 40 / 190:  95%|█████████▌| 190/200 [11:31<00:36,  3.64s/it]
[Succeeded / Failed / Skipped / Total] 46 / 104 / 40 / 190:  96%|█████████▌| 191/200 [11:34<00:32,  3.63s/it]
[Succeeded / Failed / Skipped / Total] 47 / 104 / 40 / 191:  96%|█████████▌| 191/200 [11:34<00:32,  3.63s/it]
[Succeeded / Failed / Skipped / Total] 47 / 104 / 40 / 191:  96%|█████████▌| 192/200 [11:38<00:29,  3.64s/it]
[Succeeded / Failed / Skipped / Total] 47 / 105 / 40 / 192:  96%|█████████▌| 192/200 [11:38<00:29,  3.64s/it]
[Succeeded / Failed / Skipped / Total] 47 / 105 / 40 / 192:  96%|█████████▋| 193/200 [11:43<00:25,  3.64s/it]
[Succeeded / Failed / Skipped / Total] 47 / 106 / 40 / 193:  96%|█████████▋| 193/200 [11:43<00:25,  3.64s/it]
[Succeeded / Failed / Skipped / Total] 47 / 106 / 40 / 193:  97%|█████████▋| 194/200 [11:46<00:21,  3.64s/it]
[Succeeded / Failed / Skipped / Total] 47 / 107 / 40 / 194:  97%|█████████▋| 194/200 [11:46<00:21,  3.64s/it]
[Succeeded / Failed / Skipped / Total] 47 / 107 / 40 / 194:  98%|█████████▊| 195/200 [11:50<00:18,  3.64s/it]
[Succeeded / Failed / Skipped / Total] 48 / 107 / 40 / 195:  98%|█████████▊| 195/200 [11:50<00:18,  3.64s/it]
[Succeeded / Failed / Skipped / Total] 48 / 107 / 40 / 195:  98%|█████████▊| 196/200 [11:55<00:14,  3.65s/it]
[Succeeded / Failed / Skipped / Total] 48 / 108 / 40 / 196:  98%|█████████▊| 196/200 [11:55<00:14,  3.65s/it]
[Succeeded / Failed / Skipped / Total] 48 / 108 / 40 / 196:  98%|█████████▊| 197/200 [11:55<00:10,  3.63s/it]
[Succeeded / Failed / Skipped / Total] 48 / 108 / 41 / 197:  98%|█████████▊| 197/200 [11:55<00:10,  3.63s/it]
[Succeeded / Failed / Skipped / Total] 48 / 108 / 41 / 197:  99%|█████████▉| 198/200 [12:00<00:07,  3.64s/it]
[Succeeded / Failed / Skipped / Total] 49 / 108 / 41 / 198:  99%|█████████▉| 198/200 [12:00<00:07,  3.64s/it]
[Succeeded / Failed / Skipped / Total] 49 / 108 / 41 / 198: 100%|█████████▉| 199/200 [12:00<00:03,  3.62s/it]
[Succeeded / Failed / Skipped / Total] 49 / 108 / 42 / 199: 100%|█████████▉| 199/200 [12:00<00:03,  3.62s/it]
[Succeeded / Failed / Skipped / Total] 49 / 108 / 42 / 199: 100%|██████████| 200/200 [12:04<00:00,  3.62s/it]
[Succeeded / Failed / Skipped / Total] 50 / 108 / 42 / 200: 100%|██████████| 200/200 [12:04<00:00,  3.62s/it]
[Succeeded / Failed / Skipped / Total] 50 / 108 / 42 / 200: 100%|██████████| 200/200 [12:04<00:00,  3.62s/it]
[[1 (99%)]] --> [[[FAILED]]]

Hokies making statement about ACC title intentions  The annual summer barbecues that Ralph Friedgen and Frank Beamer co-host at their lake homes in Georgia may be a little less cordial after the way Beamer #39;s Virginia Tech Hokies waxed Friedgen #39;s Maryland Terrapins 55-6 last night.


--------------------------------------------- Result 184 ---------------------------------------------
[[0 (57%)]] --> [[1 (49%)]]

Death threats on film-maker #39;s body  A LETTER left on the body of a Dutch filmmmaker murdered in Amsterdam contained death threats against a Dutch politician, the justice minister said [[today]].

Death threats on film-maker #39;s body  A LETTER left on the body of a Dutch filmmmaker murdered in Amsterdam contained death threats against a Dutch politician, the justice minister said [[ktoday]].


--------------------------------------------- Result 185 ---------------------------------------------
[[1 (99%)]] --> [[[FAILED]]]

Wenger Spares Red-Faced Lehmann  Arsenal keeper Jens Lehmann was left red-faced in Athens as two costly mistakes ensured that a Champions League victory slipped through his sides fingers again.


--------------------------------------------- Result 186 ---------------------------------------------
[[1 (99%)]] --> [[[SKIPPED]]]

England humble Sprinboks  Charlie Hodgson scores 27 points as England overwhelm the Springboks at Twickenham.


--------------------------------------------- Result 187 ---------------------------------------------
[[3 (96%)]] --> [[[SKIPPED]]]

FCC exempts fiber-to-curb from sharing requirements  The Federal Communications Commission Thursday voted to allow incumbent telephone carriers from sharing fiber-to-the-curb deployments from competitors, prompting one incumbent to announce an accelerated fiber rollout.


--------------------------------------------- Result 188 ---------------------------------------------
[[0 (98%)]] --> [[[FAILED]]]

CARE Official Kidnapped in Baghdad  Margaret Hassan, said to be a British-born Iraqi national, the director of CARE International #39;s operation in Iraq is seen in this image made from video footage made on May 20, 2003.


--------------------------------------------- Result 189 ---------------------------------------------
[[2 (91%)]] --> [[[FAILED]]]

General Electric Raises Dividend  General Electric Co., a maker of jet engines, plastics and appliances as well as owner of the NBC television network, said Friday that its board raised the company #39;s quarterly dividend by 10 percent to 22 cents per share, and authorized the repurchase of 


--------------------------------------------- Result 190 ---------------------------------------------
[[2 (91%)]] --> [[[SKIPPED]]]

PeopleSoft revises third-quarter profit  Oracle target adds \$2.6 million to bottom line after tax adjustment related to ex-CEO's severance package.


--------------------------------------------- Result 191 ---------------------------------------------
[[3 (87%)]] --> [[2 (50%)]]

Injection Flaw Found in Browsers  Danish security research firm Secunia has reported a vulnerability that occurs in most browsers that can be exploited by hackers looking to spoof the content of [[Web]] sites.

Injection Flaw Found in Browsers  Danish security research firm Secunia has reported a vulnerability that occurs in most browsers that can be exploited by hackers looking to spoof the content of [[Wcb]] sites.


--------------------------------------------- Result 192 ---------------------------------------------
[[1 (100%)]] --> [[[FAILED]]]

PALMER BREAKS TOUR DUCK IN STYLE  Ryan Palmer came from five shots behind with a magnificent 62 to earn his maiden PGA Tour tournament victory at the Funai Classic on Sunday.


--------------------------------------------- Result 193 ---------------------------------------------
[[3 (98%)]] --> [[[FAILED]]]

Yahoo, EarthLink Test DomainKeys Spoofing Defense  Yahoo announced enhancements to its e-mail service, implementing search, more storage and its DomainKeys sender authentication technology, which is also being deployed by Internet service provider EarthLink in a test roll-out.


--------------------------------------------- Result 194 ---------------------------------------------
[[3 (71%)]] --> [[[FAILED]]]

Partner: Free Verisign SSL Certificate  Don't miss the opportunity! Obtain a FREE SSL Trial ID today.


--------------------------------------------- Result 195 ---------------------------------------------
[[2 (61%)]] --> [[3 (47%)]]

Iraq to spend \$1 billion to expand oil [[production]]  Iraq is planning to spend more than \$1 billion in [[2005]] to boost its oil production capacity by about 15 percent to 3.25 million barrels a [[day]], an Iraqi official said.

Iraq to spend \$1 billion to expand oil [[wproduction]]  Iraq is planning to spend more than \$1 billion in [[20q5]] to boost its oil production capacity by about 15 percent to 3.25 million barrels a [[jday]], an Iraqi official said.


--------------------------------------------- Result 196 ---------------------------------------------
[[3 (94%)]] --> [[[FAILED]]]

Supercomputer breaks speed record  The US is poised to push Japan off the top of the supercomputing chart with IBM #39;s prototype Blue Gene/L machine. It is being assembled for the Lawrence Livermore National Laboratories, a US Department of Energy lab (DOE).


--------------------------------------------- Result 197 ---------------------------------------------
[[2 (56%)]] --> [[[SKIPPED]]]

Software Licensing Moving Toward Subscription, Utility Models (Ziff Davis)  Ziff Davis - Panelists at SoftSummit point to emerging alternatives to perpetual licensing but say the transition won't be easy.


--------------------------------------------- Result 198 ---------------------------------------------
[[1 (86%)]] --> [[2 (49%)]]

Dave Hyde column, [[October]] 25, [[2004]]  In somber tones and professional adjectives, the president, the athletic director and the no-longer-the-football-coach took turns announcing a University of Florida firing Monday that was surprising only for coming sooner rather than [[later]].

Dave Hyde column, [[Ocjober]] 25, [[T2004]]  In somber tones and professional adjectives, the president, the athletic director and the no-longer-the-football-coach took turns announcing a University of Florida firing Monday that was surprising only for coming sooner rather than [[latec]].


--------------------------------------------- Result 199 ---------------------------------------------
[[3 (52%)]] --> [[[SKIPPED]]]

UPDATE 1-BMW, Honda drop challenge to F1 rules  Carmakers BMW and Honda have dropped plans to challenge Formula One #39;s governing body over engine rules for 2006 after deciding that legal action would be bad for motor racing.


--------------------------------------------- Result 200 ---------------------------------------------
[[2 (91%)]] --> [[0 (41%)]]

[[CNH]] [[Global]] [[workers]] in Racine go on [[strike]] after contract stalemate  CNH Global NV workers in Racine and three other cities went on strike Wednesday, six months after rejecting the company #39;s final contract offer.

[[CZNH]] [[Globla]] [[wrkers]] in Racine go on [[sDtrike]] after contract stalemate  CNH Global NV workers in Racine and three other cities went on strike Wednesday, six months after rejecting the company #39;s final contract offer.



+-------------------------------+--------+
| Attack Results                |        |
+-------------------------------+--------+
| Number of successful attacks: | 50     |
| Number of failed attacks:     | 108    |
| Number of skipped attacks:    | 42     |
| Original accuracy:            | 79.0%  |
| Accuracy under attack:        | 54.0%  |
| Attack success rate:          | 31.65% |
| Average perturbed word %:     | 7.2%   |
| Average num. words per input: | 38.08  |
| Avg num queries:              | 43.08  |
+-------------------------------+--------+
Attack results saved to out/attack/agnews/DeepWordBug/NoDefense/half/dataset.csv

Processing rows:   0%|          | 0/200 [00:00<?, ?it/s]
Processing rows:   2%|▎         | 5/200 [02:12<1:26:06, 26.50s/it]
Processing rows:   4%|▍         | 8/200 [03:55<1:36:15, 30.08s/it]
Processing rows:   4%|▍         | 9/200 [06:02<2:31:15, 47.52s/it]
Processing rows:  10%|▉         | 19/200 [07:31<59:30, 19.73s/it] 
Processing rows:  12%|█▏        | 23/200 [09:35<1:07:55, 23.02s/it]
Processing rows:  12%|█▏        | 24/200 [11:15<1:28:48, 30.28s/it]
Processing rows:  13%|█▎        | 26/200 [13:05<1:43:09, 35.57s/it]
Processing rows:  16%|█▌        | 31/200 [15:26<1:31:01, 32.32s/it]
Processing rows:  18%|█▊        | 37/200 [17:11<1:10:50, 26.07s/it]
Processing rows:  20%|██        | 41/200 [19:05<1:10:49, 26.73s/it]
Processing rows:  22%|██▏       | 43/200 [20:45<1:20:19, 30.70s/it]
Processing rows:  23%|██▎       | 46/200 [22:11<1:17:31, 30.20s/it]
Processing rows:  25%|██▌       | 50/200 [23:59<1:12:47, 29.12s/it]
Processing rows:  26%|██▌       | 52/200 [25:50<1:24:19, 34.19s/it]
Processing rows:  28%|██▊       | 56/200 [27:43<1:16:59, 32.08s/it]
Processing rows:  32%|███▏      | 64/200 [29:20<49:53, 22.01s/it]  
Processing rows:  33%|███▎      | 66/200 [31:44<1:06:14, 29.66s/it]
Processing rows:  34%|███▎      | 67/200 [33:40<1:24:34, 38.15s/it]
Processing rows:  35%|███▌      | 70/200 [36:02<1:28:38, 40.91s/it]
Processing rows:  36%|███▌      | 72/200 [38:01<1:35:55, 44.96s/it]
Processing rows:  36%|███▋      | 73/200 [40:07<1:58:37, 56.04s/it]
Processing rows:  37%|███▋      | 74/200 [42:16<2:22:35, 67.90s/it]
Processing rows:  45%|████▌     | 90/200 [43:45<34:24, 18.77s/it]  
Processing rows:  46%|████▌     | 91/200 [44:50<39:36, 21.81s/it]
Processing rows:  50%|█████     | 100/200 [46:51<29:56, 17.97s/it]
Processing rows:  51%|█████     | 102/200 [48:17<34:33, 21.16s/it]
Processing rows:  52%|█████▏    | 104/200 [49:28<37:18, 23.31s/it]
Processing rows:  57%|█████▊    | 115/200 [50:43<20:17, 14.33s/it]
Processing rows:  60%|█████▉    | 119/200 [52:36<23:30, 17.41s/it]
Processing rows:  67%|██████▋   | 134/200 [54:03<12:11, 11.09s/it]
Processing rows:  69%|██████▉   | 138/200 [55:45<14:00, 13.56s/it]
Processing rows:  70%|██████▉   | 139/200 [57:22<18:39, 18.36s/it]
Processing rows:  73%|███████▎  | 146/200 [59:04<15:16, 16.98s/it]
Processing rows:  74%|███████▍  | 148/200 [1:01:02<19:27, 22.46s/it]
Processing rows:  74%|███████▍  | 149/200 [1:03:00<25:59, 30.58s/it]
Processing rows:  76%|███████▋  | 153/200 [1:05:09<24:23, 31.13s/it]
Processing rows:  78%|███████▊  | 155/200 [1:06:30<24:40, 32.89s/it]
Processing rows:  82%|████████▏ | 163/200 [1:07:59<13:18, 21.58s/it]
Processing rows:  82%|████████▎ | 165/200 [1:09:36<15:02, 25.78s/it]
Processing rows:  83%|████████▎ | 166/200 [1:12:09<21:52, 38.60s/it]
Processing rows:  84%|████████▎ | 167/200 [1:14:21<27:39, 50.28s/it]
Processing rows:  85%|████████▌ | 170/200 [1:17:21<26:51, 53.72s/it]
Processing rows:  86%|████████▌ | 171/200 [1:18:39<27:39, 57.21s/it]
Processing rows:  88%|████████▊ | 176/200 [1:20:00<14:35, 36.50s/it]
Processing rows:  90%|████████▉ | 179/200 [1:21:40<12:25, 35.49s/it]
Processing rows:  92%|█████████▏| 184/200 [1:23:06<07:25, 27.85s/it]
Processing rows:  96%|█████████▌| 191/200 [1:24:37<03:10, 21.13s/it]
Processing rows:  98%|█████████▊| 195/200 [1:26:28<01:54, 22.88s/it]
Processing rows:  99%|█████████▉| 198/200 [1:28:16<00:51, 25.81s/it]
Processing rows: 100%|██████████| 200/200 [1:29:52<00:00, 29.81s/it]
Processing rows: 100%|██████████| 200/200 [1:29:52<00:00, 26.96s/it]
Accuracy after SHAP 0.655
2025-01-20 12:57:01.697732: I tensorflow/core/util/port.cc:153] oneDNN custom operations are on. You may see slightly different numerical results due to floating-point round-off errors from different computation orders. To turn them off, set the environment variable `TF_ENABLE_ONEDNN_OPTS=0`.
2025-01-20 12:57:01.708190: E external/local_xla/xla/stream_executor/cuda/cuda_fft.cc:477] Unable to register cuFFT factory: Attempting to register factory for plugin cuFFT when one has already been registered
WARNING: All log messages before absl::InitializeLog() is called are written to STDERR
E0000 00:00:1737374221.720479   63981 cuda_dnn.cc:8310] Unable to register cuDNN factory: Attempting to register factory for plugin cuDNN when one has already been registered
E0000 00:00:1737374221.724324   63981 cuda_blas.cc:1418] Unable to register cuBLAS factory: Attempting to register factory for plugin cuBLAS when one has already been registered
2025-01-20 12:57:01.737810: I tensorflow/core/platform/cpu_feature_guard.cc:210] This TensorFlow binary is optimized to use available CPU instructions in performance-critical operations.
To enable the following instructions: AVX2 AVX512F AVX512_VNNI AVX512_BF16 AVX512_FP16 AVX_VNNI AMX_TILE AMX_INT8 AMX_BF16 FMA, in other operations, rebuild TensorFlow with the appropriate compiler flags.
Loading alpaca.
Here is the torch.cuda.is_available() : True
Tokenizer loaded.
Loading model with half precision.
Loading checkpoint shards:   0%|          | 0/6 [00:00<?, ?it/s]Loading checkpoint shards:  17%|█▋        | 1/6 [00:00<00:04,  1.07it/s]Loading checkpoint shards:  33%|███▎      | 2/6 [00:01<00:03,  1.11it/s]Loading checkpoint shards:  50%|█████     | 3/6 [00:02<00:02,  1.14it/s]Loading checkpoint shards:  67%|██████▋   | 4/6 [00:03<00:01,  1.18it/s]Loading checkpoint shards:  83%|████████▎ | 5/6 [00:04<00:00,  1.19it/s]Loading checkpoint shards: 100%|██████████| 6/6 [00:04<00:00,  1.33it/s]Loading checkpoint shards: 100%|██████████| 6/6 [00:04<00:00,  1.23it/s]
textattack: Unknown if model of class <class 'transformers.models.llama.modeling_llama.LlamaForCausalLM'> compatible with goal function <class 'textattack.goal_functions.classification.untargeted_classification.UntargetedClassification'>.
textattack: Logging to CSV at path out/attack/agnews/TextBugger/NoDefense/half/dataset.csv
Model loaded with half precision (torch.float16).
Model setup for AGNews
Attack(
  (search_method): GreedyWordSwapWIR(
    (wir_method):  delete
  )
  (goal_function):  UntargetedClassification
  (transformation):  CompositeTransformation(
    (0): WordSwapRandomCharacterInsertion(
        (random_one):  True
      )
    (1): WordSwapRandomCharacterDeletion(
        (random_one):  True
      )
    (2): WordSwapNeighboringCharacterSwap(
        (random_one):  True
      )
    (3): WordSwapHomoglyphSwap
    (4): WordSwapEmbedding(
        (max_candidates):  5
        (embedding):  WordEmbedding
      )
    )
  (constraints): 
    (0): MaxWordsPerturbed(
        (max_percent):  0.1
        (compare_against_original):  True
      )
    (1): UniversalSentenceEncoder(
        (metric):  angular
        (threshold):  0.8
        (window_size):  inf
        (skip_text_shorter_than_window):  False
        (compare_against_original):  True
      )
    (2): RepeatModification
    (3): StopwordModification
  (is_black_box):  True
) 

  0%|          | 0/200 [00:00<?, ?it/s]Token indices sequence length is longer than the specified maximum sequence length for this model (592 > 512). Running this sequence through the model will result in indexing errors
Starting from v4.46, the `logits` model output will have the same type as the model (except at train time, where it will always be FP32)
I0000 00:00:1737374323.003798   63981 gpu_device.cc:2022] Created device /job:localhost/replica:0/task:0/device:GPU:0 with 5317 MB memory:  -> device: 0, name: NVIDIA RTX 4500 Ada Generation, pci bus id: 0000:ac:00.0, compute capability: 8.9
I0000 00:00:1737374323.004214   63981 gpu_device.cc:2022] Created device /job:localhost/replica:0/task:0/device:GPU:1 with 22474 MB memory:  -> device: 1, name: NVIDIA RTX 4500 Ada Generation, pci bus id: 0000:ca:00.0, compute capability: 8.9
  0%|          | 1/200 [01:43<5:44:01, 103.72s/it][Succeeded / Failed / Skipped / Total] 0 / 1 / 0 / 1:   0%|          | 1/200 [01:43<5:44:24, 103.84s/it][Succeeded / Failed / Skipped / Total] 0 / 1 / 0 / 1:   1%|          | 2/200 [01:53<3:07:09, 56.71s/it] [Succeeded / Failed / Skipped / Total] 0 / 2 / 0 / 2:   1%|          | 2/200 [01:53<3:07:10, 56.72s/it][Succeeded / Failed / Skipped / Total] 0 / 2 / 0 / 2:   2%|▏         | 3/200 [01:59<2:10:53, 39.87s/it][Succeeded / Failed / Skipped / Total] 1 / 2 / 0 / 3:   2%|▏         | 3/200 [01:59<2:10:54, 39.87s/it][Succeeded / Failed / Skipped / Total] 1 / 2 / 0 / 3:   2%|▏         | 4/200 [01:59<1:37:45, 29.93s/it][Succeeded / Failed / Skipped / Total] 1 / 2 / 1 / 4:   2%|▏         | 4/200 [01:59<1:37:45, 29.93s/it][Succeeded / Failed / Skipped / Total] 1 / 2 / 1 / 4:   2%|▎         | 5/200 [02:03<1:20:25, 24.75s/it][Succeeded / Failed / Skipped / Total] 2 / 2 / 1 / 5:   2%|▎         | 5/200 [02:03<1:20:25, 24.75s/it][Succeeded / Failed / Skipped / Total] 2 / 2 / 1 / 5:   3%|▎         | 6/200 [02:09<1:09:57, 21.64s/it][Succeeded / Failed / Skipped / Total] 2 / 3 / 1 / 6:   3%|▎         | 6/200 [02:09<1:09:57, 21.64s/it][Succeeded / Failed / Skipped / Total] 2 / 3 / 1 / 6:   4%|▎         | 7/200 [02:09<59:42, 18.56s/it]  [Succeeded / Failed / Skipped / Total] 2 / 3 / 2 / 7:   4%|▎         | 7/200 [02:09<59:42, 18.56s/it][Succeeded / Failed / Skipped / Total] 2 / 3 / 2 / 7:   4%|▍         | 8/200 [02:15<54:18, 16.97s/it][Succeeded / Failed / Skipped / Total] 3 / 3 / 2 / 8:   4%|▍         | 8/200 [02:15<54:18, 16.97s/it][Succeeded / Failed / Skipped / Total] 3 / 3 / 2 / 8:   4%|▍         | 9/200 [02:19<49:13, 15.46s/it][Succeeded / Failed / Skipped / Total] 4 / 3 / 2 / 9:   4%|▍         | 9/200 [02:19<49:13, 15.46s/it][Succeeded / Failed / Skipped / Total] 4 / 3 / 2 / 9:   5%|▌         | 10/200 [02:28<47:09, 14.89s/it][Succeeded / Failed / Skipped / Total] 4 / 4 / 2 / 10:   5%|▌         | 10/200 [02:28<47:09, 14.89s/it][Succeeded / Failed / Skipped / Total] 4 / 4 / 2 / 10:   6%|▌         | 11/200 [02:35<44:23, 14.09s/it][Succeeded / Failed / Skipped / Total] 4 / 5 / 2 / 11:   6%|▌         | 11/200 [02:35<44:23, 14.09s/it][Succeeded / Failed / Skipped / Total] 4 / 5 / 2 / 11:   6%|▌         | 12/200 [02:40<41:55, 13.38s/it][Succeeded / Failed / Skipped / Total] 4 / 6 / 2 / 12:   6%|▌         | 12/200 [02:40<41:55, 13.38s/it][Succeeded / Failed / Skipped / Total] 4 / 6 / 2 / 12:   6%|▋         | 13/200 [02:45<39:47, 12.77s/it][Succeeded / Failed / Skipped / Total] 5 / 6 / 2 / 13:   6%|▋         | 13/200 [02:45<39:47, 12.77s/it][Succeeded / Failed / Skipped / Total] 5 / 6 / 2 / 13:   7%|▋         | 14/200 [02:56<39:02, 12.60s/it][Succeeded / Failed / Skipped / Total] 5 / 7 / 2 / 14:   7%|▋         | 14/200 [02:56<39:03, 12.60s/it][Succeeded / Failed / Skipped / Total] 5 / 7 / 2 / 14:   8%|▊         | 15/200 [03:00<37:06, 12.03s/it][Succeeded / Failed / Skipped / Total] 6 / 7 / 2 / 15:   8%|▊         | 15/200 [03:00<37:06, 12.03s/it][Succeeded / Failed / Skipped / Total] 6 / 7 / 2 / 15:   8%|▊         | 16/200 [03:07<35:59, 11.74s/it][Succeeded / Failed / Skipped / Total] 7 / 7 / 2 / 16:   8%|▊         | 16/200 [03:07<35:59, 11.74s/it][Succeeded / Failed / Skipped / Total] 7 / 7 / 2 / 16:   8%|▊         | 17/200 [03:15<35:08, 11.52s/it][Succeeded / Failed / Skipped / Total] 7 / 8 / 2 / 17:   8%|▊         | 17/200 [03:15<35:08, 11.52s/it][Succeeded / Failed / Skipped / Total] 7 / 8 / 2 / 17:   9%|▉         | 18/200 [03:15<33:01, 10.89s/it]--------------------------------------------- Result 1 ---------------------------------------------
[[1 (100%)]] --> [[[FAILED]]]

NFL Fines Saints' Gleason  #36;5,000 for Punch (AP)  AP - Steve Gleason of the New Orleans Saints was fined  #36;5,000 by the NFL on Wednesday after being thrown out of last week's game with Carolina for punching the Panthers' Kemp Rasmussen at the end of a kickoff return.


--------------------------------------------- Result 2 ---------------------------------------------
[[3 (92%)]] --> [[[FAILED]]]

Sparkle starts shipping GeForce 6600 GT AGP  &lt;a href="http://www.hardwareanalysis.com/content/article/1755/"&gt;GeForce 6600GT AGP, as good as it gets?&lt;/a&gt; &lt;font size=-1 color=#6f6f6f&gt;&lt;nobr&gt;Hardware Analysis&lt;/nobr&gt;


--------------------------------------------- Result 3 ---------------------------------------------
[[0 (97%)]] --> [[1 (63%)]]

[[Arafat's]] [[Health]] Reported to Have Turned Sharply Worse  An ambulance was called to Yasir Arafat's compound amid unconfirmed reports that he had lost [[consciousness]] at least once.

[[Arafa'ts]] [[Sanitary]] Reported to Have Turned Sharply Worse  An ambulance was called to Yasir Arafat's compound amid unconfirmed reports that he had lost [[consϲiousness]] at least once.


--------------------------------------------- Result 4 ---------------------------------------------
[[3 (45%)]] --> [[[SKIPPED]]]

New federal law ends check floating  A new federal law that went into effect yesterday will eventually eliminate the days of check floating.. However, some Sumner County bankers say it depends on where you bank and 


--------------------------------------------- Result 5 ---------------------------------------------
[[0 (65%)]] --> [[3 (44%)]]

[[US]] confirms commitment to defend Taiwan  Mr Powell says that while the US recognises the one-China policy, it will offer to assist Taiwan if it is threatened. A US State Department spokesman says the issue came up during talks with China #39;s visiting military chief, General Liang Guanglie.

[[OURS]] confirms commitment to defend Taiwan  Mr Powell says that while the US recognises the one-China policy, it will offer to assist Taiwan if it is threatened. A US State Department spokesman says the issue came up during talks with China #39;s visiting military chief, General Liang Guanglie.


--------------------------------------------- Result 6 ---------------------------------------------
[[1 (100%)]] --> [[[FAILED]]]

England sweeps Zims  England has swept its one-day series against Zimbabwe 4-0 with a 74-run win in Bulawayo. Veteran Darren Gough took 4-34 as Zimbabwe was bowled out for 187 chasing 262 for victory.


--------------------------------------------- Result 7 ---------------------------------------------
[[3 (53%)]] --> [[[SKIPPED]]]

Dollar Rises on the Interest Rate Plays   NEW YORK (Reuters) - The dollar rose on Thursday as  traders, short of dollars after relentlessly selling them for  weeks, looked to the growing yield advantage of U.S. assets as  a reason to buy back the currency before the end of the year.


--------------------------------------------- Result 8 ---------------------------------------------
[[3 (83%)]] --> [[2 (56%)]]

Optimism [[Drives]] Google Shares to New Highs (Reuters)  Reuters - Stock of Google Inc.  powered\to new highs on Friday, buoyed by the web search leader's new\products and growth prospects, which complement its [[recent]]\strong financial results, analysts said.

Optimism [[Disk]] Google Shares to New Highs (Reuters)  Reuters - Stock of Google Inc.  powered\to new highs on Friday, buoyed by the web search leader's new\products and growth prospects, which complement its [[newly]]\strong financial results, analysts said.


--------------------------------------------- Result 9 ---------------------------------------------
[[2 (62%)]] --> [[3 (54%)]]

[[LIFFE]] ratchets up price war with Merc  Derivatives exchange LIFFE turned up the heat on rival Chicago Mercantile Exchange on Tuesday by ratcheting up its fee incentive program for some US traders in a bid improve volume in its Eurodollar contract, the CME #39;s flagship offering.

[[LIFE]] ratchets up price war with Merc  Derivatives exchange LIFFE turned up the heat on rival Chicago Mercantile Exchange on Tuesday by ratcheting up its fee incentive program for some US traders in a bid improve volume in its Eurodollar contract, the CME #39;s flagship offering.


--------------------------------------------- Result 10 ---------------------------------------------
[[1 (98%)]] --> [[[FAILED]]]

Surprise Chargers #39; air power changing Marty #39;s stripes  KANSAS CITY, Mo. -- The San Diego Chargers players couldn #39;t quite believe what they were hearing, nor would many in the crowd at Arrowhead Stadium if they were privy to it.


--------------------------------------------- Result 11 ---------------------------------------------
[[3 (99%)]] --> [[[FAILED]]]

Energy Dept. funds open-source InfiniBand work  Three-year project will back programmers' effort to build Linux software support for the high-speed networking technology.


--------------------------------------------- Result 12 ---------------------------------------------
[[3 (86%)]] --> [[[FAILED]]]

Robo-servants set to sweep into homes  Millions of new robots will be installed in households over the next few years, a UN report predicts.


--------------------------------------------- Result 13 ---------------------------------------------
[[3 (77%)]] --> [[2 (44%)]]

[[PayPal]] and Apple iTunes link-up  [[Online]] auction house eBay #39;s payment system PayPal can now be [[used]] for purchases by US customers of Apple #39;s iTunes music store.

[[PayPaⅼ]] and Apple iTunes link-up  [[Ota]] auction house eBay #39;s payment system PayPal can now be [[use]] for purchases by US customers of Apple #39;s iTunes music store.


--------------------------------------------- Result 14 ---------------------------------------------
[[2 (97%)]] --> [[[FAILED]]]

Delta to Cut 6,000-6,900 Jobs   CHICAGO (Reuters) - Delta Air Lines on Wednesday said it  plans to cut between 6,000 and 6,900 jobs during the next 18  months, implement a 10 percent across-the-board pay reduction  and reduce employee benefits in a bid to avoid bankruptcy.


--------------------------------------------- Result 15 ---------------------------------------------
[[3 (87%)]] --> [[2 (48%)]]

Get the Facts on Microsoft Benchmarks  [[Now]] that Steve Ballmer and company have given you all the facts you need to compare Windows and [[Linux]], allow me to add just one little tidbit.

Get the Facts on Microsoft Benchmarks  [[Henceforth]] that Steve Ballmer and company have given you all the facts you need to compare Windows and [[Linսx]], allow me to add just one little tidbit.


--------------------------------------------- Result 16 ---------------------------------------------
[[1 (91%)]] --> [[0 (51%)]]

Clijsters and Hewitt reach break point  There are two consolations for disillusioned [[tennis]] romantics upset by [[yesterday]] #[[39]];s news of the [[split]] of Lleyton Hewitt and Kim Clijsters four months before their scheduled marriage.

Clijsters and Hewitt reach break point  There are two consolations for disillusioned [[opened]] romantics upset by [[yetserday]] #[[3৭]];s news of the [[spilt]] of Lleyton Hewitt and Kim Clijsters four months before their scheduled marriage.


--------------------------------------------- Result 17 ---------------------------------------------
[[1 (99%)]] --> [[[FAILED]]]

Jennings in charge  CAPE TOWN - Ray Jennings was appointed as the interim coach of South Africa #39;s national cricket side yesterday afternoon following the resignation earlier of the under-fire Eric Simons.


--------------------------------------------- Result 18 ---------------------------------------------
[Succeeded / Failed / Skipped / Total] 7 / 8 / 3 / 18:   9%|▉         | 18/200 [03:15<33:01, 10.89s/it][Succeeded / Failed / Skipped / Total] 7 / 8 / 3 / 18:  10%|▉         | 19/200 [03:20<31:53, 10.57s/it][Succeeded / Failed / Skipped / Total] 8 / 8 / 3 / 19:  10%|▉         | 19/200 [03:20<31:53, 10.57s/it][Succeeded / Failed / Skipped / Total] 8 / 8 / 3 / 19:  10%|█         | 20/200 [03:29<31:28, 10.49s/it][Succeeded / Failed / Skipped / Total] 9 / 8 / 3 / 20:  10%|█         | 20/200 [03:29<31:28, 10.49s/it][Succeeded / Failed / Skipped / Total] 9 / 8 / 3 / 20:  10%|█         | 21/200 [03:29<29:49, 10.00s/it][Succeeded / Failed / Skipped / Total] 9 / 8 / 4 / 21:  10%|█         | 21/200 [03:29<29:49, 10.00s/it][Succeeded / Failed / Skipped / Total] 9 / 8 / 4 / 21:  11%|█         | 22/200 [03:39<29:37,  9.99s/it][Succeeded / Failed / Skipped / Total] 9 / 9 / 4 / 22:  11%|█         | 22/200 [03:39<29:37,  9.99s/it][Succeeded / Failed / Skipped / Total] 9 / 9 / 4 / 22:  12%|█▏        | 23/200 [03:48<29:20,  9.95s/it][Succeeded / Failed / Skipped / Total] 9 / 10 / 4 / 23:  12%|█▏        | 23/200 [03:48<29:20,  9.95s/it][Succeeded / Failed / Skipped / Total] 9 / 10 / 4 / 23:  12%|█▏        | 24/200 [03:54<28:41,  9.78s/it][Succeeded / Failed / Skipped / Total] 10 / 10 / 4 / 24:  12%|█▏        | 24/200 [03:54<28:41,  9.78s/it][Succeeded / Failed / Skipped / Total] 10 / 10 / 4 / 24:  12%|█▎        | 25/200 [04:01<28:08,  9.65s/it][Succeeded / Failed / Skipped / Total] 10 / 11 / 4 / 25:  12%|█▎        | 25/200 [04:01<28:08,  9.65s/it][Succeeded / Failed / Skipped / Total] 10 / 11 / 4 / 25:  13%|█▎        | 26/200 [04:05<27:22,  9.44s/it][Succeeded / Failed / Skipped / Total] 11 / 11 / 4 / 26:  13%|█▎        | 26/200 [04:05<27:22,  9.44s/it][Succeeded / Failed / Skipped / Total] 11 / 11 / 4 / 26:  14%|█▎        | 27/200 [04:13<27:01,  9.37s/it][Succeeded / Failed / Skipped / Total] 11 / 12 / 4 / 27:  14%|█▎        | 27/200 [04:13<27:01,  9.37s/it][Succeeded / Failed / Skipped / Total] 11 / 12 / 4 / 27:  14%|█▍        | 28/200 [04:19<26:31,  9.25s/it][Succeeded / Failed / Skipped / Total] 11 / 13 / 4 / 28:  14%|█▍        | 28/200 [04:19<26:31,  9.25s/it][Succeeded / Failed / Skipped / Total] 11 / 13 / 4 / 28:  14%|█▍        | 29/200 [04:26<26:10,  9.19s/it][Succeeded / Failed / Skipped / Total] 12 / 13 / 4 / 29:  14%|█▍        | 29/200 [04:26<26:10,  9.19s/it][Succeeded / Failed / Skipped / Total] 12 / 13 / 4 / 29:  15%|█▌        | 30/200 [04:26<25:10,  8.88s/it][Succeeded / Failed / Skipped / Total] 12 / 13 / 5 / 30:  15%|█▌        | 30/200 [04:26<25:10,  8.88s/it][Succeeded / Failed / Skipped / Total] 12 / 13 / 5 / 30:  16%|█▌        | 31/200 [04:33<24:49,  8.81s/it][Succeeded / Failed / Skipped / Total] 13 / 13 / 5 / 31:  16%|█▌        | 31/200 [04:33<24:49,  8.81s/it][Succeeded / Failed / Skipped / Total] 13 / 13 / 5 / 31:  16%|█▌        | 32/200 [04:38<24:22,  8.71s/it][Succeeded / Failed / Skipped / Total] 14 / 13 / 5 / 32:  16%|█▌        | 32/200 [04:38<24:22,  8.71s/it][Succeeded / Failed / Skipped / Total] 14 / 13 / 5 / 32:  16%|█▋        | 33/200 [04:43<23:53,  8.58s/it][Succeeded / Failed / Skipped / Total] 14 / 14 / 5 / 33:  16%|█▋        | 33/200 [04:43<23:53,  8.58s/it][Succeeded / Failed / Skipped / Total] 14 / 14 / 5 / 33:  17%|█▋        | 34/200 [04:50<23:39,  8.55s/it][Succeeded / Failed / Skipped / Total] 14 / 15 / 5 / 34:  17%|█▋        | 34/200 [04:50<23:39,  8.55s/it][Succeeded / Failed / Skipped / Total] 14 / 15 / 5 / 34:  18%|█▊        | 35/200 [04:56<23:18,  8.47s/it][[3 (65%)]] --> [[[SKIPPED]]]

EU to Lift U.S. Sanctions Jan. 1   BRUSSELS (Reuters) - The European Commission is sticking  with its plan to lift sanctions on \$4 billion worth of U.S.  goods on Jan. 1 following Washington's repeal of export tax  subsidies in October, a spokeswoman said on Thursday.


--------------------------------------------- Result 19 ---------------------------------------------
[[3 (90%)]] --> [[2 (36%)]]

FCC ruling sets stage for broadband surge  [[Broadband]] service may get a little broader in the next few years, now that the Federal Communications Commission is graciously stepping out of the [[way]].

FCC ruling sets stage for broadband surge  [[Megahertz]] service may get a little broader in the next few years, now that the Federal Communications Commission is graciously stepping out of the [[wɑy]].


--------------------------------------------- Result 20 ---------------------------------------------
[[2 (93%)]] --> [[0 (33%)]]

[[Judge]] blocks record libel [[claim]] against Financial Times  [[LONDON]] (AFP) - A judge at the London High Court struck out the bulk of a record libel damages claim of 240 million pounds (345 million euros, [[434]] million dollars) against the Financial Times by stockbroker [[Collins]] Stewart Tullet.

[[Jսdge]] blocks record libel [[cⅼaim]] against Financial Times  [[UK]] (AFP) - A judge at the London High Court struck out the bulk of a record libel damages claim of 240 million pounds (345 million euros, [[Ꮞ34]] million dollars) against the Financial Times by stockbroker [[Colⅼins]] Stewart Tullet.


--------------------------------------------- Result 21 ---------------------------------------------
[[2 (48%)]] --> [[[SKIPPED]]]

FEC Elects Chairman, Vice Chairman (AP)  AP - The Federal Election Commission on Thursday elected a new chairman and vice chairman, choosing as its leaders two members who pushed unsuccessfully for tougher limits on partisan political groups.


--------------------------------------------- Result 22 ---------------------------------------------
[[1 (100%)]] --> [[[FAILED]]]

NBA Game Summary - Denver at Miami  Miami, FL (Sports Network) - Shaquille O #39;Neal had 20 points, 10 rebounds, seven assists and three blocks and Dwyane Wade led all scorers with 25 points, as the Miami Heat downed the Denver Nuggets, 107-100.


--------------------------------------------- Result 23 ---------------------------------------------
[[0 (99%)]] --> [[[FAILED]]]

New Rebel Factions Emerge in Darfur  New rebel factions have emerged in western Sudan, complicating peace talks on the conflict in Darfur. The UN special representative for Darfur, Jan Pronk, says he thinks the new groups are serious and need to be taken into consideration.


--------------------------------------------- Result 24 ---------------------------------------------
[[2 (90%)]] --> [[3 (54%)]]

Ryder Quarterly Earnings Up   [[NEW]] YORK (Reuters) - Ryder System Inc. &lt;A HREF="http://www.investor.reuters.com/FullQuote.aspx?ticker=R.N target=/stocks/quickinfo/fullquote"&gt;R.N&lt;/A&gt; on Monday  reported an increase in quarterly net profit amid increased  demand for transport services, especially in its fleet  management division.

Ryder Quarterly Earnings Up   [[NOUVEAU]] YORK (Reuters) - Ryder System Inc. &lt;A HREF="http://www.investor.reuters.com/FullQuote.aspx?ticker=R.N target=/stocks/quickinfo/fullquote"&gt;R.N&lt;/A&gt; on Monday  reported an increase in quarterly net profit amid increased  demand for transport services, especially in its fleet  management division.


--------------------------------------------- Result 25 ---------------------------------------------
[[2 (99%)]] --> [[[FAILED]]]

US Airways Pilots Approve 18 Pay Cut  Five-year, \$1.8 billion cost-cutting contract approved Thursday also reduces retirement benefits, increases work hours and eliminates retiree medical coverage.


--------------------------------------------- Result 26 ---------------------------------------------
[[3 (69%)]] --> [[1 (39%)]]

The video iPod is coming, I hope  At Tuesday's unveiling of the iPod Photo, Steve Jobs repeated his contention that the iPod is the "wrong place" for video. I doubt he'll be saying that a year from now. Missing [[Links]]

The video iPod is coming, I hope  At Tuesday's unveiling of the iPod Photo, Steve Jobs repeated his contention that the iPod is the "wrong place" for video. I doubt he'll be saying that a year from now. Missing [[Liոks]]


--------------------------------------------- Result 27 ---------------------------------------------
[[1 (99%)]] --> [[[FAILED]]]

Arsenal boss Wenger has keeper worries  Arsenal bounced back to winning ways with a comfortable 3-0 victory over struggling Birmingham City yesterday. A brace from Thierry Henry came after Robert Pires #39; opener, but it was the shaky Premiership debut 


--------------------------------------------- Result 28 ---------------------------------------------
[[1 (100%)]] --> [[[FAILED]]]

Hornets' Davis Out with Back Injury (Reuters)  Reuters - New Orleans Hornets guard\Baron Davis is expected to be sidelined one-to-two weeks\because of a lower back injury.


--------------------------------------------- Result 29 ---------------------------------------------
[[1 (68%)]] --> [[2 (52%)]]

Milan Mandaric statement   quot;Over the [[past]] [[two-and-a-half]] years the [[football]] club have currently paid 11.5million on transfer fees, loan fees and appearance payments to clubs for 25 players.

Milan Mandaric statement   quot;Over the [[preceding]] [[two-anda-half]] years the [[ball]] club have currently paid 11.5million on transfer fees, loan fees and appearance payments to clubs for 25 players.


--------------------------------------------- Result 30 ---------------------------------------------
[[3 (98%)]] --> [[[SKIPPED]]]

Crude Oil Ekes Out Small Bounce   SINGAPORE (Reuters) - Battered oil prices struggled on  Friday to shake off this week's \$6 slump, edging up from a  12-week low after a massive round of selling triggered by  easing worries about winter supply.


--------------------------------------------- Result 31 ---------------------------------------------
[[0 (82%)]] --> [[1 (56%)]]

First [[Black]] [[Watch]] troops move north to Sunni Triangle  BAGHDAD, Iraq An advance party of British soldiers has arrived at its new base near Baghdad. The small group from the Scottish Black Watch regiment set up base camp south of the capital, according to a pool report made to British media.

First [[Blaϲk]] [[Observing]] troops move north to Sunni Triangle  BAGHDAD, Iraq An advance party of British soldiers has arrived at its new base near Baghdad. The small group from the Scottish Black Watch regiment set up base camp south of the capital, according to a pool report made to British media.


--------------------------------------------- Result 32 ---------------------------------------------
[[3 (76%)]] --> [[1 (43%)]]

[[Climax]] to show off Avalon to US [[publishers]]   #39;Project Avalon #39; becomes just plain Avalon; developer will show playable prototype of next-generation shooter to American execs.

[[Orgasm]] to show off Avalon to US [[publisher]]   #39;Project Avalon #39; becomes just plain Avalon; developer will show playable prototype of next-generation shooter to American execs.


--------------------------------------------- Result 33 ---------------------------------------------
[[3 (100%)]] --> [[[FAILED]]]

Intel Helps Asian PC Partners Ship With Linux (TechWeb)  TechWeb - Chipmaker provides Linux tools to reach growing market there.


--------------------------------------------- Result 34 ---------------------------------------------
[[2 (94%)]] --> [[[FAILED]]]

Options expensing delay not enough,say US senators  A group of Republican senators vowed on Thursday to use the closing days of Congress this year to try and stop accounting rulemakers from requiring the expensing of stock options.


--------------------------------------------- Result 35 ---------------------------------------------
[Succeeded / Failed / Skipped / Total] 14 / 16 / 5 / 35:  18%|█▊        | 35/200 [04:56<23:18,  8.47s/it][Succeeded / Failed / Skipped / Total] 14 / 16 / 5 / 35:  18%|█▊        | 36/200 [05:02<22:58,  8.40s/it][Succeeded / Failed / Skipped / Total] 14 / 17 / 5 / 36:  18%|█▊        | 36/200 [05:02<22:58,  8.40s/it][Succeeded / Failed / Skipped / Total] 14 / 17 / 5 / 36:  18%|█▊        | 37/200 [05:11<22:50,  8.41s/it][Succeeded / Failed / Skipped / Total] 15 / 17 / 5 / 37:  18%|█▊        | 37/200 [05:11<22:50,  8.41s/it][Succeeded / Failed / Skipped / Total] 15 / 17 / 5 / 37:  19%|█▉        | 38/200 [05:23<22:57,  8.50s/it][Succeeded / Failed / Skipped / Total] 16 / 17 / 5 / 38:  19%|█▉        | 38/200 [05:23<22:57,  8.50s/it][Succeeded / Failed / Skipped / Total] 16 / 17 / 5 / 38:  20%|█▉        | 39/200 [05:29<22:41,  8.46s/it][Succeeded / Failed / Skipped / Total] 16 / 18 / 5 / 39:  20%|█▉        | 39/200 [05:29<22:41,  8.46s/it][Succeeded / Failed / Skipped / Total] 16 / 18 / 5 / 39:  20%|██        | 40/200 [05:29<21:59,  8.25s/it][Succeeded / Failed / Skipped / Total] 16 / 18 / 6 / 40:  20%|██        | 40/200 [05:29<21:59,  8.25s/it][Succeeded / Failed / Skipped / Total] 16 / 18 / 6 / 40:  20%|██        | 41/200 [05:34<21:36,  8.16s/it][Succeeded / Failed / Skipped / Total] 17 / 18 / 6 / 41:  20%|██        | 41/200 [05:34<21:36,  8.16s/it][Succeeded / Failed / Skipped / Total] 17 / 18 / 6 / 41:  21%|██        | 42/200 [05:41<21:23,  8.12s/it][Succeeded / Failed / Skipped / Total] 17 / 19 / 6 / 42:  21%|██        | 42/200 [05:41<21:23,  8.12s/it][Succeeded / Failed / Skipped / Total] 17 / 19 / 6 / 42:  22%|██▏       | 43/200 [05:49<21:14,  8.12s/it][Succeeded / Failed / Skipped / Total] 18 / 19 / 6 / 43:  22%|██▏       | 43/200 [05:49<21:14,  8.12s/it][Succeeded / Failed / Skipped / Total] 18 / 19 / 6 / 43:  22%|██▏       | 44/200 [05:49<20:38,  7.94s/it][Succeeded / Failed / Skipped / Total] 18 / 19 / 7 / 44:  22%|██▏       | 44/200 [05:49<20:38,  7.94s/it][Succeeded / Failed / Skipped / Total] 18 / 19 / 7 / 44:  22%|██▎       | 45/200 [05:58<20:35,  7.97s/it][Succeeded / Failed / Skipped / Total] 18 / 20 / 7 / 45:  22%|██▎       | 45/200 [05:58<20:35,  7.97s/it][Succeeded / Failed / Skipped / Total] 18 / 20 / 7 / 45:  23%|██▎       | 46/200 [06:02<20:14,  7.89s/it][Succeeded / Failed / Skipped / Total] 19 / 20 / 7 / 46:  23%|██▎       | 46/200 [06:02<20:15,  7.89s/it][Succeeded / Failed / Skipped / Total] 19 / 20 / 7 / 46:  24%|██▎       | 47/200 [06:11<20:08,  7.90s/it][Succeeded / Failed / Skipped / Total] 20 / 20 / 7 / 47:  24%|██▎       | 47/200 [06:11<20:08,  7.90s/it][Succeeded / Failed / Skipped / Total] 20 / 20 / 7 / 47:  24%|██▍       | 48/200 [06:19<20:02,  7.91s/it][Succeeded / Failed / Skipped / Total] 20 / 21 / 7 / 48:  24%|██▍       | 48/200 [06:19<20:02,  7.91s/it][Succeeded / Failed / Skipped / Total] 20 / 21 / 7 / 48:  24%|██▍       | 49/200 [06:19<19:30,  7.75s/it][Succeeded / Failed / Skipped / Total] 20 / 21 / 8 / 49:  24%|██▍       | 49/200 [06:19<19:30,  7.75s/it][Succeeded / Failed / Skipped / Total] 20 / 21 / 8 / 49:  25%|██▌       | 50/200 [06:28<19:24,  7.77s/it][Succeeded / Failed / Skipped / Total] 20 / 22 / 8 / 50:  25%|██▌       | 50/200 [06:28<19:24,  7.77s/it][Succeeded / Failed / Skipped / Total] 20 / 22 / 8 / 50:  26%|██▌       | 51/200 [06:28<18:54,  7.62s/it][Succeeded / Failed / Skipped / Total] 20 / 22 / 9 / 51:  26%|██▌       | 51/200 [06:28<18:54,  7.62s/it][Succeeded / Failed / Skipped / Total] 20 / 22 / 9 / 51:  26%|██▌       | 52/200 [06:32<18:35,  7.54s/it][[1 (100%)]] --> [[[FAILED]]]

Memphis activates guard Williams  Memphis, TN (Sports Network) - The Memphis Grizzlies on Wednesday activated point guard Jason Williams from the injured list, while placing guard Antonio Burks on the IL.


--------------------------------------------- Result 36 ---------------------------------------------
[[1 (99%)]] --> [[[FAILED]]]

Lehman aims for players with passion  AMELIA ISLAND - Tom Lehman had yet to officially take the job as the next US Ryder Cup captain, and already his phone was ringing.


--------------------------------------------- Result 37 ---------------------------------------------
[[3 (92%)]] --> [[1 (47%)]]

Nations [[Use]] Net to Spy, Plot Attacks Ex-Bush Aide (Reuters)  Reuters - The world's most [[advanced]]\military powers are using the Internet to spy on their enemies\and prepare digital [[attacks]] against rogue targets, a leading\[[cyber]] security expert said on Friday.

Nations [[Utilizes]] Net to Spy, Plot Attacks Ex-Bush Aide (Reuters)  Reuters - The world's most [[headway]]\military powers are using the Internet to spy on their enemies\and prepare digital [[storming]] against rogue targets, a leading\[[cуber]] security expert said on Friday.


--------------------------------------------- Result 38 ---------------------------------------------
[[0 (98%)]] --> [[1 (52%)]]

[[Saddam]] #39;s aides set to go on trial  Trials of some of Saddam Hussein #39;s aides will begin next week, Iraqi interim Prime Minister Iyad Allawi said. [[Speaking]] to Iraq #39;s National Council, he did not name the [[lieutenants]] that would go on trial or say when [[Saddam]] himself would appear in [[court]].

[[Saddɑm]] #39;s aides set to go on trial  Trials of some of Saddam Hussein #39;s aides will begin next week, Iraqi interim Prime Minister Iyad Allawi said. [[Spea𝒌ing]] to Iraq #39;s National Council, he did not name the [[commandant]] that would go on trial or say when [[Clash]] himself would appear in [[courts]].


--------------------------------------------- Result 39 ---------------------------------------------
[[3 (99%)]] --> [[[FAILED]]]

Japanese Researchers 'Tap' Mushrooms for Rubber (Reuters)  Reuters - Japanese researchers say they have\produced rubber from a natural substance extracted from an\edible, wild mushroom commonly found in the country.


--------------------------------------------- Result 40 ---------------------------------------------
[[0 (71%)]] --> [[[SKIPPED]]]

Russia #39;s Putin Defends Reforms, Worries About Clans  Russian President Vladimir Putin said on Thursday he had no plans to grab more power or change the constitution when reforming Russia #39;s government structure.


--------------------------------------------- Result 41 ---------------------------------------------
[[2 (69%)]] --> [[3 (60%)]]

[[Pfizer]] Sends Out Update On Drug Bextra  Pfizer Inc. said Friday that it will provide health-care professionals with additional information about its Bextra arthritis drug and that it will conduct further studies to confirm the drug #39;s long-term cardiovascular safety record.

[[Upjohn]] Sends Out Update On Drug Bextra  Pfizer Inc. said Friday that it will provide health-care professionals with additional information about its Bextra arthritis drug and that it will conduct further studies to confirm the drug #39;s long-term cardiovascular safety record.


--------------------------------------------- Result 42 ---------------------------------------------
[[1 (100%)]] --> [[[FAILED]]]

Eagles 27, Giants 6  EAST RUTHERFORD, NJ - The Philadelphia Eagles won a fourth consecutive NFC East title by making Eli Manning look very much like a rookie.


--------------------------------------------- Result 43 ---------------------------------------------
[[1 (91%)]] --> [[3 (57%)]]

[[Martin]] #39;s Tour de Corse win [[hands]] WRC title to Loeb  Motorsport.com. Markko Martin dominated the this year #[[39]];s [[edition]] of the legendary Tour de Corse rally, the 14th round of the 2004 World Rally Championship.

[[Martini]] #39;s Tour de Corse win [[hanԁs]] WRC title to Loeb  Motorsport.com. Markko Martin dominated the this year #[[3৭]];s [[editing]] of the legendary Tour de Corse rally, the 14th round of the 2004 World Rally Championship.


--------------------------------------------- Result 44 ---------------------------------------------
[[2 (90%)]] --> [[[SKIPPED]]]

MicroStrategy Turnover Draws Analyst Scrutiny  MicroStrategy Inc. said yesterday that president and chief financial officer Eric F. Brown had resigned and that founder Michael J. Saylor would again hold the company's top three jobs, prompting some analysts to raise concerns about the company's stock.


--------------------------------------------- Result 45 ---------------------------------------------
[[1 (100%)]] --> [[[FAILED]]]

Sugar Shane Not so Sweet  (November 21, 2004). Ronald Winky Wright successfully defended his 154 lb. title for the sixth time in the highly anticipated rematch with the formerly sweet Sugar Shane Mosley 


--------------------------------------------- Result 46 ---------------------------------------------
[[2 (46%)]] --> [[1 (47%)]]

Delta, pilots OK deal  Union officials representing 7,500 pilots at Delta Air Lines said Wednesday night they have reached a [[cost-cutting]] agreement with management, which presumably could halt, or at least 

Delta, pilots OK deal  Union officials representing 7,500 pilots at Delta Air Lines said Wednesday night they have reached a [[cost-cuttinɡ]] agreement with management, which presumably could halt, or at least 


--------------------------------------------- Result 47 ---------------------------------------------
[[0 (78%)]] --> [[1 (53%)]]

[[Blast]] kills at least three in crowded market in southern &lt;b&gt;...&lt;/b&gt;  MANILA, Philippines At least three people have been killed and several injured in a powerful explosion at a crowded public market in the [[southern]] [[Philippines]].

[[Blaѕt]] kills at least three in crowded market in southern &lt;b&gt;...&lt;/b&gt;  MANILA, Philippines At least three people have been killed and several injured in a powerful explosion at a crowded public market in the [[south]] [[Filipino]].


--------------------------------------------- Result 48 ---------------------------------------------
[[0 (93%)]] --> [[[FAILED]]]

Australia comdemns apparent killing of aid worker in Iraq  Australia #39;s Foreign Minister, Alexander Downer, says the apparent murder in Iraq of aid worker, Margaret Hassan, is a heinous and inexcusable crime.


--------------------------------------------- Result 49 ---------------------------------------------
[[1 (45%)]] --> [[[SKIPPED]]]

Soy-Fertility Risk Downplayed  (WebMD) Eating a diet rich in soy or taking soy supplements probably won #39;t harm a woman #39;s fertility, according to a new study.


--------------------------------------------- Result 50 ---------------------------------------------
[[1 (95%)]] --> [[[FAILED]]]

The Newest Hope ; Marriage of Necessity Just Might Work Out  NEW YORK - The TV lights were on, the cameras rolled and the symphony of cameras flashing in his face blinded Pedro Martinez - but not for long.


--------------------------------------------- Result 51 ---------------------------------------------
[[2 (72%)]] --> [[[SKIPPED]]]

Microsoft sues over fake labels  Microsoft has sued eight US computer resellers who it says bought or sold counterfeit Certificate of Authenticity labels or genuine labels that had been separated from their related software, all in breach of copyright and trade mark laws.


--------------------------------------------- Result 52 ---------------------------------------------
[Succeeded / Failed / Skipped / Total] 21 / 22 / 9 / 52:  26%|██▌       | 52/200 [06:32<18:35,  7.54s/it][Succeeded / Failed / Skipped / Total] 21 / 22 / 9 / 52:  26%|██▋       | 53/200 [06:40<18:30,  7.55s/it][Succeeded / Failed / Skipped / Total] 21 / 23 / 9 / 53:  26%|██▋       | 53/200 [06:40<18:30,  7.55s/it][Succeeded / Failed / Skipped / Total] 21 / 23 / 9 / 53:  27%|██▋       | 54/200 [06:51<18:32,  7.62s/it][Succeeded / Failed / Skipped / Total] 21 / 24 / 9 / 54:  27%|██▋       | 54/200 [06:51<18:32,  7.62s/it][Succeeded / Failed / Skipped / Total] 21 / 24 / 9 / 54:  28%|██▊       | 55/200 [06:59<18:26,  7.63s/it][Succeeded / Failed / Skipped / Total] 21 / 25 / 9 / 55:  28%|██▊       | 55/200 [06:59<18:26,  7.63s/it][Succeeded / Failed / Skipped / Total] 21 / 25 / 9 / 55:  28%|██▊       | 56/200 [07:07<18:19,  7.63s/it][Succeeded / Failed / Skipped / Total] 21 / 26 / 9 / 56:  28%|██▊       | 56/200 [07:07<18:19,  7.63s/it][Succeeded / Failed / Skipped / Total] 21 / 26 / 9 / 56:  28%|██▊       | 57/200 [07:15<18:12,  7.64s/it][Succeeded / Failed / Skipped / Total] 22 / 26 / 9 / 57:  28%|██▊       | 57/200 [07:15<18:12,  7.64s/it][Succeeded / Failed / Skipped / Total] 22 / 26 / 9 / 57:  29%|██▉       | 58/200 [07:24<18:07,  7.66s/it][Succeeded / Failed / Skipped / Total] 22 / 27 / 9 / 58:  29%|██▉       | 58/200 [07:24<18:07,  7.66s/it][Succeeded / Failed / Skipped / Total] 22 / 27 / 9 / 58:  30%|██▉       | 59/200 [07:32<18:01,  7.67s/it][Succeeded / Failed / Skipped / Total] 22 / 28 / 9 / 59:  30%|██▉       | 59/200 [07:32<18:01,  7.67s/it][Succeeded / Failed / Skipped / Total] 22 / 28 / 9 / 59:  30%|███       | 60/200 [07:39<17:52,  7.66s/it][Succeeded / Failed / Skipped / Total] 22 / 29 / 9 / 60:  30%|███       | 60/200 [07:39<17:52,  7.66s/it][Succeeded / Failed / Skipped / Total] 22 / 29 / 9 / 60:  30%|███       | 61/200 [07:39<17:27,  7.54s/it][Succeeded / Failed / Skipped / Total] 22 / 29 / 10 / 61:  30%|███       | 61/200 [07:39<17:27,  7.54s/it][Succeeded / Failed / Skipped / Total] 22 / 29 / 10 / 61:  31%|███       | 62/200 [07:48<17:22,  7.55s/it][Succeeded / Failed / Skipped / Total] 23 / 29 / 10 / 62:  31%|███       | 62/200 [07:48<17:22,  7.55s/it][Succeeded / Failed / Skipped / Total] 23 / 29 / 10 / 62:  32%|███▏      | 63/200 [07:55<17:14,  7.55s/it][Succeeded / Failed / Skipped / Total] 24 / 29 / 10 / 63:  32%|███▏      | 63/200 [07:55<17:14,  7.55s/it][Succeeded / Failed / Skipped / Total] 24 / 29 / 10 / 63:  32%|███▏      | 64/200 [08:01<17:02,  7.52s/it][Succeeded / Failed / Skipped / Total] 25 / 29 / 10 / 64:  32%|███▏      | 64/200 [08:01<17:02,  7.52s/it][Succeeded / Failed / Skipped / Total] 25 / 29 / 10 / 64:  32%|███▎      | 65/200 [08:09<16:57,  7.54s/it][Succeeded / Failed / Skipped / Total] 26 / 29 / 10 / 65:  32%|███▎      | 65/200 [08:09<16:57,  7.54s/it][Succeeded / Failed / Skipped / Total] 26 / 29 / 10 / 65:  33%|███▎      | 66/200 [08:18<16:52,  7.55s/it][Succeeded / Failed / Skipped / Total] 27 / 29 / 10 / 66:  33%|███▎      | 66/200 [08:18<16:52,  7.55s/it][Succeeded / Failed / Skipped / Total] 27 / 29 / 10 / 66:  34%|███▎      | 67/200 [08:24<16:40,  7.52s/it][Succeeded / Failed / Skipped / Total] 28 / 29 / 10 / 67:  34%|███▎      | 67/200 [08:24<16:40,  7.52s/it][Succeeded / Failed / Skipped / Total] 28 / 29 / 10 / 67:  34%|███▍      | 68/200 [08:29<16:29,  7.50s/it][[0 (60%)]] --> [[1 (80%)]]

Two [[US]] soldiers killed  KABUL -- Two US soldiers died and another was injured when a bomb ripped through their patrol in southern Afghanistan yesterday. The troops were attacked near Deh Rawood, a town 400 km southwest of Kabul where 

Two [[NOUS]] soldiers killed  KABUL -- Two US soldiers died and another was injured when a bomb ripped through their patrol in southern Afghanistan yesterday. The troops were attacked near Deh Rawood, a town 400 km southwest of Kabul where 


--------------------------------------------- Result 53 ---------------------------------------------
[[1 (100%)]] --> [[[FAILED]]]

Mauresmo confident of LA victory  Amelie Mauresmo insists she can win the Tour Championships this week and finish the year as world number one. The Frenchwoman could overtake Lindsay Davenport with a win in Los Angeles.


--------------------------------------------- Result 54 ---------------------------------------------
[[1 (100%)]] --> [[[FAILED]]]

Federer to meet Hewitt in Masters Cup final  Houston, TX (Sports Network) - World No. 1 Roger Federer of Switzerland and third-seeded Lleyton Hewitt each posted straight-set wins and advanced to Sunday #39;s final at the lucrative 2004 Tennis Masters Cup.


--------------------------------------------- Result 55 ---------------------------------------------
[[3 (98%)]] --> [[[FAILED]]]

Adobe Gets High Marks for Photo Fixes  Among three digital photography repair programs, Adobe Elements is cited as providing the right amount of features and commands while maintaining user simplicity.


--------------------------------------------- Result 56 ---------------------------------------------
[[2 (99%)]] --> [[[FAILED]]]

Eli Lilly to Cut 575 US Jobs  Eli Lilly and Co. (LLY.N: Quote, Profile, Research) said Thursday it plans to cut 575 jobs, or a little more than 2 percent of its US workforce, in a move to streamline its operations.


--------------------------------------------- Result 57 ---------------------------------------------
[[1 (97%)]] --> [[3 (46%)]]

[[It's]] not sitting well with Mientkiewicz  Since his arrival in Boston at the trading deadline, Doug [[Mientkiewicz]] has bought into the Red Sox' team concept, accepting his role as a [[defensive]] [[replacement]].

[[It'ѕ]] not sitting well with Mientkiewicz  Since his arrival in Boston at the trading deadline, Doug [[Mient𝒌iewicz]] has bought into the Red Sox' team concept, accepting his role as a [[dfensive]] [[replacemen𝚝]].


--------------------------------------------- Result 58 ---------------------------------------------
[[1 (100%)]] --> [[[FAILED]]]

Coleman Enjoys Fulhams Battling Display  Fulham manager Chris Coleman was delighted with his side #39;s second-half performance, which brought them a hard-earned point in a 1-1 draw against Manchester United at Craven Cottage.


--------------------------------------------- Result 59 ---------------------------------------------
[[3 (97%)]] --> [[[FAILED]]]

This week in open-source news  Adobe quietly begins testing the waters to increase its involvement in desktop Linux. Also: Open-source Web browsers Mozilla and Firefox post gains over Microsoft's Internet Explorer.


--------------------------------------------- Result 60 ---------------------------------------------
[[3 (100%)]] --> [[[FAILED]]]

ATI launches chipset for AMD desktops  ATI Technologies on Monday delivered the Radeon Xpress 200, a new chipset for desktops using Advanced Micro Devices #39; Athlon 64 and other eighth-generation processors.


--------------------------------------------- Result 61 ---------------------------------------------
[[3 (76%)]] --> [[[SKIPPED]]]

Automakers sue California over emissions  FRESNO, Calif. -- Automobile manufacturers sued on Tuesday to block the world #39;s toughest vehicle emissions standards, adopted by California regulators in September to cut greenhouse gases.


--------------------------------------------- Result 62 ---------------------------------------------
[[3 (93%)]] --> [[2 (52%)]]

[[Microsoft]] reworks antispam spec to silence critics  com [[October]] 25, [[2004]], 6:49 PM PT. This [[priority]] retains its ranking at number five as more and more companies deploy Web Services to share business logic, data and processes with each other and with clients.

[[Microѕoft]] reworks antispam spec to silence critics  com [[Oϲtober]] 25, [[ᒿ004]], 6:49 PM PT. This [[priorіty]] retains its ranking at number five as more and more companies deploy Web Services to share business logic, data and processes with each other and with clients.


--------------------------------------------- Result 63 ---------------------------------------------
[[3 (68%)]] --> [[1 (48%)]]

NASA  #39;[[scramjet]] #39; makes historic flight off California  LOS ANGELES NASA #39;s unmanned  quot;[[scramjet]] quot; proved it #39;s small but it #39;s fast -- in a record-breaking [[demonstration]] above the Pacific Ocean.

NASA  #39;[[scramje𝚝]] #39; makes historic flight off California  LOS ANGELES NASA #39;s unmanned  quot;[[scramje𝚝]] quot; proved it #39;s small but it #39;s fast -- in a record-breaking [[demonstrations]] above the Pacific Ocean.


--------------------------------------------- Result 64 ---------------------------------------------
[[2 (85%)]] --> [[1 (43%)]]

Board with Mukesh: Reliance  Mumbai, Nov. 26: Mukesh Ambani apparently commands the full support of the [[board]] on all recent decisions, including the controversial one that elevated him to the final [[authority]] in the group.

Board with Mukesh: Reliance  Mumbai, Nov. 26: Mukesh Ambani apparently commands the full support of the [[motherboard]] on all recent decisions, including the controversial one that elevated him to the final [[ɑuthority]] in the group.


--------------------------------------------- Result 65 ---------------------------------------------
[[3 (89%)]] --> [[1 (36%)]]

[[Liberty]] [[Alliance]] names first [[director]], new members  The Liberty Alliance Project signalled that it expects to have longevity when it comes to developing and promoting federated identity standards by naming its [[first]] executive director on Monday.

[[Libeⲅty]] [[Allіance]] names first [[direcotr]], new members  The Liberty Alliance Project signalled that it expects to have longevity when it comes to developing and promoting federated identity standards by naming its [[premiere]] executive director on Monday.


--------------------------------------------- Result 66 ---------------------------------------------
[[3 (79%)]] --> [[1 (43%)]]

Fellowship of the [[Customized]]  Ring Tone  [[In]] a short time, in a public way -- while on Metro, or in line at Starbucks, or inside a movie theater -- ring tones signal who you are. [[Or]] who you want people to think you are.&lt;FONT face="verdana,MS Sans Serif,arial,helvetica" size="-2" color="#666666"&gt;&lt;B&gt;-The Washington Post&lt;/B&gt;&lt;/FONT&gt;

Fellowship of the [[Cus𝚝omized]]  Ring Tone  [[At]] a short time, in a public way -- while on Metro, or in line at Starbucks, or inside a movie theater -- ring tones signal who you are. [[Oⲅ]] who you want people to think you are.&lt;FONT face="verdana,MS Sans Serif,arial,helvetica" size="-2" color="#666666"&gt;&lt;B&gt;-The Washington Post&lt;/B&gt;&lt;/FONT&gt;


--------------------------------------------- Result 67 ---------------------------------------------
[[3 (85%)]] --> [[1 (57%)]]

FireFox [[Roars]] from the Gates  Tuesday, November 9, 2004 will likely go down in the history books as the day the [[browser]] wars officially started. Obviously things happened before today to get us to the point where there was a real, legitimate 

FireFox [[Raors]] from the Gates  Tuesday, November 9, 2004 will likely go down in the history books as the day the [[mariner]] wars officially started. Obviously things happened before today to get us to the point where there was a real, legitimate 


--------------------------------------------- Result 68 ---------------------------------------------
[Succeeded / Failed / Skipped / Total] 29 / 29 / 10 / 68:  34%|███▍      | 68/200 [08:29<16:29,  7.50s/it][Succeeded / Failed / Skipped / Total] 29 / 29 / 10 / 68:  34%|███▍      | 69/200 [08:38<16:24,  7.52s/it][Succeeded / Failed / Skipped / Total] 29 / 30 / 10 / 69:  34%|███▍      | 69/200 [08:38<16:24,  7.52s/it][Succeeded / Failed / Skipped / Total] 29 / 30 / 10 / 69:  35%|███▌      | 70/200 [08:50<16:25,  7.58s/it][Succeeded / Failed / Skipped / Total] 30 / 30 / 10 / 70:  35%|███▌      | 70/200 [08:50<16:25,  7.58s/it][Succeeded / Failed / Skipped / Total] 30 / 30 / 10 / 70:  36%|███▌      | 71/200 [08:50<16:03,  7.47s/it][Succeeded / Failed / Skipped / Total] 30 / 30 / 11 / 71:  36%|███▌      | 71/200 [08:50<16:03,  7.47s/it][Succeeded / Failed / Skipped / Total] 30 / 30 / 11 / 71:  36%|███▌      | 72/200 [08:58<15:56,  7.48s/it][Succeeded / Failed / Skipped / Total] 31 / 30 / 11 / 72:  36%|███▌      | 72/200 [08:58<15:57,  7.48s/it][Succeeded / Failed / Skipped / Total] 31 / 30 / 11 / 72:  36%|███▋      | 73/200 [09:07<15:53,  7.51s/it][Succeeded / Failed / Skipped / Total] 31 / 31 / 11 / 73:  36%|███▋      | 73/200 [09:07<15:53,  7.51s/it][Succeeded / Failed / Skipped / Total] 31 / 31 / 11 / 73:  37%|███▋      | 74/200 [09:12<15:40,  7.47s/it][Succeeded / Failed / Skipped / Total] 32 / 31 / 11 / 74:  37%|███▋      | 74/200 [09:12<15:40,  7.47s/it][Succeeded / Failed / Skipped / Total] 32 / 31 / 11 / 74:  38%|███▊      | 75/200 [09:22<15:36,  7.49s/it][Succeeded / Failed / Skipped / Total] 32 / 32 / 11 / 75:  38%|███▊      | 75/200 [09:22<15:36,  7.49s/it][Succeeded / Failed / Skipped / Total] 32 / 32 / 11 / 75:  38%|███▊      | 76/200 [09:32<15:34,  7.53s/it][Succeeded / Failed / Skipped / Total] 32 / 33 / 11 / 76:  38%|███▊      | 76/200 [09:32<15:34,  7.53s/it][Succeeded / Failed / Skipped / Total] 32 / 33 / 11 / 76:  38%|███▊      | 77/200 [09:32<15:14,  7.44s/it][Succeeded / Failed / Skipped / Total] 32 / 33 / 12 / 77:  38%|███▊      | 77/200 [09:32<15:14,  7.44s/it][Succeeded / Failed / Skipped / Total] 32 / 33 / 12 / 77:  39%|███▉      | 78/200 [09:40<15:07,  7.44s/it][Succeeded / Failed / Skipped / Total] 32 / 34 / 12 / 78:  39%|███▉      | 78/200 [09:40<15:07,  7.44s/it][Succeeded / Failed / Skipped / Total] 32 / 34 / 12 / 78:  40%|███▉      | 79/200 [09:45<14:57,  7.42s/it][Succeeded / Failed / Skipped / Total] 32 / 35 / 12 / 79:  40%|███▉      | 79/200 [09:45<14:57,  7.42s/it][Succeeded / Failed / Skipped / Total] 32 / 35 / 12 / 79:  40%|████      | 80/200 [09:45<14:38,  7.32s/it][Succeeded / Failed / Skipped / Total] 32 / 35 / 13 / 80:  40%|████      | 80/200 [09:45<14:38,  7.32s/it][Succeeded / Failed / Skipped / Total] 32 / 35 / 13 / 80:  40%|████      | 81/200 [09:54<14:33,  7.34s/it][Succeeded / Failed / Skipped / Total] 32 / 36 / 13 / 81:  40%|████      | 81/200 [09:54<14:33,  7.34s/it][Succeeded / Failed / Skipped / Total] 32 / 36 / 13 / 81:  41%|████      | 82/200 [10:04<14:30,  7.38s/it][Succeeded / Failed / Skipped / Total] 32 / 37 / 13 / 82:  41%|████      | 82/200 [10:04<14:30,  7.38s/it][Succeeded / Failed / Skipped / Total] 32 / 37 / 13 / 82:  42%|████▏     | 83/200 [10:14<14:25,  7.40s/it][Succeeded / Failed / Skipped / Total] 33 / 37 / 13 / 83:  42%|████▏     | 83/200 [10:14<14:25,  7.40s/it][Succeeded / Failed / Skipped / Total] 33 / 37 / 13 / 83:  42%|████▏     | 84/200 [10:21<14:18,  7.40s/it][Succeeded / Failed / Skipped / Total] 33 / 38 / 13 / 84:  42%|████▏     | 84/200 [10:21<14:18,  7.40s/it][Succeeded / Failed / Skipped / Total] 33 / 38 / 13 / 84:  42%|████▎     | 85/200 [10:21<14:01,  7.32s/it][[0 (86%)]] --> [[1 (50%)]]

[[Colombia]] reveals plot to assassinate Bush  Colombian rebels [[plotted]] to assassinate George Bush during his brief stopover in the port of Cartagena last week, according to the country #39;s defence minister.

[[Colombiɑ]] reveals plot to assassinate Bush  Colombian rebels [[plo𝚝ted]] to assassinate George Bush during his brief stopover in the port of Cartagena last week, according to the country #39;s defence minister.


--------------------------------------------- Result 69 ---------------------------------------------
[[2 (94%)]] --> [[[FAILED]]]

Congress Asks SEC for Mutual Fund Study (Reuters)  Reuters - The U.S. Congress asked the\Securities and Exchange Commission on Saturday to send\lawmakers a report justifying a new rule forcing mutual fund\boards to have independent chairmen.


--------------------------------------------- Result 70 ---------------------------------------------
[[3 (77%)]] --> [[2 (29%)]]

Company [[launches]] Windows-only [[JFK]] Assassination [[game]] via online &[[lt]];b&gt;...&lt;/b&gt;   quot;A spokesman for the president #39;s brother, Sen. Edward M. Kennedy, D-Mass., [[called]] the game  #39;despicable. #39; The Glasgow-based firm Traffic said  quot;JFK Reloaded quot; was an educational  quot;docu-game quot; that would help disprove conspiracy theories about Kennedy #39;s death.

Company [[launcheѕ]] Windows-only [[REAGAN]] Assassination [[gaｍe]] via online &[[ⅼt]];b&gt;...&lt;/b&gt;   quot;A spokesman for the president #39;s brother, Sen. Edward M. Kennedy, D-Mass., [[drew]] the game  #39;despicable. #39; The Glasgow-based firm Traffic said  quot;JFK Reloaded quot; was an educational  quot;docu-game quot; that would help disprove conspiracy theories about Kennedy #39;s death.


--------------------------------------------- Result 71 ---------------------------------------------
[[3 (91%)]] --> [[[SKIPPED]]]

Update 8: Crude Oil Futures Sink to \$46 Per Barrel  December delivery crude on the New York Mercantile Exchange dropped 76 cents to \$46.11 per barrel. The benchmark light, sweet crude remained about \$8 a barrel cheaper than its closing record of \$55.17 recorded Oct. 22 and Oct. 26.


--------------------------------------------- Result 72 ---------------------------------------------
[[2 (53%)]] --> [[3 (47%)]]

[[Stocks]] Up After Sears Deal, HP Earnings   NEW YORK (Reuters) - U.S. stocks ended higher on Wednesday  after Kmart's plan to buy Sears in an \$11.5 billion deal was  announced and computer maker Hewlett-Packard Co. &lt;A HREF="http://www.investor.reuters.com/FullQuote.aspx?ticker=HPQ.N target=/stocks/quickinfo/fullquote"&gt;HPQ.N&lt;/A&gt; posted  solid earnings.

[[Inventory]] Up After Sears Deal, HP Earnings   NEW YORK (Reuters) - U.S. stocks ended higher on Wednesday  after Kmart's plan to buy Sears in an \$11.5 billion deal was  announced and computer maker Hewlett-Packard Co. &lt;A HREF="http://www.investor.reuters.com/FullQuote.aspx?ticker=HPQ.N target=/stocks/quickinfo/fullquote"&gt;HPQ.N&lt;/A&gt; posted  solid earnings.


--------------------------------------------- Result 73 ---------------------------------------------
[[1 (85%)]] --> [[[FAILED]]]

Plane crash kills 10 close to racing  MARTINSVILLE, Va. -- A Hendrick Motorsports plane crashed yesterday on its way to a NASCAR race, killing all 10 people aboard, including the son, brother and two nieces of the owner of one of auto racing's most successful organizations.


--------------------------------------------- Result 74 ---------------------------------------------
[[3 (91%)]] --> [[2 (68%)]]

[[Tesco]] To Sell Downloadable Tunes  Tesco aint daft, theyve done the insurance blag and now they getting stuck into the music downloading service. They will be the first supermarket to enter a market that is worth over 25million and is currently dominated by the Apple run iTunes.

[[Asda]] To Sell Downloadable Tunes  Tesco aint daft, theyve done the insurance blag and now they getting stuck into the music downloading service. They will be the first supermarket to enter a market that is worth over 25million and is currently dominated by the Apple run iTunes.


--------------------------------------------- Result 75 ---------------------------------------------
[[1 (98%)]] --> [[[FAILED]]]

Holyfield #39;s effort to unify heavyweight title running out of time  Evander Holyfield just doesn #39;t get it. He #39;s beyond old for a fighter and seemingly hasn #39;t been able to punch his way out of a paper bag in years.


--------------------------------------------- Result 76 ---------------------------------------------
[[3 (98%)]] --> [[[FAILED]]]

mmO2: i-mode launch looks certain  mmO2 and NTT DoCoMo are reportedly planning to launch a UK i-mode mobile service. November 26, 2004 4:35 PM GMT (Datamonitor) - The much-touted tie-up between NTT DoCoMo and mmO2 to bring i-mode mobile content to the UK looks to be a done deal.


--------------------------------------------- Result 77 ---------------------------------------------
[[3 (81%)]] --> [[[SKIPPED]]]

Panel: U.S. Must Diversify Oil Supplies   WASHINGTON (Reuters) - The United States must  diversify  its global oil supplies, expand a world network of strategic  petroleum reserves and raise fuel efficiency standards to  ensure its energy security, a panel of experts will recommend  on Wednesday.


--------------------------------------------- Result 78 ---------------------------------------------
[[0 (98%)]] --> [[[FAILED]]]

Fresh violence mars Afghan vote count  A deadly explosion has hit a car carrying an election worker in southeastern Afghanistan. In all, five people were killed, including the worker identified as a local physician who helped organize the vote.


--------------------------------------------- Result 79 ---------------------------------------------
[[1 (100%)]] --> [[[FAILED]]]

England held up in Zimbabwe  Zimbabwe held up England #39;s charge as they battled to avert a series whitewash in the fourth one-day international in Bulawayo today.


--------------------------------------------- Result 80 ---------------------------------------------
[[1 (82%)]] --> [[[SKIPPED]]]

Rocky Legends; Tony Hawk's Underground 2; Nisus Writer Express 2.0; Surfsaver 6  This is the second Rocky video game in two years -- even though it's been 14 years since the last "Rocky" flick.


--------------------------------------------- Result 81 ---------------------------------------------
[[3 (99%)]] --> [[[FAILED]]]

Microsoft Issues IE Patch  (Article Central) Microsoft released its October batch of security advisories this week, with a number of  quot;critical quot; patches, including a significant fix for the Internet Explorer browser.


--------------------------------------------- Result 82 ---------------------------------------------
[[2 (98%)]] --> [[[FAILED]]]

Trade Gap Swells More Than Expected  The US trade deficit widened nearly 9 percent in October to a record \$55.5 billion as sky-high oil prices helped propel imports into uncharted territory, the government said on Tuesday.


--------------------------------------------- Result 83 ---------------------------------------------
[[0 (88%)]] --> [[1 (50%)]]

ASEAN to push Australia, New Zealand to sign non-aggression pact (AFP)  AFP - [[Southeast]] Asian foreign ministers said they would encourage [[Australia]] and New [[Zealand]] to accede to a non-aggression pact with their [[10-nation]] ASEAN group that South Korea signed.

ASEAN to push Australia, New Zealand to sign non-aggression pact (AFP)  AFP - [[Shoal]] Asian foreign ministers said they would encourage [[Austrɑlia]] and New [[Zealanders]] to accede to a non-aggression pact with their [[10-natioո]] ASEAN group that South Korea signed.


--------------------------------------------- Result 84 ---------------------------------------------
[[3 (82%)]] --> [[[FAILED]]]

NASA Cancels Hypersonic Flight  NASA scrubbed its mission Monday to launch a pilotless plane that is capable of flying at 10 times the speed of sound. The launch of the X-43A was canceled due to technical problems.


[Succeeded / Failed / Skipped / Total] 33 / 38 / 14 / 85:  42%|████▎     | 85/200 [10:21<14:01,  7.32s/it][Succeeded / Failed / Skipped / Total] 33 / 38 / 14 / 85:  43%|████▎     | 86/200 [10:29<13:54,  7.32s/it][Succeeded / Failed / Skipped / Total] 33 / 39 / 14 / 86:  43%|████▎     | 86/200 [10:29<13:54,  7.32s/it][Succeeded / Failed / Skipped / Total] 33 / 39 / 14 / 86:  44%|████▎     | 87/200 [10:36<13:47,  7.32s/it][Succeeded / Failed / Skipped / Total] 33 / 40 / 14 / 87:  44%|████▎     | 87/200 [10:36<13:47,  7.32s/it][Succeeded / Failed / Skipped / Total] 33 / 40 / 14 / 87:  44%|████▍     | 88/200 [10:49<13:46,  7.38s/it][Succeeded / Failed / Skipped / Total] 33 / 41 / 14 / 88:  44%|████▍     | 88/200 [10:49<13:46,  7.38s/it][Succeeded / Failed / Skipped / Total] 33 / 41 / 14 / 88:  44%|████▍     | 89/200 [10:57<13:40,  7.39s/it][Succeeded / Failed / Skipped / Total] 33 / 42 / 14 / 89:  44%|████▍     | 89/200 [10:57<13:40,  7.39s/it][Succeeded / Failed / Skipped / Total] 33 / 42 / 14 / 89:  45%|████▌     | 90/200 [11:01<13:28,  7.35s/it][Succeeded / Failed / Skipped / Total] 34 / 42 / 14 / 90:  45%|████▌     | 90/200 [11:01<13:28,  7.35s/it][Succeeded / Failed / Skipped / Total] 34 / 42 / 14 / 90:  46%|████▌     | 91/200 [11:07<13:19,  7.34s/it][Succeeded / Failed / Skipped / Total] 34 / 43 / 14 / 91:  46%|████▌     | 91/200 [11:07<13:19,  7.34s/it][Succeeded / Failed / Skipped / Total] 34 / 43 / 14 / 91:  46%|████▌     | 92/200 [11:11<13:08,  7.30s/it][Succeeded / Failed / Skipped / Total] 34 / 44 / 14 / 92:  46%|████▌     | 92/200 [11:11<13:08,  7.30s/it][Succeeded / Failed / Skipped / Total] 34 / 44 / 14 / 92:  46%|████▋     | 93/200 [11:19<13:01,  7.31s/it][Succeeded / Failed / Skipped / Total] 34 / 45 / 14 / 93:  46%|████▋     | 93/200 [11:19<13:01,  7.31s/it][Succeeded / Failed / Skipped / Total] 34 / 45 / 14 / 93:  47%|████▋     | 94/200 [11:19<12:46,  7.23s/it][Succeeded / Failed / Skipped / Total] 34 / 45 / 15 / 94:  47%|████▋     | 94/200 [11:19<12:46,  7.23s/it][Succeeded / Failed / Skipped / Total] 34 / 45 / 15 / 94:  48%|████▊     | 95/200 [11:27<12:40,  7.24s/it][Succeeded / Failed / Skipped / Total] 34 / 46 / 15 / 95:  48%|████▊     | 95/200 [11:27<12:40,  7.24s/it][Succeeded / Failed / Skipped / Total] 34 / 46 / 15 / 95:  48%|████▊     | 96/200 [11:33<12:31,  7.22s/it][Succeeded / Failed / Skipped / Total] 34 / 47 / 15 / 96:  48%|████▊     | 96/200 [11:33<12:31,  7.22s/it][Succeeded / Failed / Skipped / Total] 34 / 47 / 15 / 96:  48%|████▊     | 97/200 [11:38<12:22,  7.20s/it][Succeeded / Failed / Skipped / Total] 34 / 48 / 15 / 97:  48%|████▊     | 97/200 [11:38<12:22,  7.20s/it][Succeeded / Failed / Skipped / Total] 34 / 48 / 15 / 97:  49%|████▉     | 98/200 [11:46<12:15,  7.21s/it][Succeeded / Failed / Skipped / Total] 34 / 49 / 15 / 98:  49%|████▉     | 98/200 [11:46<12:15,  7.21s/it][Succeeded / Failed / Skipped / Total] 34 / 49 / 15 / 98:  50%|████▉     | 99/200 [11:50<12:05,  7.18s/it][Succeeded / Failed / Skipped / Total] 34 / 50 / 15 / 99:  50%|████▉     | 99/200 [11:50<12:05,  7.18s/it][Succeeded / Failed / Skipped / Total] 34 / 50 / 15 / 99:  50%|█████     | 100/200 [11:58<11:58,  7.18s/it][Succeeded / Failed / Skipped / Total] 35 / 50 / 15 / 100:  50%|█████     | 100/200 [11:58<11:58,  7.18s/it][Succeeded / Failed / Skipped / Total] 35 / 50 / 15 / 100:  50%|█████     | 101/200 [12:04<11:50,  7.18s/it][Succeeded / Failed / Skipped / Total] 36 / 50 / 15 / 101:  50%|█████     | 101/200 [12:04<11:50,  7.18s/it][Succeeded / Failed / Skipped / Total] 36 / 50 / 15 / 101:  51%|█████     | 102/200 [12:11<11:42,  7.17s/it][Succeeded / Failed / Skipped / Total] 36 / 51 / 15 / 102:  51%|█████     | 102/200 [12:11<11:42,  7.17s/it][Succeeded / Failed / Skipped / Total] 36 / 51 / 15 / 102:  52%|█████▏    | 103/200 [12:11<11:28,  7.10s/it][Succeeded / Failed / Skipped / Total] 36 / 51 / 16 / 103:  52%|█████▏    | 103/200 [12:11<11:28,  7.10s/it][Succeeded / Failed / Skipped / Total] 36 / 51 / 16 / 103:  52%|█████▏    | 104/200 [12:14<11:17,  7.06s/it][Succeeded / Failed / Skipped / Total] 37 / 51 / 16 / 104:  52%|█████▏    | 104/200 [12:14<11:17,  7.06s/it][Succeeded / Failed / Skipped / Total] 37 / 51 / 16 / 104:  52%|█████▎    | 105/200 [12:25<11:14,  7.10s/it][Succeeded / Failed / Skipped / Total] 37 / 52 / 16 / 105:  52%|█████▎    | 105/200 [12:25<11:14,  7.10s/it][Succeeded / Failed / Skipped / Total] 37 / 52 / 16 / 105:  53%|█████▎    | 106/200 [12:25<11:00,  7.03s/it]--------------------------------------------- Result 85 ---------------------------------------------
[[1 (98%)]] --> [[[SKIPPED]]]

Game Daze:  #39;Grand Theft Auto: San Andreas, #39;  #39;Midway Arcade &lt;b&gt;...&lt;/b&gt;  It #39;s violent. It #39;s profane and politically incorrect. It #39;s packed wall to wall with tough thugs doing terrible things.


--------------------------------------------- Result 86 ---------------------------------------------
[[1 (100%)]] --> [[[FAILED]]]

Ironman winner confirms she used drug  Nina Kraft, winner of last month #39;s Ironman Triathlon World Championship in Hawai #39;i, acknowledged yesterday that she had used the banned endurance-boosting drug EPO.


--------------------------------------------- Result 87 ---------------------------------------------
[[1 (96%)]] --> [[[FAILED]]]

Tigers #39; challenge: Win out or lose out  Satchel Paige said don #39;t look back because something might be gaining on you. Satch was a baseball pitcher, not a football coach.


--------------------------------------------- Result 88 ---------------------------------------------
[[1 (99%)]] --> [[[FAILED]]]

AUBURN 21, ALABAMA 13 Auburn #39;s Strong Second Half Keeps It in &lt;b&gt;...&lt;/b&gt;  For one half Saturday, the controversy over the Bowl Championship Series looked like it might disappear in the dampness of Bryant-Denny Stadium as undefeated Auburn found itself in a fight with archrival Alabama.


--------------------------------------------- Result 89 ---------------------------------------------
[[1 (100%)]] --> [[[FAILED]]]

UPDATE 1-Ronaldinho strikes to give Barca win over Milan  A brilliant late strike from Ronaldinho gave dominant Barcelona a 2-1 win over AC Milan in an epic Champions League contest at the Nou Camp on Tuesday.


--------------------------------------------- Result 90 ---------------------------------------------
[[3 (69%)]] --> [[2 (51%)]]

Top [[Cyber]] News 12/9  It #39;s a clash between the film industry and a consumer electronics company over a home theater jukebox. The legal battle is over something called the Kaleidescape System.

Top [[Internet]] News 12/9  It #39;s a clash between the film industry and a consumer electronics company over a home theater jukebox. The legal battle is over something called the Kaleidescape System.


--------------------------------------------- Result 91 ---------------------------------------------
[[0 (97%)]] --> [[[FAILED]]]

Kidnappers may extend deadline  Militants holding three UN workers hostage in Afghanistan have offered to consider extending a three-day deadline for their beheading.


--------------------------------------------- Result 92 ---------------------------------------------
[[3 (100%)]] --> [[[FAILED]]]

A Sneak Peek at Trillian 3.0 Instant Messaging  The popular IM consolidation service adds audio and video chat.


--------------------------------------------- Result 93 ---------------------------------------------
[[2 (99%)]] --> [[[FAILED]]]

Court bars MCI from making payments  A federal court Wednesday barred No. 2 US long-distance carrier MCI Inc. from making further payments to cover more than \$25 million in unauthorized expenses related to bankruptcy of predecessor WorldCom.


--------------------------------------------- Result 94 ---------------------------------------------
[[3 (60%)]] --> [[[SKIPPED]]]

Internet pioneer closes Manitoba pharmacy; blames dollar, uncertain climate (Canadian Press)  Canadian Press - WINNIPEG (CP) - Just one year ago, Mark Rzepka was opening a  #36;1-million Internet pharmacy in the small Manitoba town of Niverville believing he would be able to quadruple his staff within 12 months.


--------------------------------------------- Result 95 ---------------------------------------------
[[1 (99%)]] --> [[[FAILED]]]

Poll: I was right to let Henry score  Referee Graham Poll has insisted that he acted within the laws of the game when he allowed Thierry Henry to take a quick free-kick yesterday.


--------------------------------------------- Result 96 ---------------------------------------------
[[1 (100%)]] --> [[[FAILED]]]

Costecu Makes It Two  Denisa Costescu follows up her victory in Indianapolis on Saturday with another win at the Veteran's Day 10K Sunday in Washington.


--------------------------------------------- Result 97 ---------------------------------------------
[[1 (98%)]] --> [[[FAILED]]]

NCAA Notifies Baylor  Baylor received its notice of allegations Thursday from the NCAA about infractions in its men's basketball program discovered after the death of player Patrick Dennehy.


--------------------------------------------- Result 98 ---------------------------------------------
[[1 (100%)]] --> [[[FAILED]]]

Sluman, Byrd split lead; many bubbles burst  Jeff Sluman and Jonathan Byrd were tied for the lead at the Chrysler Championship, both knowing the tournament really doesn #39;t start until the weekend.


--------------------------------------------- Result 99 ---------------------------------------------
[[0 (97%)]] --> [[[FAILED]]]

UK minister visits Arafat grave  UK Foreign Secretary Jack Straw lays a wreath at the grave of former Palestinian Leader Yasser Arafat.


--------------------------------------------- Result 100 ---------------------------------------------
[[2 (74%)]] --> [[3 (51%)]]

Nortel financial [[filings]] could be delayed into 2005  Less than a week after it launched a media blitz to boost its image, Nortel Networks Ltd. [[postponed]] yet again the release of its financial statements, underlining the company #39;s challenges to [[steer]] out of the 

Nortel financial [[depots]] could be delayed into 2005  Less than a week after it launched a media blitz to boost its image, Nortel Networks Ltd. [[pos𝚝poned]] yet again the release of its financial statements, underlining the company #39;s challenges to [[steering]] out of the 


--------------------------------------------- Result 101 ---------------------------------------------
[[0 (91%)]] --> [[1 (54%)]]

[[Tensions]] surge in [[Haiti]]  PORT-AU-PRINCE, Haiti - Heavy gunfire erupted yesterday when police [[streamed]] into a slum stronghold of ousted President Jean-Bertrand Aristide.

[[Voltage]] surge in [[Refugee]]  PORT-AU-PRINCE, Haiti - Heavy gunfire erupted yesterday when police [[broadcasted]] into a slum stronghold of ousted President Jean-Bertrand Aristide.


--------------------------------------------- Result 102 ---------------------------------------------
[[1 (83%)]] --> [[[FAILED]]]

HONDA LINKED WITH BAR TAKEOVER  BAR #39;s engine partner Honda is believed to be interested in purchasing the Brackley team and a deal could be done within the next 12 months.


--------------------------------------------- Result 103 ---------------------------------------------
[[3 (80%)]] --> [[[SKIPPED]]]

FDA Warns Cyberonics on Manufacturing   CHICAGO (Reuters) - U.S. regulators warned Cyberonics Inc.  &lt;A HREF="http://www.investor.reuters.com/FullQuote.aspx?ticker=CYBX.O target=/stocks/quickinfo/fullquote"&gt;CYBX.O&lt;/A&gt; of manufacturing deficiencies at the Houston plant  that makes its sole product, an implantable device to treat  epilepsy, the company said on Monday.


--------------------------------------------- Result 104 ---------------------------------------------
[[0 (78%)]] --> [[3 (34%)]]

Danish group #39;s gift criticized  [[A]] Danish group has caused controversy in Colombia by publicly donating money to the country #39;s largest Marxist guerrilla organization.

Danish group #39;s gift criticized  [[by]] Danish group has caused controversy in Colombia by publicly donating money to the country #39;s largest Marxist guerrilla organization.


--------------------------------------------- Result 105 ---------------------------------------------
[[1 (99%)]] --> [[[FAILED]]]

Wilson well placed in Mexico City  Britain #39;s Justin Wilson was fourth in first qualifying for the final Champ Car race of the season in Mexico City. Wilson is looking to end his season on a high note after missing out on the rookie #39;s title to AJ Allmendinger.


[Succeeded / Failed / Skipped / Total] 37 / 52 / 17 / 106:  53%|█████▎    | 106/200 [12:25<11:00,  7.03s/it][Succeeded / Failed / Skipped / Total] 37 / 52 / 17 / 106:  54%|█████▎    | 107/200 [12:25<10:47,  6.97s/it][Succeeded / Failed / Skipped / Total] 37 / 52 / 18 / 107:  54%|█████▎    | 107/200 [12:25<10:47,  6.97s/it][Succeeded / Failed / Skipped / Total] 37 / 52 / 18 / 107:  54%|█████▍    | 108/200 [12:25<10:35,  6.90s/it][Succeeded / Failed / Skipped / Total] 37 / 52 / 19 / 108:  54%|█████▍    | 108/200 [12:25<10:35,  6.90s/it][Succeeded / Failed / Skipped / Total] 37 / 52 / 19 / 108:  55%|█████▍    | 109/200 [12:31<10:27,  6.89s/it][Succeeded / Failed / Skipped / Total] 37 / 53 / 19 / 109:  55%|█████▍    | 109/200 [12:31<10:27,  6.89s/it][Succeeded / Failed / Skipped / Total] 37 / 53 / 19 / 109:  55%|█████▌    | 110/200 [12:39<10:21,  6.91s/it][Succeeded / Failed / Skipped / Total] 37 / 54 / 19 / 110:  55%|█████▌    | 110/200 [12:39<10:21,  6.91s/it][Succeeded / Failed / Skipped / Total] 37 / 54 / 19 / 110:  56%|█████▌    | 111/200 [12:53<10:19,  6.97s/it][Succeeded / Failed / Skipped / Total] 37 / 55 / 19 / 111:  56%|█████▌    | 111/200 [12:53<10:19,  6.97s/it][Succeeded / Failed / Skipped / Total] 37 / 55 / 19 / 111:  56%|█████▌    | 112/200 [12:53<10:07,  6.90s/it][Succeeded / Failed / Skipped / Total] 37 / 55 / 20 / 112:  56%|█████▌    | 112/200 [12:53<10:07,  6.90s/it][Succeeded / Failed / Skipped / Total] 37 / 55 / 20 / 112:  56%|█████▋    | 113/200 [12:53<09:55,  6.84s/it][Succeeded / Failed / Skipped / Total] 37 / 55 / 21 / 113:  56%|█████▋    | 113/200 [12:53<09:55,  6.84s/it][Succeeded / Failed / Skipped / Total] 37 / 55 / 21 / 113:  57%|█████▋    | 114/200 [13:00<09:48,  6.84s/it][Succeeded / Failed / Skipped / Total] 38 / 55 / 21 / 114:  57%|█████▋    | 114/200 [13:00<09:48,  6.84s/it][Succeeded / Failed / Skipped / Total] 38 / 55 / 21 / 114:  57%|█████▊    | 115/200 [13:04<09:39,  6.82s/it][Succeeded / Failed / Skipped / Total] 39 / 55 / 21 / 115:  57%|█████▊    | 115/200 [13:04<09:39,  6.82s/it][Succeeded / Failed / Skipped / Total] 39 / 55 / 21 / 115:  58%|█████▊    | 116/200 [13:04<09:27,  6.76s/it][Succeeded / Failed / Skipped / Total] 39 / 55 / 22 / 116:  58%|█████▊    | 116/200 [13:04<09:27,  6.76s/it][Succeeded / Failed / Skipped / Total] 39 / 55 / 22 / 116:  58%|█████▊    | 117/200 [13:12<09:22,  6.77s/it][Succeeded / Failed / Skipped / Total] 39 / 56 / 22 / 117:  58%|█████▊    | 117/200 [13:12<09:22,  6.77s/it][Succeeded / Failed / Skipped / Total] 39 / 56 / 22 / 117:  59%|█████▉    | 118/200 [13:20<09:16,  6.78s/it][Succeeded / Failed / Skipped / Total] 39 / 57 / 22 / 118:  59%|█████▉    | 118/200 [13:20<09:16,  6.78s/it][Succeeded / Failed / Skipped / Total] 39 / 57 / 22 / 118:  60%|█████▉    | 119/200 [13:24<09:07,  6.76s/it][Succeeded / Failed / Skipped / Total] 40 / 57 / 22 / 119:  60%|█████▉    | 119/200 [13:24<09:07,  6.76s/it][Succeeded / Failed / Skipped / Total] 40 / 57 / 22 / 119:  60%|██████    | 120/200 [13:24<08:56,  6.71s/it][Succeeded / Failed / Skipped / Total] 40 / 57 / 23 / 120:  60%|██████    | 120/200 [13:24<08:56,  6.71s/it][Succeeded / Failed / Skipped / Total] 40 / 57 / 23 / 120:  60%|██████    | 121/200 [13:33<08:51,  6.73s/it][Succeeded / Failed / Skipped / Total] 40 / 58 / 23 / 121:  60%|██████    | 121/200 [13:33<08:51,  6.73s/it][Succeeded / Failed / Skipped / Total] 40 / 58 / 23 / 121:  61%|██████    | 122/200 [13:33<08:40,  6.67s/it][Succeeded / Failed / Skipped / Total] 40 / 58 / 24 / 122:  61%|██████    | 122/200 [13:33<08:40,  6.67s/it][Succeeded / Failed / Skipped / Total] 40 / 58 / 24 / 122:  62%|██████▏   | 123/200 [13:40<08:33,  6.67s/it][Succeeded / Failed / Skipped / Total] 40 / 59 / 24 / 123:  62%|██████▏   | 123/200 [13:40<08:33,  6.67s/it][Succeeded / Failed / Skipped / Total] 40 / 59 / 24 / 123:  62%|██████▏   | 124/200 [13:47<08:27,  6.68s/it][Succeeded / Failed / Skipped / Total] 40 / 60 / 24 / 124:  62%|██████▏   | 124/200 [13:47<08:27,  6.68s/it][Succeeded / Failed / Skipped / Total] 40 / 60 / 24 / 124:  62%|██████▎   | 125/200 [13:57<08:22,  6.70s/it][Succeeded / Failed / Skipped / Total] 40 / 61 / 24 / 125:  62%|██████▎   | 125/200 [13:57<08:22,  6.70s/it][Succeeded / Failed / Skipped / Total] 40 / 61 / 24 / 125:  63%|██████▎   | 126/200 [14:04<08:16,  6.70s/it]--------------------------------------------- Result 106 ---------------------------------------------
[[3 (63%)]] --> [[[SKIPPED]]]

Dollar Dives to Record Low Vs. Euro   LONDON (Reuters) - The dollar crashed through key barriers  to a record low on the euro and a 7-month low on the yen on  Wednesday, as concern mounted a forthcoming G20 finance  ministers' meeting would do little to halt its slide.


--------------------------------------------- Result 107 ---------------------------------------------
[[3 (61%)]] --> [[[SKIPPED]]]

Yen Rises Vs Dollar Despite Japan Data   TOKYO (Reuters) - The yen advanced against the dollar on  Friday, shrugging off weak third-quarter growth figures for  Japan as market worries persisted about the huge U.S. deficits.


--------------------------------------------- Result 108 ---------------------------------------------
[[1 (39%)]] --> [[[SKIPPED]]]

China Closes 1,600 Internet Cafes in Crackdown  China shut 1,600 Internet cafes between February and August and imposed \$12.1 million worth of fines for allowing children to play violent or adult-only games and other violations, state media said.


--------------------------------------------- Result 109 ---------------------------------------------
[[1 (100%)]] --> [[[FAILED]]]

Wizards' Kwame Brown Suspended One Game (AP)  AP - The Washington Wizards suspended Kwame Brown for one game Thursday for his actions during the previous night's game against Denver.


--------------------------------------------- Result 110 ---------------------------------------------
[[0 (99%)]] --> [[[FAILED]]]

Iran Suspends Key Nuclear Work to Avoid Sanctions  Iran on Monday froze sensitive nuclear work including uranium enrichment in a move likely to thwart US efforts to report the Islamic state to the UN Security Council for possible sanctions.


--------------------------------------------- Result 111 ---------------------------------------------
[[0 (89%)]] --> [[[FAILED]]]

A suicide bombing killed 3 people in a crowded Tel Aviv market &lt;b&gt;...&lt;/b&gt;  A suicide bombing killed at least five people and seriously injured more than 30 others in a crowded Tel Aviv open-air market. Injured shoppers were treated on the ground, as vegetables were strewn on the pavement.


--------------------------------------------- Result 112 ---------------------------------------------
[[3 (96%)]] --> [[[SKIPPED]]]

Oil Downturn Deepens as Supplies Swell   LONDON (Reuters) - Oil on Tuesday extended a price slide  that has cut 12 percent from record highs in two weeks as  growing signs of ample supply eases concerns over fuel stocks  for the northern winter.


--------------------------------------------- Result 113 ---------------------------------------------
[[3 (100%)]] --> [[[SKIPPED]]]

GM, DaimlerChrysler plan hybrid cars  SOUTHFIELD, MICHIGAN: General Motors Corp and DaimlerChrysler AG will jointly develop a petroleum-electric power system to catch up with Toyota Motor Corp and Honda Motor Co in so-called hybrid vehicles that save fuel and cut tailpipe emissions.


--------------------------------------------- Result 114 ---------------------------------------------
[[0 (99%)]] --> [[3 (31%)]]

[[Iran]] Says EU Nuke Negotiations in Final Stages   TEHRAN (Reuters) - Iran's negotiations with the European  Union over a [[deal]] which would spare Tehran from possible [[U]].[[N]].  sanctions over its nuclear program are in their final stages,  Iran said Saturday.

[[Irn]] Says EU Nuke Negotiations in Final Stages   TEHRAN (Reuters) - Iran's negotiations with the European  Union over a [[address]] which would spare Tehran from possible [[oder]].[[nitrogen]].  sanctions over its nuclear program are in their final stages,  Iran said Saturday.


--------------------------------------------- Result 115 ---------------------------------------------
[[1 (78%)]] --> [[2 (54%)]]

New York Unveils Last, Best Bid to Gain the [[Olympics]] in 2012  Leaders of the NYC2012 committee highlighted New York's advantages in multiculturalism, money and media power.

New York Unveils Last, Best Bid to Gain the [[Medalist]] in 2012  Leaders of the NYC2012 committee highlighted New York's advantages in multiculturalism, money and media power.


--------------------------------------------- Result 116 ---------------------------------------------
[[0 (51%)]] --> [[[SKIPPED]]]

Voters Checking Out Other Sides' Sites  Are right-leaning voters spending all their online time on Rushlimbaugh.com? Are left-leaning voters locked into the like-minded Talkingpointsmemo.com?


--------------------------------------------- Result 117 ---------------------------------------------
[[3 (98%)]] --> [[[FAILED]]]

Sun Unveils Next Generation Client Technology  SANTA CLARA, Calif., Dec. 13 /PRNewswire-FirstCall/ -- Sun Microsystems, Inc. (NASDAQ:SUNW) today unveiled its next generation Sun Ray(TM) Server Software 3.0 an interoperable, platform that enables instant 


--------------------------------------------- Result 118 ---------------------------------------------
[[2 (97%)]] --> [[[FAILED]]]

Investors put 1.5bn tag on Kidde  Shareholders in Kidde, the fire protection group, have indicated they would be prepared to sell out if United Technologies Corporation (UTC), the US industrial conglomerate 


--------------------------------------------- Result 119 ---------------------------------------------
[[2 (73%)]] --> [[3 (63%)]]

[[Steel]] stocks soar as shortages are biting  Steel shares hit seven-year highs yesterday after Nissan said the metal is in short supply in Japan. US Steel rose \$3.30, or 7, to \$51.25, while Nucor surged \$2.90 to \$54.05, an all-time high.

[[Steeⅼ]] stocks soar as shortages are biting  Steel shares hit seven-year highs yesterday after Nissan said the metal is in short supply in Japan. US Steel rose \$3.30, or 7, to \$51.25, while Nucor surged \$2.90 to \$54.05, an all-time high.


--------------------------------------------- Result 120 ---------------------------------------------
[[1 (90%)]] --> [[[SKIPPED]]]

Star Wars Battlefront; Sly 2: Band of Thieves; MacFamily Tree 4.0.6  Hearing a Jar Jar Binks-lookalike Gungan yell "Meesa gonna die!" as my droid tank shot him point-blank may have been the best part of this game.


--------------------------------------------- Result 121 ---------------------------------------------
[[3 (99%)]] --> [[[FAILED]]]

Computer Associates Launches PestPatrol  Computer Associates is releasing eTrust PestPatrol Anti-Spyware r5, aimed at consumers and small businesses, and based on technology CA obtained when it bought anti-spyware provider PestPatrol two months ago.


--------------------------------------------- Result 122 ---------------------------------------------
[[2 (85%)]] --> [[[SKIPPED]]]

Sources: Sprint, Nextel closing in on \$36B deal  Sprint Corp. is in advanced talks to buy Nextel Communications Inc. for more than \$36 billion in a mostly stock deal, sources familiar with the situation said today.


--------------------------------------------- Result 123 ---------------------------------------------
[[1 (96%)]] --> [[[FAILED]]]

U.S. Impressive in World Cup Qualifying (AP)  AP - Just because the United States has stormed through its regional qualifying for the next World Cup does not mean the Americans are a world soccer power.


--------------------------------------------- Result 124 ---------------------------------------------
[[1 (99%)]] --> [[[FAILED]]]

Auburn is likely the odd team out  Auburn has put together one of the greatest years in school history, claiming a spot in today #39;s Southeastern Conference title game against No.


--------------------------------------------- Result 125 ---------------------------------------------
[[1 (97%)]] --> [[[FAILED]]]

LIPPI LAMENTS LACK OF FIXTURES  Italy coach Marcello Lippi claimed he was frustrated that the Azzurri had no more World Cup qualifiers before the new year after the 4-3 win over Belarus saw the Italians claim top spot in Group Five.


--------------------------------------------- Result 126 ---------------------------------------------
[Succeeded / Failed / Skipped / Total] 40 / 62 / 24 / 126:  63%|██████▎   | 126/200 [14:04<08:16,  6.70s/it][Succeeded / Failed / Skipped / Total] 40 / 62 / 24 / 126:  64%|██████▎   | 127/200 [14:14<08:11,  6.73s/it][Succeeded / Failed / Skipped / Total] 40 / 63 / 24 / 127:  64%|██████▎   | 127/200 [14:14<08:11,  6.73s/it][Succeeded / Failed / Skipped / Total] 40 / 63 / 24 / 127:  64%|██████▍   | 128/200 [14:23<08:05,  6.75s/it][Succeeded / Failed / Skipped / Total] 40 / 64 / 24 / 128:  64%|██████▍   | 128/200 [14:23<08:05,  6.75s/it][Succeeded / Failed / Skipped / Total] 40 / 64 / 24 / 128:  64%|██████▍   | 129/200 [14:23<07:55,  6.70s/it][Succeeded / Failed / Skipped / Total] 40 / 64 / 25 / 129:  64%|██████▍   | 129/200 [14:23<07:55,  6.70s/it][Succeeded / Failed / Skipped / Total] 40 / 64 / 25 / 129:  65%|██████▌   | 130/200 [14:32<07:49,  6.71s/it][Succeeded / Failed / Skipped / Total] 40 / 65 / 25 / 130:  65%|██████▌   | 130/200 [14:32<07:49,  6.71s/it][Succeeded / Failed / Skipped / Total] 40 / 65 / 25 / 130:  66%|██████▌   | 131/200 [14:32<07:39,  6.66s/it][Succeeded / Failed / Skipped / Total] 40 / 65 / 26 / 131:  66%|██████▌   | 131/200 [14:32<07:39,  6.66s/it][Succeeded / Failed / Skipped / Total] 40 / 65 / 26 / 131:  66%|██████▌   | 132/200 [14:44<07:35,  6.70s/it][Succeeded / Failed / Skipped / Total] 40 / 66 / 26 / 132:  66%|██████▌   | 132/200 [14:44<07:35,  6.70s/it][Succeeded / Failed / Skipped / Total] 40 / 66 / 26 / 132:  66%|██████▋   | 133/200 [14:50<07:28,  6.70s/it][Succeeded / Failed / Skipped / Total] 41 / 66 / 26 / 133:  66%|██████▋   | 133/200 [14:50<07:28,  6.70s/it][Succeeded / Failed / Skipped / Total] 41 / 66 / 26 / 133:  67%|██████▋   | 134/200 [14:57<07:22,  6.70s/it][Succeeded / Failed / Skipped / Total] 42 / 66 / 26 / 134:  67%|██████▋   | 134/200 [14:57<07:22,  6.70s/it][Succeeded / Failed / Skipped / Total] 42 / 66 / 26 / 134:  68%|██████▊   | 135/200 [15:05<07:15,  6.70s/it][Succeeded / Failed / Skipped / Total] 43 / 66 / 26 / 135:  68%|██████▊   | 135/200 [15:05<07:15,  6.70s/it][Succeeded / Failed / Skipped / Total] 43 / 66 / 26 / 135:  68%|██████▊   | 136/200 [15:05<07:05,  6.66s/it][Succeeded / Failed / Skipped / Total] 43 / 66 / 27 / 136:  68%|██████▊   | 136/200 [15:05<07:06,  6.66s/it][Succeeded / Failed / Skipped / Total] 43 / 66 / 27 / 136:  68%|██████▊   | 137/200 [15:13<07:00,  6.67s/it][Succeeded / Failed / Skipped / Total] 43 / 67 / 27 / 137:  68%|██████▊   | 137/200 [15:13<07:00,  6.67s/it][Succeeded / Failed / Skipped / Total] 43 / 67 / 27 / 137:  69%|██████▉   | 138/200 [15:18<06:52,  6.66s/it][Succeeded / Failed / Skipped / Total] 44 / 67 / 27 / 138:  69%|██████▉   | 138/200 [15:18<06:52,  6.66s/it][Succeeded / Failed / Skipped / Total] 44 / 67 / 27 / 138:  70%|██████▉   | 139/200 [15:26<06:46,  6.66s/it][Succeeded / Failed / Skipped / Total] 45 / 67 / 27 / 139:  70%|██████▉   | 139/200 [15:26<06:46,  6.66s/it][Succeeded / Failed / Skipped / Total] 45 / 67 / 27 / 139:  70%|███████   | 140/200 [15:35<06:40,  6.68s/it][Succeeded / Failed / Skipped / Total] 45 / 68 / 27 / 140:  70%|███████   | 140/200 [15:35<06:40,  6.68s/it][Succeeded / Failed / Skipped / Total] 45 / 68 / 27 / 140:  70%|███████   | 141/200 [15:35<06:31,  6.63s/it][Succeeded / Failed / Skipped / Total] 45 / 68 / 28 / 141:  70%|███████   | 141/200 [15:35<06:31,  6.63s/it][Succeeded / Failed / Skipped / Total] 45 / 68 / 28 / 141:  71%|███████   | 142/200 [15:45<06:26,  6.66s/it][Succeeded / Failed / Skipped / Total] 45 / 69 / 28 / 142:  71%|███████   | 142/200 [15:45<06:26,  6.66s/it][Succeeded / Failed / Skipped / Total] 45 / 69 / 28 / 142:  72%|███████▏  | 143/200 [15:55<06:21,  6.68s/it][[1 (97%)]] --> [[[FAILED]]]

Baseball Owners Set to Approve Expos Sale (AP)  AP - The proposed move of the Montreal Expos to Washington is set to be approved when baseball owners meet Thursday in Chicago.


--------------------------------------------- Result 127 ---------------------------------------------
[[3 (100%)]] --> [[[FAILED]]]

Nokia sees strong demand for smartphones and camera phones in 2005  Nokia has forecast that smartphone shipments worldwide are expected to increase to 238 million units by 2008, up from 23 million this year, according to Anssi Vanjoki, executive vice president and general manager of multimedia at Nokia.


--------------------------------------------- Result 128 ---------------------------------------------
[[2 (91%)]] --> [[[FAILED]]]

Stelco Loses Contract to Supply GM Steel (Reuters)  Reuters - Stelco Inc.\(STEa.TO) has lost a contract to supply steel to General Motors\Inc. , its biggest customer, because the insolvent\Canadian steelmaker failed to strike a deal with its workers,\the union at Stelco said on Monday.


--------------------------------------------- Result 129 ---------------------------------------------
[[0 (64%)]] --> [[[SKIPPED]]]

First credit rating for Serbia  19:50 November 01  Dow Jones  LONDON -- Monday -- Serbia reached a milestone on the road to economic stability Monday, as its first-ever credit rating opened the way for a return to international credit markets.


--------------------------------------------- Result 130 ---------------------------------------------
[[1 (100%)]] --> [[[FAILED]]]

Dance pair out with injury  Olympic ice dancing hopefuls Loren Galler-Rabinowitz and David Mitchell of the Skating Club of Boston will be sidelined for the remainder of the season because of a shoulder injury to Mitchell that will require surgery.


--------------------------------------------- Result 131 ---------------------------------------------
[[1 (100%)]] --> [[[SKIPPED]]]

Warne takes six but India establish handy lead (Reuters)  Reuters - World test wicket record holder Shane Warne grabbed six wickets as India established a handy 141-run first innings lead in the second test on Saturday.


--------------------------------------------- Result 132 ---------------------------------------------
[[2 (85%)]] --> [[[FAILED]]]

Coca-Cola Bottling #39;s 3Q Profit Drops  Coca-Cola Bottling Co. Consolidated, the Coca-Cola Co. #39;s major bottler and distributor in the Southeast, said Wednesday that third-quarter profit fell as bad weather, high fuel prices and fewer promotions led to lower volume.


--------------------------------------------- Result 133 ---------------------------------------------
[[3 (73%)]] --> [[0 (34%)]]

Skulls on your Symbian phone? [[Don]] #39;t [[panic]]!  PETALING JAYA: Virus experts at British software security firm Sophos Plc have advised customers not to panic, following media reports of a [[Trojan]] horse which infects cellphones.

Skulls on your Symbian phone? [[Gifts]] #39;t [[fright]]!  PETALING JAYA: Virus experts at British software security firm Sophos Plc have advised customers not to panic, following media reports of a [[Tⲅojan]] horse which infects cellphones.


--------------------------------------------- Result 134 ---------------------------------------------
[[2 (81%)]] --> [[1 (55%)]]

Closing [[Arguments]] [[In]] Enron Barge Trial  Houston -- Prosecutors claim six [[executives]] conspired to push through a 1999 sham sale of barges because they didn #39;t think they #39;d get caught.

Closing [[Aⲅguments]] [[Iո]] Enron Barge Trial  Houston -- Prosecutors claim six [[cadres]] conspired to push through a 1999 sham sale of barges because they didn #39;t think they #39;d get caught.


--------------------------------------------- Result 135 ---------------------------------------------
[[2 (89%)]] --> [[3 (53%)]]

Karp team won't buy Fan Pier  For the [[second]] time in less than two months, a prospective buyer of the [[prime]] Fan [[Pier]] land in South Boston has pulled out of a [[deal]].

Karp team won't buy Fan Pier  For the [[secoոd]] time in less than two months, a prospective buyer of the [[prima]] Fan [[Terminals]] land in South Boston has pulled out of a [[addressing]].


--------------------------------------------- Result 136 ---------------------------------------------
[[3 (94%)]] --> [[[SKIPPED]]]

Product Previews  palmOneUpgrades Treo With Faster Chip, Better Display\With more than 600,000 units shipped, the Treo 600 is one of the big smartphone success stories. Last week, palmOne introduced the follow-on Treo 650 with a higher resolution 320-by-320-pixel TFT screen, which the company claims increases the visible area of the display and makes pictures and documents much clearer. The 650 also carries a removable battery; 32MB of flash memory, and a faster 312MHz, Intel XScale processor. Improved multimedia features include a built-in MP3 player, a digital camera with improved low-light capabilities, as well as video capture and playback functionality. Products are expected to ship by years end from some carriers who will add their own services, and will be priced at about \$499.\ Treo 650, palmOne


--------------------------------------------- Result 137 ---------------------------------------------
[[0 (100%)]] --> [[[FAILED]]]

Iran, EU Negotiators Seek Nuke Agreement (AP)  AP - A key U.N. atomic agency meeting adjourned for the weekend, giving Iran time to consider a total freeze of a program that could make weapons grade uranium and for delegates to decide on further steps in policing Tehran's nuclear activities.


--------------------------------------------- Result 138 ---------------------------------------------
[[0 (78%)]] --> [[1 (58%)]]

Protesters Denounce APEC Summit in Chile  Thousands of protesters marched peacefully through downtown Santiago on Friday, expressing anger at a weekend summit of Pacific Rim leaders, particularly President Bush. But violence later erupted at a rock [[concert]].

Protesters Denounce APEC Summit in Chile  Thousands of protesters marched peacefully through downtown Santiago on Friday, expressing anger at a weekend summit of Pacific Rim leaders, particularly President Bush. But violence later erupted at a rock [[concer𝚝]].


--------------------------------------------- Result 139 ---------------------------------------------
[[2 (94%)]] --> [[3 (43%)]]

South African [[Miner]] in Hostile Bid for Gold Fields  Harmony Gold Mining, the largest miner of South African [[gold]], made a hostile bid yesterday to acquire Gold Fields Ltd., [[another]] South African miner, for [[52]].

South African [[Mienr]] in Hostile Bid for Gold Fields  Harmony Gold Mining, the largest miner of South African [[ɡold]], made a hostile bid yesterday to acquire Gold Fields Ltd., [[others]] South African miner, for [[Ƽ2]].


--------------------------------------------- Result 140 ---------------------------------------------
[[0 (100%)]] --> [[[FAILED]]]

Castro Appears on TV Wearing an Arm Sling  Five days after falling and fracturing a knee and an arm, Cuban President Fidel Castro appeared on television on Monday with his arm in a sling to announce Cuba will end circulation of the US dollar.


--------------------------------------------- Result 141 ---------------------------------------------
[[1 (80%)]] --> [[[SKIPPED]]]

New Crew Prepares For Space Station Duty  CAPE CANAVERAL, Fla. -- A new crew is aboard the International Space Station Wednesday preparing to take over command of the orbiting outpost.


--------------------------------------------- Result 142 ---------------------------------------------
[[2 (74%)]] --> [[[FAILED]]]

Santander Takeover of Abbey Approved by UK #39;s FSA (Update1)  The UK #39;s Financial Services Authority approved Santander Central Hispano SA #39;s 9.4 billion-pound (\$17.4 billion) takeover of Abbey National Plc, paving the way for Europe #39;s biggest cross-border bank merger.


--------------------------------------------- Result 143 ---------------------------------------------
[Succeeded / Failed / Skipped / Total] 45 / 70 / 28 / 143:  72%|███████▏  | 143/200 [15:55<06:21,  6.68s/it][Succeeded / Failed / Skipped / Total] 45 / 70 / 28 / 143:  72%|███████▏  | 144/200 [16:07<06:16,  6.72s/it][Succeeded / Failed / Skipped / Total] 45 / 71 / 28 / 144:  72%|███████▏  | 144/200 [16:07<06:16,  6.72s/it][Succeeded / Failed / Skipped / Total] 45 / 71 / 28 / 144:  72%|███████▎  | 145/200 [16:17<06:10,  6.74s/it][Succeeded / Failed / Skipped / Total] 45 / 72 / 28 / 145:  72%|███████▎  | 145/200 [16:17<06:10,  6.74s/it][Succeeded / Failed / Skipped / Total] 45 / 72 / 28 / 145:  73%|███████▎  | 146/200 [16:23<06:03,  6.73s/it][Succeeded / Failed / Skipped / Total] 46 / 72 / 28 / 146:  73%|███████▎  | 146/200 [16:23<06:03,  6.73s/it][Succeeded / Failed / Skipped / Total] 46 / 72 / 28 / 146:  74%|███████▎  | 147/200 [16:32<05:57,  6.75s/it][Succeeded / Failed / Skipped / Total] 46 / 73 / 28 / 147:  74%|███████▎  | 147/200 [16:32<05:57,  6.75s/it][Succeeded / Failed / Skipped / Total] 46 / 73 / 28 / 147:  74%|███████▍  | 148/200 [16:43<05:52,  6.78s/it][Succeeded / Failed / Skipped / Total] 46 / 74 / 28 / 148:  74%|███████▍  | 148/200 [16:43<05:52,  6.78s/it][Succeeded / Failed / Skipped / Total] 46 / 74 / 28 / 148:  74%|███████▍  | 149/200 [16:50<05:45,  6.78s/it][Succeeded / Failed / Skipped / Total] 47 / 74 / 28 / 149:  74%|███████▍  | 149/200 [16:50<05:45,  6.78s/it][Succeeded / Failed / Skipped / Total] 47 / 74 / 28 / 149:  75%|███████▌  | 150/200 [16:58<05:39,  6.79s/it][Succeeded / Failed / Skipped / Total] 47 / 75 / 28 / 150:  75%|███████▌  | 150/200 [16:58<05:39,  6.79s/it][Succeeded / Failed / Skipped / Total] 47 / 75 / 28 / 150:  76%|███████▌  | 151/200 [17:07<05:33,  6.81s/it][Succeeded / Failed / Skipped / Total] 47 / 76 / 28 / 151:  76%|███████▌  | 151/200 [17:07<05:33,  6.81s/it][Succeeded / Failed / Skipped / Total] 47 / 76 / 28 / 151:  76%|███████▌  | 152/200 [17:07<05:24,  6.76s/it][Succeeded / Failed / Skipped / Total] 47 / 76 / 29 / 152:  76%|███████▌  | 152/200 [17:07<05:24,  6.76s/it][Succeeded / Failed / Skipped / Total] 47 / 76 / 29 / 152:  76%|███████▋  | 153/200 [17:12<05:17,  6.75s/it][Succeeded / Failed / Skipped / Total] 48 / 76 / 29 / 153:  76%|███████▋  | 153/200 [17:12<05:17,  6.75s/it][Succeeded / Failed / Skipped / Total] 48 / 76 / 29 / 153:  77%|███████▋  | 154/200 [17:12<05:08,  6.70s/it][Succeeded / Failed / Skipped / Total] 48 / 76 / 30 / 154:  77%|███████▋  | 154/200 [17:12<05:08,  6.70s/it][Succeeded / Failed / Skipped / Total] 48 / 76 / 30 / 154:  78%|███████▊  | 155/200 [17:17<05:01,  6.69s/it][Succeeded / Failed / Skipped / Total] 49 / 76 / 30 / 155:  78%|███████▊  | 155/200 [17:17<05:01,  6.69s/it][Succeeded / Failed / Skipped / Total] 49 / 76 / 30 / 155:  78%|███████▊  | 156/200 [17:17<04:52,  6.65s/it][Succeeded / Failed / Skipped / Total] 49 / 76 / 31 / 156:  78%|███████▊  | 156/200 [17:17<04:52,  6.65s/it][Succeeded / Failed / Skipped / Total] 49 / 76 / 31 / 156:  78%|███████▊  | 157/200 [17:27<04:46,  6.67s/it][Succeeded / Failed / Skipped / Total] 50 / 76 / 31 / 157:  78%|███████▊  | 157/200 [17:27<04:46,  6.67s/it][Succeeded / Failed / Skipped / Total] 50 / 76 / 31 / 157:  79%|███████▉  | 158/200 [17:27<04:38,  6.63s/it][Succeeded / Failed / Skipped / Total] 50 / 76 / 32 / 158:  79%|███████▉  | 158/200 [17:27<04:38,  6.63s/it][Succeeded / Failed / Skipped / Total] 50 / 76 / 32 / 158:  80%|███████▉  | 159/200 [17:34<04:31,  6.63s/it][Succeeded / Failed / Skipped / Total] 50 / 77 / 32 / 159:  80%|███████▉  | 159/200 [17:34<04:31,  6.63s/it][Succeeded / Failed / Skipped / Total] 50 / 77 / 32 / 159:  80%|████████  | 160/200 [17:34<04:23,  6.59s/it][Succeeded / Failed / Skipped / Total] 50 / 77 / 33 / 160:  80%|████████  | 160/200 [17:34<04:23,  6.59s/it][Succeeded / Failed / Skipped / Total] 50 / 77 / 33 / 160:  80%|████████  | 161/200 [17:42<04:17,  6.60s/it][[2 (98%)]] --> [[[FAILED]]]

Delta Pilots Ratify Concession Package (Reuters)  Reuters - Pilots at Delta Air Lines Inc. \on Thursday ratified a concession package that will save the\carrier  #36;1 billion a year, in a move the company hopes will buy\it time to restructure outside of bankruptcy.


--------------------------------------------- Result 144 ---------------------------------------------
[[3 (88%)]] --> [[[FAILED]]]

Oil Company on Trial in Madagascar Over Pollution (Reuters)  Reuters - The operator of Madagascar's\privatized oil refinery went on trial on Tuesday, accused of\polluting the environment around the Indian Ocean island's main\international port, officials said.


--------------------------------------------- Result 145 ---------------------------------------------
[[1 (100%)]] --> [[[FAILED]]]

Harrison keeps title for fifth time  GLASGOW - Scotland #39;s Scott Harrison successfully defended his WBO featherweight title for a fifth time with a farcical first-round stoppage of Swedish-based Ethiopian Samuel Kebede on Saturday.


--------------------------------------------- Result 146 ---------------------------------------------
[[2 (87%)]] --> [[1 (36%)]]

US [[Treasuries]] [[slip]] lower ahead of new supply  Treasuries slipped lower on Monday as investors positioned themselves to absorb \$51 billion of new supply this week ahead of an expected Federal Reserve increase in official interest rates.

US [[Tesoro]] [[slips]] lower ahead of new supply  Treasuries slipped lower on Monday as investors positioned themselves to absorb \$51 billion of new supply this week ahead of an expected Federal Reserve increase in official interest rates.


--------------------------------------------- Result 147 ---------------------------------------------
[[2 (98%)]] --> [[[FAILED]]]

Interpublic Posts Wider 3Q Loss  Interpublic Group of Cos., the world #39;s third-largest ad conglomerate, said Wednesday that third-quarter losses widened significantly on increased charges as well as greater salary and severance costs.


--------------------------------------------- Result 148 ---------------------------------------------
[[0 (72%)]] --> [[[FAILED]]]

Abbas Escapes Gaza Shooting Unharmed (AP)  AP - Mahmoud Abbas, the temporary successor to Yasser Arafat, escaped unharmed Sunday when militants firing assault rifles burst into a mourning tent for the deceased Palestinian leader, killing two security guards and wounding six other people.


--------------------------------------------- Result 149 ---------------------------------------------
[[0 (82%)]] --> [[3 (42%)]]

Secretary Rumsfeld Remarks [[En]] [[Route]] to El Salvador  SEC. RUMSFELD: As you know, were going to be stopping in El Salvador and Nicaragua and Panama and [[Ecuador]]. The first stops will be visits to the places, particularly El Salvador and Nicaragua - countries 

Secretary Rumsfeld Remarks [[Pt]] [[Ruote]] to El Salvador  SEC. RUMSFELD: As you know, were going to be stopping in El Salvador and Nicaragua and Panama and [[Ecսador]]. The first stops will be visits to the places, particularly El Salvador and Nicaragua - countries 


--------------------------------------------- Result 150 ---------------------------------------------
[[1 (98%)]] --> [[[FAILED]]]

Loeb forced out of rally  ESTONIA #39;s Markko Martin took the Rally of Catalonia lead today after newly-crowned world champion Sebastien Loeb, the overnight leader, was forced out of the race with a severe oil leak.


--------------------------------------------- Result 151 ---------------------------------------------
[[1 (100%)]] --> [[[FAILED]]]

Haywood suspended for three games  NEW YORK - Brendan Haywood of the Washington Wizards was suspended for three games by the NBA yesterday for fighting during a pre-season game against the Chicago Bulls.


--------------------------------------------- Result 152 ---------------------------------------------
[[0 (84%)]] --> [[[SKIPPED]]]

R.I.P. Gary Webb -- Unembedded Reporter  The finest journalist ever to get fired for telling the truth is dead at age 49. The official cause of death on the death certificate will be suicide. But, as we shall see, he had much help getting to that point. The story of the life and death of Gary Webb says much about the state of American politics and what passes as "journalism" in today's America. 


--------------------------------------------- Result 153 ---------------------------------------------
[[0 (46%)]] --> [[1 (45%)]]

Shah [[Rukh]] Khan apologises to Buddhist monks  COLOMBO: Bollywood superstar Shah Rukh Khan has apologised to Sri Lanka #39;s protesting Buddhist monks for the timing of his mega concert here, which coincides with the death anniversary of a popular priest, but said the show will go on.

Shah [[Bachchan]] Khan apologises to Buddhist monks  COLOMBO: Bollywood superstar Shah Rukh Khan has apologised to Sri Lanka #39;s protesting Buddhist monks for the timing of his mega concert here, which coincides with the death anniversary of a popular priest, but said the show will go on.


--------------------------------------------- Result 154 ---------------------------------------------
[[1 (84%)]] --> [[[SKIPPED]]]

Coors' Donation to Own Campaign Draws Ire (AP)  AP - A  #36;500,000 donation by Republican beer baron Pete Coors to his own Senate campaign has triggered a new federal law that eases fund-raising restrictions for his Democratic opponent.


--------------------------------------------- Result 155 ---------------------------------------------
[[3 (70%)]] --> [[1 (45%)]]

Older mobiles may cause tumours: study  The Institute of Environmental Medicine (IMM) at Karolinska Institute in Sweden found no indications of [[risk]] for less than 10 years of [[usage]].

Older mobiles may cause tumours: study  The Institute of Environmental Medicine (IMM) at Karolinska Institute in Sweden found no indications of [[peril]] for less than 10 years of [[սsage]].


--------------------------------------------- Result 156 ---------------------------------------------
[[1 (97%)]] --> [[[SKIPPED]]]

Cassini photos leaves some mysteries  Cassini #39;s latest sweep past Saturn #39;s moon Titan revealed more intriguing pictures of the surface but left many mysteries intact.


--------------------------------------------- Result 157 ---------------------------------------------
[[3 (86%)]] --> [[2 (45%)]]

Yahoo Battles [[Google]] for The Cell [[Phone]]  Yahoo added a search feature for [[cell]] phones Wednesday, just a few weeks after rival Google launched one of its own. While Google SMS (Short Message Service) [[uses]] text-only messages to deliver its [[results]], Yahoo #39;s 

Yahoo Battles [[Googⅼe]] for The Cell [[Pհone]]  Yahoo added a search feature for [[battery]] phones Wednesday, just a few weeks after rival Google launched one of its own. While Google SMS (Short Message Service) [[սses]] text-only messages to deliver its [[resuⅼts]], Yahoo #39;s 


--------------------------------------------- Result 158 ---------------------------------------------
[[1 (84%)]] --> [[[SKIPPED]]]

Bond game fails to shake or stir  GoldenEye: Rogue Action fails to deliver on the promise of its name and struggles to generate the original's massive sense of fun.


--------------------------------------------- Result 159 ---------------------------------------------
[[1 (100%)]] --> [[[FAILED]]]

Pinkel reinstates Damien Nash  Missouri tailback Damien Nash was reinstated by coach Gary Pinkel, ending a one-game suspension for the teams #39; leading rusher.


--------------------------------------------- Result 160 ---------------------------------------------
[[3 (85%)]] --> [[[SKIPPED]]]

BT to buy Infonet for US\$965mil  BERLIN: BT Group Plc, Britain #39;s largest phone company, plans to buy Infonet Services Corp. for US\$965mil to add a data network spanning more than 180 countries.


--------------------------------------------- Result 161 ---------------------------------------------
[Succeeded / Failed / Skipped / Total] 50 / 78 / 33 / 161:  80%|████████  | 161/200 [17:42<04:17,  6.60s/it][Succeeded / Failed / Skipped / Total] 50 / 78 / 33 / 161:  81%|████████  | 162/200 [17:51<04:11,  6.61s/it][Succeeded / Failed / Skipped / Total] 51 / 78 / 33 / 162:  81%|████████  | 162/200 [17:51<04:11,  6.61s/it][Succeeded / Failed / Skipped / Total] 51 / 78 / 33 / 162:  82%|████████▏ | 163/200 [17:56<04:04,  6.60s/it][Succeeded / Failed / Skipped / Total] 52 / 78 / 33 / 163:  82%|████████▏ | 163/200 [17:56<04:04,  6.60s/it][Succeeded / Failed / Skipped / Total] 52 / 78 / 33 / 163:  82%|████████▏ | 164/200 [18:05<03:58,  6.62s/it][Succeeded / Failed / Skipped / Total] 52 / 79 / 33 / 164:  82%|████████▏ | 164/200 [18:05<03:58,  6.62s/it][Succeeded / Failed / Skipped / Total] 52 / 79 / 33 / 164:  82%|████████▎ | 165/200 [18:13<03:52,  6.63s/it][Succeeded / Failed / Skipped / Total] 53 / 79 / 33 / 165:  82%|████████▎ | 165/200 [18:13<03:52,  6.63s/it][Succeeded / Failed / Skipped / Total] 53 / 79 / 33 / 165:  83%|████████▎ | 166/200 [18:19<03:45,  6.62s/it][Succeeded / Failed / Skipped / Total] 54 / 79 / 33 / 166:  83%|████████▎ | 166/200 [18:19<03:45,  6.62s/it][Succeeded / Failed / Skipped / Total] 54 / 79 / 33 / 166:  84%|████████▎ | 167/200 [18:27<03:38,  6.63s/it][Succeeded / Failed / Skipped / Total] 54 / 80 / 33 / 167:  84%|████████▎ | 167/200 [18:27<03:38,  6.63s/it][Succeeded / Failed / Skipped / Total] 54 / 80 / 33 / 167:  84%|████████▍ | 168/200 [18:27<03:30,  6.59s/it][Succeeded / Failed / Skipped / Total] 54 / 80 / 34 / 168:  84%|████████▍ | 168/200 [18:27<03:30,  6.59s/it][Succeeded / Failed / Skipped / Total] 54 / 80 / 34 / 168:  84%|████████▍ | 169/200 [18:35<03:24,  6.60s/it][Succeeded / Failed / Skipped / Total] 54 / 81 / 34 / 169:  84%|████████▍ | 169/200 [18:35<03:24,  6.60s/it][Succeeded / Failed / Skipped / Total] 54 / 81 / 34 / 169:  85%|████████▌ | 170/200 [18:41<03:17,  6.60s/it][Succeeded / Failed / Skipped / Total] 55 / 81 / 34 / 170:  85%|████████▌ | 170/200 [18:41<03:17,  6.60s/it][Succeeded / Failed / Skipped / Total] 55 / 81 / 34 / 170:  86%|████████▌ | 171/200 [18:46<03:11,  6.59s/it][Succeeded / Failed / Skipped / Total] 56 / 81 / 34 / 171:  86%|████████▌ | 171/200 [18:46<03:11,  6.59s/it][Succeeded / Failed / Skipped / Total] 56 / 81 / 34 / 171:  86%|████████▌ | 172/200 [18:46<03:03,  6.55s/it][Succeeded / Failed / Skipped / Total] 56 / 81 / 35 / 172:  86%|████████▌ | 172/200 [18:46<03:03,  6.55s/it][Succeeded / Failed / Skipped / Total] 56 / 81 / 35 / 172:  86%|████████▋ | 173/200 [18:55<02:57,  6.57s/it][Succeeded / Failed / Skipped / Total] 57 / 81 / 35 / 173:  86%|████████▋ | 173/200 [18:55<02:57,  6.57s/it][Succeeded / Failed / Skipped / Total] 57 / 81 / 35 / 173:  87%|████████▋ | 174/200 [19:04<02:50,  6.58s/it][Succeeded / Failed / Skipped / Total] 57 / 82 / 35 / 174:  87%|████████▋ | 174/200 [19:04<02:50,  6.58s/it][Succeeded / Failed / Skipped / Total] 57 / 82 / 35 / 174:  88%|████████▊ | 175/200 [19:04<02:43,  6.54s/it][Succeeded / Failed / Skipped / Total] 57 / 82 / 36 / 175:  88%|████████▊ | 175/200 [19:04<02:43,  6.54s/it][Succeeded / Failed / Skipped / Total] 57 / 82 / 36 / 175:  88%|████████▊ | 176/200 [19:08<02:36,  6.52s/it][Succeeded / Failed / Skipped / Total] 58 / 82 / 36 / 176:  88%|████████▊ | 176/200 [19:08<02:36,  6.52s/it][Succeeded / Failed / Skipped / Total] 58 / 82 / 36 / 176:  88%|████████▊ | 177/200 [19:13<02:29,  6.52s/it][[1 (96%)]] --> [[[FAILED]]]

Don King Productions Presents:  quot;Battle For Supremacy quot;  On Saturday November 13th, ten misfits, nomads and upstarts seek to wage war or settle the score at the famed Madison Square Garden in New York, New York.


--------------------------------------------- Result 162 ---------------------------------------------
[[2 (99%)]] --> [[0 (34%)]]

Weyerhaeuser [[Profit]] Up   [[NEW]] [[YORK]] (Reuters) - Weyerhaeuser Co.'s  quarterly profit  rose sharply on a large gain from the sale of timberlands in  Georgia and it set tender [[offers]] to reduce as much as \$700  million in [[debt]], the company said on Friday.

Weyerhaeuser [[Earns]] Up   [[NOVEL]] [[SCARSDALE]] (Reuters) - Weyerhaeuser Co.'s  quarterly profit  rose sharply on a large gain from the sale of timberlands in  Georgia and it set tender [[o𝚏fers]] to reduce as much as \$700  million in [[religion]], the company said on Friday.


--------------------------------------------- Result 163 ---------------------------------------------
[[0 (78%)]] --> [[1 (42%)]]

[[Police]] [[Remove]] Checkpoints Around Capitol (AP)  AP - Police checkpoints that have surrounded the Capitol since last August were gone Thursday following a postelection decision by authorities to lower the threat level.

[[Poliϲe]] [[Remvoe]] Checkpoints Around Capitol (AP)  AP - Police checkpoints that have surrounded the Capitol since last August were gone Thursday following a postelection decision by authorities to lower the threat level.


--------------------------------------------- Result 164 ---------------------------------------------
[[1 (99%)]] --> [[[FAILED]]]

Beckham returns to England squad for Spain game  David Beckham, out for a month with broken ribs, was named by Sven-Goran Eriksson to England #39;s team for its friendly match on Wednesday against Spain at Real Madrid #39;s Santiago Bernabeu Stadium.


--------------------------------------------- Result 165 ---------------------------------------------
[[0 (82%)]] --> [[1 (49%)]]

Anwar [[Begins]] [[Malaysia]] Political Comeback  [[Malaysia]] #39;s most charismatic dissident [[Anwar]] Ibrahim, released from jail two months ago, kicked off his political comeback Sunday, vowing to restart a campaign for democratic reforms and racial equality.

Anwar [[Commencement]] [[Ma]] Political Comeback  [[Malaysіa]] #39;s most charismatic dissident [[Anar]] Ibrahim, released from jail two months ago, kicked off his political comeback Sunday, vowing to restart a campaign for democratic reforms and racial equality.


--------------------------------------------- Result 166 ---------------------------------------------
[[3 (84%)]] --> [[1 (75%)]]

Newest video [[games]] gun to be No. 1  Voters apparently weren #39;t the only ones willing to stand in long lines. The release of this year #39;s two hottest video games - Grand Theft Auto: San Andreas, and Halo 2 - had gamers lined up at stores across the nation to pick up their pre-ordered games.

Newest video [[jeux]] gun to be No. 1  Voters apparently weren #39;t the only ones willing to stand in long lines. The release of this year #39;s two hottest video games - Grand Theft Auto: San Andreas, and Halo 2 - had gamers lined up at stores across the nation to pick up their pre-ordered games.


--------------------------------------------- Result 167 ---------------------------------------------
[[0 (96%)]] --> [[[FAILED]]]

82 still missing in Chinese mine blast  XINMI, China -- Desperate to know their loved ones' fates, grieving relatives scuffled with guards yesterday at the scene of China's worst mining accident this year as rescue workers pulled more bodies out of a mine shaft choked with poison gas.


--------------------------------------------- Result 168 ---------------------------------------------
[[3 (80%)]] --> [[[SKIPPED]]]

Microsoft Opens Software Development Center in India (Update3)  Microsoft Corp., the world #39;s largest software maker, will hire several hundred #39; #39; people in the next year at its development center in India, expanding its workforce of 800, Chief Executive Steve Ballmer said.


--------------------------------------------- Result 169 ---------------------------------------------
[[1 (100%)]] --> [[[FAILED]]]

Agassi advances in Madrid, Henman eliminated  Top seed Tim Henman suffered a 6-4,4-6, 6-2 defeat to Croatian Ivan Ljubicic in the Madrid Masters on Thursday as Andre Agassi advanced to the quarter-finals with a 6-1,6-3 victory over Vincent Spadea.


--------------------------------------------- Result 170 ---------------------------------------------
[[1 (67%)]] --> [[2 (47%)]]

Void is filled with Clement  With the supply of attractive pitching options dwindling daily -- they lost Pedro Martinez to the Mets, missed on Tim Hudson, and are resigned to Randy Johnson becoming a Yankee -- the Red Sox struck again last night, coming to terms with free agent Matt [[Clement]] on a three-year deal that will pay the righthander in the neighborhood of \$[[25]] ...

Void is filled with Clement  With the supply of attractive pitching options dwindling daily -- they lost Pedro Martinez to the Mets, missed on Tim Hudson, and are resigned to Randy Johnson becoming a Yankee -- the Red Sox struck again last night, coming to terms with free agent Matt [[Clemnet]] on a three-year deal that will pay the righthander in the neighborhood of \$[[ᒿ5]] ...


--------------------------------------------- Result 171 ---------------------------------------------
[[3 (75%)]] --> [[2 (51%)]]

News: [[Banks]] prepare for ATM cyber crime  An industry and law enforcement group hopes to prevent Windows XP-based cash machines from inspiring "the [[next]] wave of [[ATM]] crime."\

News: [[Ban𝒌s]] prepare for ATM cyber crime  An industry and law enforcement group hopes to prevent Windows XP-based cash machines from inspiring "the [[upcoming]] wave of [[ABM]] crime."\


--------------------------------------------- Result 172 ---------------------------------------------
[[2 (82%)]] --> [[[SKIPPED]]]

Studios to sue pirates  Hollywood studios plan to file hundreds of lawsuits this month against people who illegally share movies online, industry representatives said Thursday.


--------------------------------------------- Result 173 ---------------------------------------------
[[1 (100%)]] --> [[2 (62%)]]

[[Lehman]] hoping third time is a charm  [[Tied]] for the lead in what was shaping up as another [[shootout]] at Disney, Tom [[Lehman]] believes he has experience on his side. [[Not]] from the last 12 years, but the last three weeks.

[[Goldman]] hoping third time is a charm  [[Teid]] for the lead in what was shaping up as another [[gunfight]] at Disney, Tom [[Stearns]] believes he has experience on his side. [[Nope]] from the last 12 years, but the last three weeks.


--------------------------------------------- Result 174 ---------------------------------------------
[[2 (100%)]] --> [[[FAILED]]]

Target Earns \$537 Million  Target Corp. , the No. 2 US discount retailer, on Thursday posted a higher quarterly profit on stronger sales and gains from selling its Mervyn #39;s department store chain, and forecast 2004 would end well.


--------------------------------------------- Result 175 ---------------------------------------------
[[2 (85%)]] --> [[[SKIPPED]]]

Cuts offered, issue remains tax or cap  The union #39;s proposal to end the lockout, made Thursday at the league #39;s Canadian headquarters, calls for a tax that would penalize -- and perhaps deter -- high-end payrolls.


--------------------------------------------- Result 176 ---------------------------------------------
[[2 (49%)]] --> [[3 (63%)]]

Analysis: US heating oil guides NYMEX  The price of oil futures [[jumped]] sharply Wednesday when a disappointing decline in the US heating-oil supply trumped growth in the crude stockpile.

Analysis: US heating oil guides NYMEX  The price of oil futures [[hopped]] sharply Wednesday when a disappointing decline in the US heating-oil supply trumped growth in the crude stockpile.


[Succeeded / Failed / Skipped / Total] 58 / 83 / 36 / 177:  88%|████████▊ | 177/200 [19:13<02:29,  6.52s/it][Succeeded / Failed / Skipped / Total] 58 / 83 / 36 / 177:  89%|████████▉ | 178/200 [19:24<02:23,  6.54s/it][Succeeded / Failed / Skipped / Total] 58 / 84 / 36 / 178:  89%|████████▉ | 178/200 [19:24<02:23,  6.54s/it][Succeeded / Failed / Skipped / Total] 58 / 84 / 36 / 178:  90%|████████▉ | 179/200 [19:29<02:17,  6.53s/it][Succeeded / Failed / Skipped / Total] 59 / 84 / 36 / 179:  90%|████████▉ | 179/200 [19:29<02:17,  6.53s/it][Succeeded / Failed / Skipped / Total] 59 / 84 / 36 / 179:  90%|█████████ | 180/200 [19:41<02:11,  6.56s/it][Succeeded / Failed / Skipped / Total] 59 / 85 / 36 / 180:  90%|█████████ | 180/200 [19:41<02:11,  6.56s/it][Succeeded / Failed / Skipped / Total] 59 / 85 / 36 / 180:  90%|█████████ | 181/200 [19:41<02:04,  6.53s/it][Succeeded / Failed / Skipped / Total] 59 / 85 / 37 / 181:  90%|█████████ | 181/200 [19:41<02:04,  6.53s/it][Succeeded / Failed / Skipped / Total] 59 / 85 / 37 / 181:  91%|█████████ | 182/200 [19:50<01:57,  6.54s/it][Succeeded / Failed / Skipped / Total] 59 / 86 / 37 / 182:  91%|█████████ | 182/200 [19:50<01:57,  6.54s/it][Succeeded / Failed / Skipped / Total] 59 / 86 / 37 / 182:  92%|█████████▏| 183/200 [20:00<01:51,  6.56s/it][Succeeded / Failed / Skipped / Total] 59 / 87 / 37 / 183:  92%|█████████▏| 183/200 [20:00<01:51,  6.56s/it][Succeeded / Failed / Skipped / Total] 59 / 87 / 37 / 183:  92%|█████████▏| 184/200 [20:03<01:44,  6.54s/it][Succeeded / Failed / Skipped / Total] 60 / 87 / 37 / 184:  92%|█████████▏| 184/200 [20:03<01:44,  6.54s/it][Succeeded / Failed / Skipped / Total] 60 / 87 / 37 / 184:  92%|█████████▎| 185/200 [20:09<01:38,  6.54s/it][Succeeded / Failed / Skipped / Total] 60 / 88 / 37 / 185:  92%|█████████▎| 185/200 [20:09<01:38,  6.54s/it][Succeeded / Failed / Skipped / Total] 60 / 88 / 37 / 185:  93%|█████████▎| 186/200 [20:09<01:31,  6.50s/it][Succeeded / Failed / Skipped / Total] 60 / 88 / 38 / 186:  93%|█████████▎| 186/200 [20:09<01:31,  6.50s/it][Succeeded / Failed / Skipped / Total] 60 / 88 / 38 / 186:  94%|█████████▎| 187/200 [20:09<01:24,  6.47s/it][Succeeded / Failed / Skipped / Total] 60 / 88 / 39 / 187:  94%|█████████▎| 187/200 [20:09<01:24,  6.47s/it][Succeeded / Failed / Skipped / Total] 60 / 88 / 39 / 187:  94%|█████████▍| 188/200 [20:17<01:17,  6.47s/it][Succeeded / Failed / Skipped / Total] 60 / 89 / 39 / 188:  94%|█████████▍| 188/200 [20:17<01:17,  6.47s/it][Succeeded / Failed / Skipped / Total] 60 / 89 / 39 / 188:  94%|█████████▍| 189/200 [20:27<01:11,  6.49s/it][Succeeded / Failed / Skipped / Total] 60 / 90 / 39 / 189:  94%|█████████▍| 189/200 [20:27<01:11,  6.49s/it][Succeeded / Failed / Skipped / Total] 60 / 90 / 39 / 189:  95%|█████████▌| 190/200 [20:27<01:04,  6.46s/it][Succeeded / Failed / Skipped / Total] 60 / 90 / 40 / 190:  95%|█████████▌| 190/200 [20:27<01:04,  6.46s/it][Succeeded / Failed / Skipped / Total] 60 / 90 / 40 / 190:  96%|█████████▌| 191/200 [20:33<00:58,  6.46s/it][Succeeded / Failed / Skipped / Total] 61 / 90 / 40 / 191:  96%|█████████▌| 191/200 [20:33<00:58,  6.46s/it][Succeeded / Failed / Skipped / Total] 61 / 90 / 40 / 191:  96%|█████████▌| 192/200 [20:39<00:51,  6.46s/it][Succeeded / Failed / Skipped / Total] 61 / 91 / 40 / 192:  96%|█████████▌| 192/200 [20:39<00:51,  6.46s/it][Succeeded / Failed / Skipped / Total] 61 / 91 / 40 / 192:  96%|█████████▋| 193/200 [20:47<00:45,  6.46s/it][Succeeded / Failed / Skipped / Total] 61 / 92 / 40 / 193:  96%|█████████▋| 193/200 [20:47<00:45,  6.46s/it][Succeeded / Failed / Skipped / Total] 61 / 92 / 40 / 193:  97%|█████████▋| 194/200 [20:50<00:38,  6.45s/it][Succeeded / Failed / Skipped / Total] 61 / 93 / 40 / 194:  97%|█████████▋| 194/200 [20:50<00:38,  6.45s/it][Succeeded / Failed / Skipped / Total] 61 / 93 / 40 / 194:  98%|█████████▊| 195/200 [21:01<00:32,  6.47s/it][Succeeded / Failed / Skipped / Total] 62 / 93 / 40 / 195:  98%|█████████▊| 195/200 [21:01<00:32,  6.47s/it][Succeeded / Failed / Skipped / Total] 62 / 93 / 40 / 195:  98%|█████████▊| 196/200 [21:11<00:25,  6.49s/it][Succeeded / Failed / Skipped / Total] 62 / 94 / 40 / 196:  98%|█████████▊| 196/200 [21:11<00:25,  6.49s/it][Succeeded / Failed / Skipped / Total] 62 / 94 / 40 / 196:  98%|█████████▊| 197/200 [21:11<00:19,  6.45s/it]--------------------------------------------- Result 177 ---------------------------------------------
[[1 (89%)]] --> [[[FAILED]]]

Rivera was a corner stone for Ruiz  NEW YORK -- For a time Saturday night, John Ruiz was ready to give up.


--------------------------------------------- Result 178 ---------------------------------------------
[[1 (100%)]] --> [[[FAILED]]]

No. 17 Rutgers Stops South Dakota State (AP)  AP - Freshman guard Matee Ajavon scored 29 points to lead Rutgers over South Dakota State 68-50 on Thursday in the opening game of the Paradise Jam tournament in the U.S. Virgin Islands.


--------------------------------------------- Result 179 ---------------------------------------------
[[3 (67%)]] --> [[1 (49%)]]

 #39;Breakthrough #39; on hydrogen fuel  US scientists had made a [[breakthrough]] in their quest to make low-cost hydrogen, a technology key to finding new sources of energy to end US dependence on foreign oil, they said.

 #39;Breakthrough #39; on hydrogen fuel  US scientists had made a [[brеakthrough]] in their quest to make low-cost hydrogen, a technology key to finding new sources of energy to end US dependence on foreign oil, they said.


--------------------------------------------- Result 180 ---------------------------------------------
[[1 (95%)]] --> [[[FAILED]]]

New memories warm heart of this Bosox fan  Is it really true? Did it really happen? Or was that just the figment of some Boston Red Sox fanatic #39;s wild imagination? Did the Red Sox really win the World Series for the first time since 1918 by sweeping the St.


--------------------------------------------- Result 181 ---------------------------------------------
[[3 (58%)]] --> [[[SKIPPED]]]

LG Electronics-Matsushita PDP battle  TOKYO (CBS.MW) -- South Korea #39;s LG Electronics Inc. said Tuesday it would file a counter measure against Japan #39;s Matsushita Electric Industrial Co.


--------------------------------------------- Result 182 ---------------------------------------------
[[1 (100%)]] --> [[[FAILED]]]

Henry doubtful for Anfield clash  Arsenal striker Thierry Henry is doubtful for Sundays Barclays Premiership trip to Liverpool with a calf injury. The Frenchman aggravated the problem during Wednesday nights ill-tempered Champions League 


--------------------------------------------- Result 183 ---------------------------------------------
[[1 (99%)]] --> [[[FAILED]]]

Hokies making statement about ACC title intentions  The annual summer barbecues that Ralph Friedgen and Frank Beamer co-host at their lake homes in Georgia may be a little less cordial after the way Beamer #39;s Virginia Tech Hokies waxed Friedgen #39;s Maryland Terrapins 55-6 last night.


--------------------------------------------- Result 184 ---------------------------------------------
[[0 (57%)]] --> [[1 (52%)]]

Death threats on film-maker #39;s body  [[A]] LETTER left on the body of a Dutch filmmmaker murdered in Amsterdam contained death threats against a Dutch politician, the justice minister said today.

Death threats on film-maker #39;s body  [[another]] LETTER left on the body of a Dutch filmmmaker murdered in Amsterdam contained death threats against a Dutch politician, the justice minister said today.


--------------------------------------------- Result 185 ---------------------------------------------
[[1 (99%)]] --> [[[FAILED]]]

Wenger Spares Red-Faced Lehmann  Arsenal keeper Jens Lehmann was left red-faced in Athens as two costly mistakes ensured that a Champions League victory slipped through his sides fingers again.


--------------------------------------------- Result 186 ---------------------------------------------
[[1 (99%)]] --> [[[SKIPPED]]]

England humble Sprinboks  Charlie Hodgson scores 27 points as England overwhelm the Springboks at Twickenham.


--------------------------------------------- Result 187 ---------------------------------------------
[[3 (96%)]] --> [[[SKIPPED]]]

FCC exempts fiber-to-curb from sharing requirements  The Federal Communications Commission Thursday voted to allow incumbent telephone carriers from sharing fiber-to-the-curb deployments from competitors, prompting one incumbent to announce an accelerated fiber rollout.


--------------------------------------------- Result 188 ---------------------------------------------
[[0 (98%)]] --> [[[FAILED]]]

CARE Official Kidnapped in Baghdad  Margaret Hassan, said to be a British-born Iraqi national, the director of CARE International #39;s operation in Iraq is seen in this image made from video footage made on May 20, 2003.


--------------------------------------------- Result 189 ---------------------------------------------
[[2 (91%)]] --> [[[FAILED]]]

General Electric Raises Dividend  General Electric Co., a maker of jet engines, plastics and appliances as well as owner of the NBC television network, said Friday that its board raised the company #39;s quarterly dividend by 10 percent to 22 cents per share, and authorized the repurchase of 


--------------------------------------------- Result 190 ---------------------------------------------
[[2 (91%)]] --> [[[SKIPPED]]]

PeopleSoft revises third-quarter profit  Oracle target adds \$2.6 million to bottom line after tax adjustment related to ex-CEO's severance package.


--------------------------------------------- Result 191 ---------------------------------------------
[[3 (87%)]] --> [[2 (39%)]]

Injection Flaw Found in Browsers  Danish security research [[firm]] Secunia has [[reported]] a vulnerability that occurs in most [[browsers]] that can be exploited by hackers looking to spoof the content of Web sites.

Injection Flaw Found in Browsers  Danish security research [[fermi]] Secunia has [[reportеd]] a vulnerability that occurs in most [[browseⲅs]] that can be exploited by hackers looking to spoof the content of Web sites.


--------------------------------------------- Result 192 ---------------------------------------------
[[1 (100%)]] --> [[[FAILED]]]

PALMER BREAKS TOUR DUCK IN STYLE  Ryan Palmer came from five shots behind with a magnificent 62 to earn his maiden PGA Tour tournament victory at the Funai Classic on Sunday.


--------------------------------------------- Result 193 ---------------------------------------------
[[3 (98%)]] --> [[[FAILED]]]

Yahoo, EarthLink Test DomainKeys Spoofing Defense  Yahoo announced enhancements to its e-mail service, implementing search, more storage and its DomainKeys sender authentication technology, which is also being deployed by Internet service provider EarthLink in a test roll-out.


--------------------------------------------- Result 194 ---------------------------------------------
[[3 (71%)]] --> [[[FAILED]]]

Partner: Free Verisign SSL Certificate  Don't miss the opportunity! Obtain a FREE SSL Trial ID today.


--------------------------------------------- Result 195 ---------------------------------------------
[[2 (61%)]] --> [[3 (48%)]]

Iraq to [[spend]] \$1 billion to [[expand]] oil [[production]]  Iraq is planning to spend more than \$1 billion in 2005 to [[boost]] its oil production capacity by about 15 percent to 3.25 million barrels a day, an Iraqi official said.

Iraq to [[spending]] \$1 billion to [[e×pand]] oil [[producing]]  Iraq is planning to spend more than \$1 billion in 2005 to [[improve]] its oil production capacity by about 15 percent to 3.25 million barrels a day, an Iraqi official said.


--------------------------------------------- Result 196 ---------------------------------------------
[[3 (94%)]] --> [[[FAILED]]]

Supercomputer breaks speed record  The US is poised to push Japan off the top of the supercomputing chart with IBM #39;s prototype Blue Gene/L machine. It is being assembled for the Lawrence Livermore National Laboratories, a US Department of Energy lab (DOE).


--------------------------------------------- Result 197 ---------------------------------------------
[Succeeded / Failed / Skipped / Total] 62 / 94 / 41 / 197:  98%|█████████▊| 197/200 [21:11<00:19,  6.45s/it][Succeeded / Failed / Skipped / Total] 62 / 94 / 41 / 197:  99%|█████████▉| 198/200 [21:19<00:12,  6.46s/it][Succeeded / Failed / Skipped / Total] 62 / 95 / 41 / 198:  99%|█████████▉| 198/200 [21:19<00:12,  6.46s/it][Succeeded / Failed / Skipped / Total] 62 / 95 / 41 / 198: 100%|█████████▉| 199/200 [21:19<00:06,  6.43s/it][Succeeded / Failed / Skipped / Total] 62 / 95 / 42 / 199: 100%|█████████▉| 199/200 [21:19<00:06,  6.43s/it][Succeeded / Failed / Skipped / Total] 62 / 95 / 42 / 199: 100%|██████████| 200/200 [21:28<00:00,  6.44s/it][Succeeded / Failed / Skipped / Total] 63 / 95 / 42 / 200: 100%|██████████| 200/200 [21:28<00:00,  6.44s/it][Succeeded / Failed / Skipped / Total] 63 / 95 / 42 / 200: 100%|██████████| 200/200 [21:28<00:00,  6.44s/it]
[[2 (56%)]] --> [[[SKIPPED]]]

Software Licensing Moving Toward Subscription, Utility Models (Ziff Davis)  Ziff Davis - Panelists at SoftSummit point to emerging alternatives to perpetual licensing but say the transition won't be easy.


--------------------------------------------- Result 198 ---------------------------------------------
[[1 (86%)]] --> [[[FAILED]]]

Dave Hyde column, October 25, 2004  In somber tones and professional adjectives, the president, the athletic director and the no-longer-the-football-coach took turns announcing a University of Florida firing Monday that was surprising only for coming sooner rather than later.


--------------------------------------------- Result 199 ---------------------------------------------
[[3 (52%)]] --> [[[SKIPPED]]]

UPDATE 1-BMW, Honda drop challenge to F1 rules  Carmakers BMW and Honda have dropped plans to challenge Formula One #39;s governing body over engine rules for 2006 after deciding that legal action would be bad for motor racing.


--------------------------------------------- Result 200 ---------------------------------------------
[[2 (91%)]] --> [[1 (49%)]]

CNH Global [[workers]] in [[Racine]] go on strike after contract stalemate  CNH Global NV workers in [[Racine]] and three other cities [[went]] on strike Wednesday, six months after rejecting the company #39;s final contract offer.

CNH Global [[ԝorkers]] in [[Racіne]] go on strike after contract stalemate  CNH Global NV workers in [[Racinе]] and three other cities [[weոt]] on strike Wednesday, six months after rejecting the company #39;s final contract offer.



+-------------------------------+--------+
| Attack Results                |        |
+-------------------------------+--------+
| Number of successful attacks: | 63     |
| Number of failed attacks:     | 95     |
| Number of skipped attacks:    | 42     |
| Original accuracy:            | 79.0%  |
| Accuracy under attack:        | 47.5%  |
| Attack success rate:          | 39.87% |
| Average perturbed word %:     | 6.91%  |
| Average num. words per input: | 38.08  |
| Avg num queries:              | 68.71  |
+-------------------------------+--------+
Attack results saved to out/attack/agnews/TextBugger/NoDefense/half/dataset.csv
Processing rows:   0%|          | 0/200 [00:00<?, ?it/s]Processing rows:   2%|▏         | 3/200 [01:18<1:26:02, 26.21s/it]Processing rows:   2%|▏         | 4/200 [03:30<2:52:09, 52.70s/it]
Traceback (most recent call last):
  File "/home/yacine/code/ShapSelfDenoise/main.py", line 29, in <module>
    main()
  File "/home/yacine/code/ShapSelfDenoise/main.py", line 25, in main
    utils.attack(args, config)
  File "/home/yacine/code/ShapSelfDenoise/src/utils.py", line 267, in attack
    process_csv(log_file_name, model, total)
  File "/home/yacine/code/ShapSelfDenoise/src/utils.py", line 357, in process_csv
    label = defense(row, model)
            ^^^^^^^^^^^^^^^^^^^
  File "/home/yacine/code/ShapSelfDenoise/src/utils.py", line 307, in defense
    denoised_text = model.denoise_sentence(masked_text)
                    ^^^^^^^^^^^^^^^^^^^^^^^^^^^^^^^^^^^
  File "/home/yacine/code/ShapSelfDenoise/src/model.py", line 434, in denoise_sentence
    generate_ids = self.ds_engine.generate(inputs.input_ids.to(self.alpaca_model.device),attention_mask=inputs.attention_mask.to(self.alpaca_model.device),bad_words_ids=[[529],[29966]],repetition_penalty=1.3,num_beams=2, max_new_tokens=80)
                   ^^^^^^^^^^^^^^^^^^^^^^^^^^^^^^^^^^^^^^^^^^^^^^^^^^^^^^^^^^^^^^^^^^^^^^^^^^^^^^^^^^^^^^^^^^^^^^^^^^^^^^^^^^^^^^^^^^^^^^^^^^^^^^^^^^^^^^^^^^^^^^^^^^^^^^^^^^^^^^^^^^^^^^^^^^^^^^^^^^^^^^^^^^^^^^^^^^^^^^^^^^^^^^^^^^^^^^^^^^^^
  File "/home/yacine/code/ShapSelfDenoise/venv/lib/python3.12/site-packages/torch/utils/_contextlib.py", line 116, in decorate_context
    return func(*args, **kwargs)
           ^^^^^^^^^^^^^^^^^^^^^
  File "/home/yacine/code/ShapSelfDenoise/venv/lib/python3.12/site-packages/transformers/generation/utils.py", line 2078, in generate
    result = self._beam_search(
             ^^^^^^^^^^^^^^^^^^
  File "/home/yacine/code/ShapSelfDenoise/venv/lib/python3.12/site-packages/transformers/generation/utils.py", line 3253, in _beam_search
    outputs = self(**model_inputs, return_dict=True)
              ^^^^^^^^^^^^^^^^^^^^^^^^^^^^^^^^^^^^^^
  File "/home/yacine/code/ShapSelfDenoise/venv/lib/python3.12/site-packages/torch/nn/modules/module.py", line 1553, in _wrapped_call_impl
    return self._call_impl(*args, **kwargs)
           ^^^^^^^^^^^^^^^^^^^^^^^^^^^^^^^^
  File "/home/yacine/code/ShapSelfDenoise/venv/lib/python3.12/site-packages/torch/nn/modules/module.py", line 1562, in _call_impl
    return forward_call(*args, **kwargs)
           ^^^^^^^^^^^^^^^^^^^^^^^^^^^^^
  File "/home/yacine/code/ShapSelfDenoise/venv/lib/python3.12/site-packages/transformers/models/llama/modeling_llama.py", line 1189, in forward
    outputs = self.model(
              ^^^^^^^^^^^
  File "/home/yacine/code/ShapSelfDenoise/venv/lib/python3.12/site-packages/torch/nn/modules/module.py", line 1553, in _wrapped_call_impl
    return self._call_impl(*args, **kwargs)
           ^^^^^^^^^^^^^^^^^^^^^^^^^^^^^^^^
  File "/home/yacine/code/ShapSelfDenoise/venv/lib/python3.12/site-packages/torch/nn/modules/module.py", line 1562, in _call_impl
    return forward_call(*args, **kwargs)
           ^^^^^^^^^^^^^^^^^^^^^^^^^^^^^
  File "/home/yacine/code/ShapSelfDenoise/venv/lib/python3.12/site-packages/transformers/models/llama/modeling_llama.py", line 1000, in forward
    layer_outputs = decoder_layer(
                    ^^^^^^^^^^^^^^
  File "/home/yacine/code/ShapSelfDenoise/venv/lib/python3.12/site-packages/torch/nn/modules/module.py", line 1553, in _wrapped_call_impl
    return self._call_impl(*args, **kwargs)
           ^^^^^^^^^^^^^^^^^^^^^^^^^^^^^^^^
  File "/home/yacine/code/ShapSelfDenoise/venv/lib/python3.12/site-packages/torch/nn/modules/module.py", line 1562, in _call_impl
    return forward_call(*args, **kwargs)
           ^^^^^^^^^^^^^^^^^^^^^^^^^^^^^
  File "/home/yacine/code/ShapSelfDenoise/venv/lib/python3.12/site-packages/transformers/models/llama/modeling_llama.py", line 745, in forward
    hidden_states = self.mlp(hidden_states)
                    ^^^^^^^^^^^^^^^^^^^^^^^
  File "/home/yacine/code/ShapSelfDenoise/venv/lib/python3.12/site-packages/torch/nn/modules/module.py", line 1553, in _wrapped_call_impl
    return self._call_impl(*args, **kwargs)
           ^^^^^^^^^^^^^^^^^^^^^^^^^^^^^^^^
  File "/home/yacine/code/ShapSelfDenoise/venv/lib/python3.12/site-packages/torch/nn/modules/module.py", line 1562, in _call_impl
    return forward_call(*args, **kwargs)
           ^^^^^^^^^^^^^^^^^^^^^^^^^^^^^
  File "/home/yacine/code/ShapSelfDenoise/venv/lib/python3.12/site-packages/transformers/models/llama/modeling_llama.py", line 311, in forward
    down_proj = self.down_proj(self.act_fn(self.gate_proj(x)) * self.up_proj(x))
                               ~~~~~~~~~~~~~~~~~~~~~~~~~~~~~~~^~~~~~~~~~~~~~~~~
torch.OutOfMemoryError: CUDA out of memory. Tried to allocate 58.00 MiB. GPU 0 has a total capacity of 23.62 GiB of which 107.94 MiB is free. Including non-PyTorch memory, this process has 20.18 GiB memory in use. Of the allocated memory 13.93 GiB is allocated by PyTorch, and 831.29 MiB is reserved by PyTorch but unallocated. If reserved but unallocated memory is large try setting PYTORCH_CUDA_ALLOC_CONF=expandable_segments:True to avoid fragmentation.  See documentation for Memory Management  (https://pytorch.org/docs/stable/notes/cuda.html#environment-variables)
2025-01-20 13:25:47.316884: I tensorflow/core/util/port.cc:153] oneDNN custom operations are on. You may see slightly different numerical results due to floating-point round-off errors from different computation orders. To turn them off, set the environment variable `TF_ENABLE_ONEDNN_OPTS=0`.
2025-01-20 13:25:47.328157: E external/local_xla/xla/stream_executor/cuda/cuda_fft.cc:477] Unable to register cuFFT factory: Attempting to register factory for plugin cuFFT when one has already been registered
WARNING: All log messages before absl::InitializeLog() is called are written to STDERR
E0000 00:00:1737375947.340799   75375 cuda_dnn.cc:8310] Unable to register cuDNN factory: Attempting to register factory for plugin cuDNN when one has already been registered
E0000 00:00:1737375947.344593   75375 cuda_blas.cc:1418] Unable to register cuBLAS factory: Attempting to register factory for plugin cuBLAS when one has already been registered
2025-01-20 13:25:47.358056: I tensorflow/core/platform/cpu_feature_guard.cc:210] This TensorFlow binary is optimized to use available CPU instructions in performance-critical operations.
To enable the following instructions: AVX2 AVX512F AVX512_VNNI AVX512_BF16 AVX512_FP16 AVX_VNNI AMX_TILE AMX_INT8 AMX_BF16 FMA, in other operations, rebuild TensorFlow with the appropriate compiler flags.
Loading alpaca.
Here is the torch.cuda.is_available() : True
Tokenizer loaded.
Loading model with half precision.
Loading checkpoint shards:   0%|          | 0/6 [00:00<?, ?it/s]Loading checkpoint shards:  17%|█▋        | 1/6 [00:00<00:04,  1.01it/s]Loading checkpoint shards:  33%|███▎      | 2/6 [00:01<00:03,  1.08it/s]Loading checkpoint shards:  50%|█████     | 3/6 [00:02<00:02,  1.10it/s]Loading checkpoint shards:  67%|██████▋   | 4/6 [00:03<00:01,  1.12it/s]Loading checkpoint shards:  83%|████████▎ | 5/6 [00:04<00:00,  1.14it/s]Loading checkpoint shards: 100%|██████████| 6/6 [00:05<00:00,  1.30it/s]Loading checkpoint shards: 100%|██████████| 6/6 [00:05<00:00,  1.19it/s]
Model loaded with half precision (torch.float16).
Model setup for AGNews
Processing rows:   0%|          | 0/196 [00:00<?, ?it/s]Token indices sequence length is longer than the specified maximum sequence length for this model (595 > 512). Running this sequence through the model will result in indexing errors
Starting from v4.46, the `logits` model output will have the same type as the model (except at train time, where it will always be FP32)
Processing rows:   1%|          | 1/196 [02:10<7:03:11, 130.21s/it]Processing rows:   2%|▏         | 4/196 [03:55<2:50:01, 53.13s/it] Processing rows:   3%|▎         | 5/196 [06:06<3:58:01, 74.77s/it]Processing rows:   5%|▍         | 9/196 [07:28<2:09:15, 41.47s/it]Processing rows:   6%|▌         | 11/196 [09:03<2:13:32, 43.31s/it]Processing rows:   6%|▌         | 12/196 [10:42<2:43:05, 53.18s/it]Processing rows:   8%|▊         | 15/196 [12:13<2:10:34, 43.29s/it]Processing rows:   8%|▊         | 16/196 [14:27<2:56:36, 58.87s/it]Processing rows:  10%|█         | 20/196 [16:12<2:05:15, 42.70s/it]Processing rows:  11%|█         | 22/196 [18:07<2:15:05, 46.58s/it]Processing rows:  13%|█▎        | 25/196 [19:29<1:52:57, 39.64s/it]Processing rows:  14%|█▍        | 27/196 [21:54<2:15:26, 48.08s/it]Processing rows:  14%|█▍        | 28/196 [23:10<2:26:35, 52.36s/it]Processing rows:  17%|█▋        | 33/196 [25:02<1:39:32, 36.64s/it]Processing rows:  17%|█▋        | 34/196 [27:34<2:19:37, 51.71s/it]Processing rows:  19%|█▉        | 37/196 [29:33<2:05:24, 47.32s/it]Processing rows:  20%|█▉        | 39/196 [31:16<2:06:52, 48.49s/it]Processing rows:  21%|██▏       | 42/196 [32:46<1:47:42, 41.97s/it]Processing rows:  22%|██▏       | 43/196 [34:29<2:09:22, 50.74s/it]Processing rows:  24%|██▍       | 48/196 [36:25<1:30:39, 36.76s/it]Processing rows:  27%|██▋       | 53/196 [37:56<1:08:59, 28.95s/it]Processing rows:  30%|██▉       | 58/196 [39:58<1:02:44, 27.28s/it]Processing rows:  30%|███       | 59/196 [41:31<1:16:38, 33.56s/it]Processing rows:  31%|███       | 60/196 [43:11<1:34:22, 41.64s/it]Processing rows:  31%|███       | 61/196 [44:54<1:54:04, 50.70s/it]Processing rows:  32%|███▏      | 62/196 [47:24<2:32:11, 68.14s/it]Processing rows:  32%|███▏      | 63/196 [49:24<2:53:52, 78.44s/it]Processing rows:  33%|███▎      | 64/196 [50:53<2:57:52, 80.85s/it]Processing rows:  34%|███▎      | 66/196 [53:19<2:48:23, 77.72s/it]Processing rows:  35%|███▍      | 68/196 [55:21<2:33:11, 71.81s/it]Processing rows:  36%|███▌      | 70/196 [57:34<2:26:54, 69.96s/it]Processing rows:  40%|████      | 79/196 [59:25<59:30, 30.52s/it]  Processing rows:  44%|████▍     | 86/196 [1:00:57<42:13, 23.04s/it]Processing rows:  49%|████▉     | 96/196 [1:03:04<30:15, 18.16s/it]Processing rows:  49%|████▉     | 97/196 [1:04:11<35:03, 21.24s/it]Processing rows:  51%|█████     | 100/196 [1:05:24<35:00, 21.88s/it]Processing rows:  56%|█████▌    | 110/196 [1:07:17<23:47, 16.60s/it]Processing rows:  57%|█████▋    | 111/196 [1:08:36<29:25, 20.76s/it]Processing rows:  59%|█████▊    | 115/196 [1:10:34<31:17, 23.18s/it]Processing rows:  66%|██████▌   | 129/196 [1:12:15<15:30, 13.89s/it]Processing rows:  66%|██████▋   | 130/196 [1:13:44<19:53, 18.09s/it]Processing rows:  67%|██████▋   | 131/196 [1:15:19<25:46, 23.79s/it]Processing rows:  68%|██████▊   | 134/196 [1:17:04<27:25, 26.54s/it]Processing rows:  69%|██████▉   | 135/196 [1:18:45<34:43, 34.15s/it]Processing rows:  72%|███████▏  | 142/196 [1:20:31<22:03, 24.51s/it]Processing rows:  74%|███████▍  | 145/196 [1:22:33<24:05, 28.34s/it]Processing rows:  76%|███████▌  | 149/196 [1:24:46<23:25, 29.91s/it]Processing rows:  77%|███████▋  | 151/196 [1:26:11<24:05, 32.12s/it]Processing rows:  78%|███████▊  | 153/196 [1:28:13<27:20, 38.15s/it]Processing rows:  81%|████████  | 158/196 [1:30:15<20:26, 32.28s/it]Processing rows:  81%|████████  | 159/196 [1:31:46<23:50, 38.65s/it]Processing rows:  82%|████████▏ | 161/196 [1:33:26<24:04, 41.26s/it]Processing rows:  83%|████████▎ | 162/196 [1:36:03<32:51, 57.99s/it]Processing rows:  85%|████████▍ | 166/196 [1:39:08<26:20, 52.69s/it]Processing rows:  85%|████████▌ | 167/196 [1:40:29<27:22, 56.64s/it]Processing rows:  86%|████████▌ | 169/196 [1:42:24<25:36, 56.91s/it]Processing rows:  88%|████████▊ | 172/196 [1:43:49<18:25, 46.06s/it]Processing rows:  89%|████████▉ | 175/196 [1:45:32<14:41, 41.95s/it]Processing rows:  92%|█████████▏| 180/196 [1:47:01<08:14, 30.93s/it]Processing rows:  95%|█████████▌| 187/196 [1:48:35<03:23, 22.60s/it]Processing rows:  97%|█████████▋| 191/196 [1:50:30<02:01, 24.32s/it]Processing rows: 100%|██████████| 196/196 [1:52:12<00:00, 23.01s/it]Processing rows: 100%|██████████| 196/196 [1:52:12<00:00, 34.35s/it]
Accuracy after SHAP 0.615
