"original_text","perturbed_text","original_score","perturbed_score","original_output","perturbed_output","ground_truth_output","num_queries","result_type"
"NFL Fines Saints' Gleason  #36;5,000 for [[Punch]] (AP)  [[AP]] - Steve [[Gleason]] of the New [[Orleans]] Saints was fined  #36;5,000 by the NFL on Wednesday after being thrown out of last week's game with Carolina for [[punching]] the [[Panthers']] Kemp Rasmussen at the end of a kickoff return.","NFL Fines Saints' Gleason  #36;5,000 for [[Pnch]] (AP)  [[HECTARES]] - Steve [[Mccabe]] of the New [[Gonzales]] Saints was fined  #36;5,000 by the NFL on Wednesday after being thrown out of last week's game with Carolina for [[puncհing]] the [[Pantheⲅs']] Kemp Rasmussen at the end of a kickoff return.",0.001354992389678955,0.045246660709381104,1,1,1,115,"Failed"
"Sparkle [[starts]] [[shipping]] GeForce 6600 GT AGP  &lt;a href=""http://www.hardwareanalysis.com/content/article/1755/""&gt;GeForce [[6600GT]] AGP, as [[good]] as it [[gets]]?&lt;/a&gt; &lt;font size=-1 color=#6f6f6f&gt;&lt;nobr&gt;Hardware Analysis&lt;/nobr&gt;","Sparkle [[staⲅts]] [[freighter]] GeForce 6600 GT AGP  &lt;a href=""http://www.hardwareanalysis.com/content/article/1755/""&gt;GeForce [[6б00GT]] AGP, as [[goоd]] as it [[gtes]]?&lt;/a&gt; &lt;font size=-1 color=#6f6f6f&gt;&lt;nobr&gt;Hardware Analysis&lt;/nobr&gt;",0.08358210325241089,0.5031570196151733,3,3,3,95,"Failed"
"[[Arafat's]] [[Health]] Reported to Have Turned Sharply Worse  An ambulance was called to Yasir Arafat's compound amid unconfirmed reports that he had lost [[consciousness]] at least once.","[[Ara𝚏at's]] [[Sanitary]] Reported to Have Turned Sharply Worse  An ambulance was called to Yasir Arafat's compound amid unconfirmed reports that he had lost [[consϲiousness]] at least once.",0.030585289001464844,0.632439911365509,0,1,0,61,"Successful"
"New federal law ends check floating  A new federal law that went into effect yesterday will eventually eliminate the days of check floating.. However, some Sumner County bankers say it depends on where you bank and ","New federal law ends check floating  A new federal law that went into effect yesterday will eventually eliminate the days of check floating.. However, some Sumner County bankers say it depends on where you bank and ",0.6013435125350952,0.6013435125350952,3,3,2,1,"Skipped"
"[[US]] confirms commitment to defend Taiwan  Mr Powell says that while the US recognises the one-China policy, it will offer to assist Taiwan if it is threatened. A US State Department spokesman says the issue came up during talks with China #39;s visiting military chief, General Liang Guanglie.","[[OURS]] confirms commitment to defend Taiwan  Mr Powell says that while the US recognises the one-China policy, it will offer to assist Taiwan if it is threatened. A US State Department spokesman says the issue came up during talks with China #39;s visiting military chief, General Liang Guanglie.",0.3509403467178345,0.762924075126648,0,3,0,39,"Successful"
"[[England]] sweeps Zims  England has [[swept]] its one-day series against Zimbabwe 4-0 with a 74-run win in Bulawayo. Veteran Darren Gough took [[4-34]] as Zimbabwe was bowled out for 187 chasing [[262]] for victory.","[[Englanԁ]] sweeps Zims  England has [[swep𝚝]] its one-day series against Zimbabwe 4-0 with a 74-run win in Bulawayo. Veteran Darren Gough took [[Ꮞ-34]] as Zimbabwe was bowled out for 187 chasing [[ᒿ62]] for victory.",0.00043576955795288086,0.08020204305648804,1,1,1,59,"Failed"
"Dollar Rises on the Interest Rate Plays   NEW YORK (Reuters) - The dollar rose on Thursday as  traders, short of dollars after relentlessly selling them for  weeks, looked to the growing yield advantage of U.S. assets as  a reason to buy back the currency before the end of the year.","Dollar Rises on the Interest Rate Plays   NEW YORK (Reuters) - The dollar rose on Thursday as  traders, short of dollars after relentlessly selling them for  weeks, looked to the growing yield advantage of U.S. assets as  a reason to buy back the currency before the end of the year.",0.6522517204284668,0.6522517204284668,3,3,2,1,"Skipped"
"Optimism [[Drives]] Google Shares to New Highs (Reuters)  Reuters - Stock of Google Inc.  powered\to new highs on Friday, buoyed by the web search leader's new\products and growth prospects, which complement its [[recent]]\strong financial results, analysts said.","Optimism [[Disk]] Google Shares to New Highs (Reuters)  Reuters - Stock of Google Inc.  powered\to new highs on Friday, buoyed by the web search leader's new\products and growth prospects, which complement its [[newly]]\strong financial results, analysts said.",0.16607481241226196,0.5854353904724121,3,2,3,56,"Successful"
"[[LIFFE]] ratchets up price war with Merc  Derivatives exchange LIFFE turned up the heat on rival Chicago Mercantile Exchange on Tuesday by ratcheting up its fee incentive program for some US traders in a bid improve volume in its Eurodollar contract, the CME #39;s flagship offering.","[[LIFE]] ratchets up price war with Merc  Derivatives exchange LIFFE turned up the heat on rival Chicago Mercantile Exchange on Tuesday by ratcheting up its fee incentive program for some US traders in a bid improve volume in its Eurodollar contract, the CME #39;s flagship offering.",0.3814238905906677,0.544543981552124,2,3,2,32,"Successful"
"Surprise Chargers #39; air power changing Marty #39;s stripes  KANSAS CITY, Mo. -- The San Diego Chargers players couldn #39;t quite [[believe]] what they were hearing, nor would [[many]] in the [[crowd]] at [[Arrowhead]] [[Stadium]] if they were privy to it.","Surprise Chargers #39; air power changing Marty #39;s stripes  KANSAS CITY, Mo. -- The San Diego Chargers players couldn #39;t quite [[belieѵe]] what they were hearing, nor would [[multiple]] in the [[corwd]] at [[Arrowհead]] [[Gymnasium]] if they were privy to it.",0.01664412021636963,0.23571300506591797,1,1,1,93,"Failed"
"Energy Dept. funds open-source InfiniBand work  Three-year [[project]] will [[back]] programmers' effort to build Linux software [[support]] for the high-speed networking technology.","Energy Dept. funds open-source InfiniBand work  Three-year [[pⲅoject]] will [[retrograde]] programmers' effort to build Linux software [[suppor𝚝]] for the high-speed networking technology.",0.01310807466506958,0.2674548029899597,3,3,3,58,"Failed"
"[[Robo-servants]] set to [[sweep]] into homes  Millions of new [[robots]] will be installed in households over the next few years, a UN report predicts.","[[Robo-servɑnts]] set to [[sweeps]] into homes  Millions of new [[robotѕ]] will be installed in households over the next few years, a UN report predicts.",0.1446455717086792,0.5697909593582153,3,3,3,53,"Failed"
"[[PayPal]] and Apple iTunes link-up  [[Online]] auction house eBay #39;s payment system PayPal can now be used for purchases by US customers of Apple #39;s iTunes music store.","[[PayPaⅼ]] and Apple iTunes link-up  [[Ota]] auction house eBay #39;s payment system PayPal can now be used for purchases by US customers of Apple #39;s iTunes music store.",0.2335461974143982,0.5680235624313354,3,2,3,40,"Successful"
"[[Delta]] to Cut 6,000-6,900 Jobs   CHICAGO (Reuters) - Delta [[Air]] Lines on Wednesday said it  [[plans]] to cut between 6,000 and 6,900 jobs during the next 18  months, implement a 10 percent across-the-board pay reduction  and reduce employee benefits in a bid to [[avoid]] [[bankruptcy]].","[[Daemon]] to Cut 6,000-6,900 Jobs   CHICAGO (Reuters) - Delta [[Aviation]] Lines on Wednesday said it  [[schematics]] to cut between 6,000 and 6,900 jobs during the next 18  months, implement a 10 percent across-the-board pay reduction  and reduce employee benefits in a bid to [[averted]] [[flop]].",0.02931910753250122,0.17386996746063232,2,2,2,98,"Failed"
"Get the Facts on Microsoft Benchmarks  [[Now]] that Steve Ballmer and company have given you all the facts you need to compare Windows and [[Linux]], allow me to add just one little tidbit.","Get the Facts on Microsoft Benchmarks  [[Henceforth]] that Steve Ballmer and company have given you all the facts you need to compare Windows and [[Linսx]], allow me to add just one little tidbit.",0.12523794174194336,0.5282201766967773,3,2,3,39,"Successful"
"Clijsters and Hewitt reach break point  There are two consolations for disillusioned [[tennis]] romantics upset by [[yesterday]] #[[39]];s news of the [[split]] of Lleyton Hewitt and Kim Clijsters four months before their scheduled marriage.","Clijsters and Hewitt reach break point  There are two consolations for disillusioned [[opened]] romantics upset by [[yetserday]] #[[3৭]];s news of the [[spilt]] of Lleyton Hewitt and Kim Clijsters four months before their scheduled marriage.",0.09149956703186035,0.545518159866333,1,0,1,68,"Successful"
"Jennings in charge  CAPE TOWN - [[Ray]] [[Jennings]] was [[appointed]] as the interim coach of South Africa #39;s national cricket side yesterday afternoon following the resignation earlier of the under-fire Eric [[Simons]].","Jennings in charge  CAPE TOWN - [[Ry]] [[Robinson]] was [[appointing]] as the interim coach of South Africa #39;s national cricket side yesterday afternoon following the resignation earlier of the under-fire Eric [[Simonѕ]].",0.006998419761657715,0.04944711923599243,1,1,1,75,"Failed"
"EU to Lift U.S. Sanctions Jan. 1   BRUSSELS (Reuters) - The European Commission is sticking  with its plan to lift sanctions on \$4 billion worth of U.S.  goods on Jan. 1 following Washington's repeal of export tax  subsidies in October, a spokeswoman said on Thursday.","EU to Lift U.S. Sanctions Jan. 1   BRUSSELS (Reuters) - The European Commission is sticking  with its plan to lift sanctions on \$4 billion worth of U.S.  goods on Jan. 1 following Washington's repeal of export tax  subsidies in October, a spokeswoman said on Thursday.",0.7420679330825806,0.7420679330825806,3,3,2,1,"Skipped"
"FCC ruling sets stage for broadband surge  [[Broadband]] service may get a little broader in the next few years, now that the Federal Communications Commission is graciously stepping out of the [[way]].","FCC ruling sets stage for broadband surge  [[Megahertz]] service may get a little broader in the next few years, now that the Federal Communications Commission is graciously stepping out of the [[wɑy]].",0.10221201181411743,0.645937442779541,3,2,3,46,"Successful"
"[[Judge]] blocks record libel [[claim]] against Financial Times  [[LONDON]] (AFP) - A judge at the London High Court struck out the bulk of a record libel damages claim of 240 million pounds (345 million euros, [[434]] million dollars) against the Financial Times by stockbroker [[Collins]] Stewart Tullet.","[[Jսdge]] blocks record libel [[cⅼaim]] against Financial Times  [[UK]] (AFP) - A judge at the London High Court struck out the bulk of a record libel damages claim of 240 million pounds (345 million euros, [[Ꮞ34]] million dollars) against the Financial Times by stockbroker [[Colⅼins]] Stewart Tullet.",0.0676196813583374,0.6733572483062744,2,0,2,83,"Successful"
"FEC Elects Chairman, Vice Chairman (AP)  AP - The Federal Election Commission on Thursday elected a new chairman and vice chairman, choosing as its leaders two members who pushed unsuccessfully for tougher limits on partisan political groups.","FEC Elects Chairman, Vice Chairman (AP)  AP - The Federal Election Commission on Thursday elected a new chairman and vice chairman, choosing as its leaders two members who pushed unsuccessfully for tougher limits on partisan political groups.",0.7995527386665344,0.7995527386665344,2,2,0,1,"Skipped"
"[[NBA]] Game Summary - Denver at Miami  Miami, FL ([[Sports]] [[Network]]) - Shaquille O #39;Neal had 20 [[points]], 10 rebounds, seven assists and three blocks and Dwyane Wade led all scorers with 25 points, as the Miami Heat downed the Denver [[Nuggets]], 107-100.","[[LEBRON]] Game Summary - Denver at Miami  Miami, FL ([[Athlete]] [[Netwoⲅk]]) - Shaquille O #39;Neal had 20 [[dots]], 10 rebounds, seven assists and three blocks and Dwyane Wade led all scorers with 25 points, as the Miami Heat downed the Denver [[Doritos]], 107-100.",0.00016176700592041016,0.06608879566192627,1,1,1,91,"Failed"
"New Rebel Factions [[Emerge]] in Darfur  [[New]] rebel factions have emerged in western [[Sudan]], complicating peace [[talks]] on the conflict in Darfur. The UN special representative for Darfur, [[Jan]] Pronk, says he thinks the new groups are serious and need to be taken into consideration.","New Rebel Factions [[Appear]] in Darfur  [[Nw]] rebel factions have emerged in western [[Uganda]], complicating peace [[taⅼks]] on the conflict in Darfur. The UN special representative for Darfur, [[Jɑn]] Pronk, says he thinks the new groups are serious and need to be taken into consideration.",0.014375150203704834,0.5687146782875061,0,0,0,83,"Failed"
"Ryder Quarterly Earnings Up   [[NEW]] YORK (Reuters) - Ryder System Inc. &lt;A HREF=""http://www.investor.reuters.com/FullQuote.aspx?ticker=R.N target=/stocks/quickinfo/fullquote""&gt;R.N&lt;/A&gt; on Monday  reported an increase in quarterly net profit amid increased  demand for transport services, especially in its fleet  management division.","Ryder Quarterly Earnings Up   [[NOUVEAU]] YORK (Reuters) - Ryder System Inc. &lt;A HREF=""http://www.investor.reuters.com/FullQuote.aspx?ticker=R.N target=/stocks/quickinfo/fullquote""&gt;R.N&lt;/A&gt; on Monday  reported an increase in quarterly net profit amid increased  demand for transport services, especially in its fleet  management division.",0.10097259283065796,0.5704779624938965,2,3,2,55,"Successful"
"[[US]] Airways Pilots Approve 18 Pay Cut  Five-year, \$1.8 billion [[cost-cutting]] contract approved Thursday also [[reduces]] retirement benefits, increases work hours and eliminates retiree medical coverage.","[[AMERICANS]] Airways Pilots Approve 18 Pay Cut  Five-year, \$1.8 billion [[cost-cu𝚝ting]] contract approved Thursday also [[ⲅeduces]] retirement benefits, increases work hours and eliminates retiree medical coverage.",0.00620424747467041,0.28621792793273926,2,2,2,60,"Failed"
"The video iPod is coming, I hope  At Tuesday's unveiling of the iPod Photo, Steve Jobs repeated his contention that the iPod is the ""wrong place"" for video. I doubt he'll be saying that a year from now. Missing [[Links]]","The video iPod is coming, I hope  At Tuesday's unveiling of the iPod Photo, Steve Jobs repeated his contention that the iPod is the ""wrong place"" for video. I doubt he'll be saying that a year from now. Missing [[Liոks]]",0.31035494804382324,0.6710367202758789,3,1,3,39,"Successful"
"[[Arsenal]] boss Wenger has keeper worries  [[Arsenal]] bounced back to winning ways with a comfortable 3-0 victory over struggling Birmingham City yesterday. A brace from Thierry Henry came after Robert [[Pires]] #[[39]]; opener, but it was the shaky Premiership debut ","[[Arsenaⅼ]] boss Wenger has keeper worries  [[Aⲅsenal]] bounced back to winning ways with a comfortable 3-0 victory over struggling Birmingham City yesterday. A brace from Thierry Henry came after Robert [[Byers]] #[[Ʒ9]]; opener, but it was the shaky Premiership debut ",0.010106265544891357,0.08571428060531616,1,1,1,69,"Failed"
"[[Hornets']] Davis Out with Back Injury ([[Reuters]])  [[Reuters]] - New Orleans Hornets guard\Baron Davis is expected to be sidelined one-to-two weeks\because of a lower back injury.","[[Horոets']] Davis Out with Back Injury ([[Bloomberg]])  [[Reսters]] - New Orleans Hornets guard\Baron Davis is expected to be sidelined one-to-two weeks\because of a lower back injury.",0.0005416274070739746,0.008704900741577148,1,1,1,56,"Failed"
"Milan Mandaric statement   quot;Over the [[past]] two-and-a-half years the [[football]] club have currently [[paid]] 11.5million on transfer fees, loan fees and appearance payments to clubs for 25 players.","Milan Mandaric statement   quot;Over the [[preceding]] two-and-a-half years the [[ball]] club have currently [[pad]] 11.5million on transfer fees, loan fees and appearance payments to clubs for 25 players.",0.31741976737976074,0.5058808326721191,1,1,1,79,"Failed"
"Crude Oil Ekes Out Small Bounce   SINGAPORE (Reuters) - Battered oil prices struggled on  Friday to shake off this week's \$6 slump, edging up from a  12-week low after a massive round of selling triggered by  easing worries about winter supply.","Crude Oil Ekes Out Small Bounce   SINGAPORE (Reuters) - Battered oil prices struggled on  Friday to shake off this week's \$6 slump, edging up from a  12-week low after a massive round of selling triggered by  easing worries about winter supply.",0.9872247576713562,0.9872247576713562,3,3,2,1,"Skipped"
"First [[Black]] Watch troops move north to Sunni Triangle  BAGHDAD, Iraq An advance party of British soldiers has arrived at its new base near Baghdad. The small group from the Scottish Black Watch regiment set up base camp south of the capital, according to a pool report made to British media.","First [[Back]] Watch troops move north to Sunni Triangle  BAGHDAD, Iraq An advance party of British soldiers has arrived at its new base near Baghdad. The small group from the Scottish Black Watch regiment set up base camp south of the capital, according to a pool report made to British media.",0.17875999212265015,0.5513240098953247,0,1,0,50,"Successful"
"[[Climax]] to show off Avalon to US [[publishers]]   #39;Project Avalon #39; becomes just plain Avalon; developer will show playable prototype of next-generation shooter to American execs.","[[Orgasm]] to show off Avalon to US [[publisher]]   #39;Project Avalon #39; becomes just plain Avalon; developer will show playable prototype of next-generation shooter to American execs.",0.2398892045021057,0.6077702045440674,3,1,3,50,"Successful"
"Intel Helps Asian PC Partners Ship With Linux (TechWeb)  TechWeb - [[Chipmaker]] provides Linux tools to reach [[growing]] market there.","Intel Helps Asian PC Partners Ship With Linux (TechWeb)  TechWeb - [[Chipmakeⲅ]] provides Linux tools to reach [[increase]] market there.",0.003314793109893799,0.03657585382461548,3,3,3,42,"Failed"
"Options expensing delay not [[enough]],say US senators  A group of Republican senators vowed on Thursday to [[use]] the closing days of Congress this year to [[try]] and [[stop]] accounting rulemakers from requiring the expensing of stock options.","Options expensing delay not [[enoսgh]],say US senators  A group of Republican senators vowed on Thursday to [[սse]] the closing days of Congress this year to [[tⲅy]] and [[s𝚝op]] accounting rulemakers from requiring the expensing of stock options.",0.05958235263824463,0.4727700352668762,2,2,2,69,"Failed"
"Memphis activates guard Williams  Memphis, TN ([[Sports]] Network) - The Memphis Grizzlies on Wednesday activated point guard [[Jason]] Williams from the injured list, while placing guard Antonio Burks on the [[IL]].","Memphis activates guard Williams  Memphis, TN ([[Spotrs]] Network) - The Memphis Grizzlies on Wednesday activated point guard [[Dustin]] Williams from the injured list, while placing guard Antonio Burks on the [[ILLINOIS]].",0.0002810359001159668,0.05488771200180054,1,1,1,53,"Failed"
"[[Lehman]] aims for players with passion  [[AMELIA]] ISLAND - Tom Lehman had yet to officially take the job as the next US Ryder Cup captain, and already his phone was [[ringing]].","[[Leհman]] aims for players with passion  [[GERALDINE]] ISLAND - Tom Lehman had yet to officially take the job as the next US Ryder Cup captain, and already his phone was [[bell]].",0.009937763214111328,0.08723461627960205,1,1,1,55,"Failed"
"Nations [[Use]] Net to Spy, Plot Attacks Ex-Bush Aide (Reuters)  Reuters - The world's most [[advanced]]\military powers are using the Internet to spy on their enemies\and prepare digital [[attacks]] against rogue targets, a leading\[[cyber]] security expert said on Friday.","Nations [[Utilizes]] Net to Spy, Plot Attacks Ex-Bush Aide (Reuters)  Reuters - The world's most [[headway]]\military powers are using the Internet to spy on their enemies\and prepare digital [[attack]] against rogue targets, a leading\[[cуber]] security expert said on Friday.",0.08119076490402222,0.5893264412879944,3,1,3,79,"Successful"
"[[Saddam]] #39;s aides set to go on trial  Trials of some of Saddam Hussein #39;s aides will begin next week, Iraqi interim Prime Minister Iyad Allawi said. [[Speaking]] to Iraq #39;s National Council, he did not name the [[lieutenants]] that would go on trial or say when [[Saddam]] himself would appear in [[court]].","[[Saddɑm]] #39;s aides set to go on trial  Trials of some of Saddam Hussein #39;s aides will begin next week, Iraqi interim Prime Minister Iyad Allawi said. [[Spea𝒌ing]] to Iraq #39;s National Council, he did not name the [[commandant]] that would go on trial or say when [[Clash]] himself would appear in [[cuort]].",0.017877161502838135,0.6178300380706787,0,1,0,109,"Successful"
"Japanese Researchers 'Tap' [[Mushrooms]] for [[Rubber]] ([[Reuters]])  Reuters - Japanese researchers say they have\produced rubber from a natural substance extracted from an\edible, wild mushroom commonly found in the country.","Japanese Researchers 'Tap' [[Musհrooms]] for [[Condom]] ([[Correspondent]])  Reuters - Japanese researchers say they have\produced rubber from a natural substance extracted from an\edible, wild mushroom commonly found in the country.",0.006831526756286621,0.46706622838974,3,3,3,62,"Failed"
"Russia #39;s Putin Defends Reforms, Worries About Clans  Russian President Vladimir Putin said on Thursday he had no plans to grab more power or change the constitution when reforming Russia #39;s government structure.","Russia #39;s Putin Defends Reforms, Worries About Clans  Russian President Vladimir Putin said on Thursday he had no plans to grab more power or change the constitution when reforming Russia #39;s government structure.",0.8498209118843079,0.8498209118843079,0,0,2,1,"Skipped"
"[[Pfizer]] Sends Out Update On Drug Bextra  Pfizer Inc. said Friday that it will provide health-care professionals with additional information about its Bextra arthritis drug and that it will conduct further studies to confirm the drug #39;s long-term cardiovascular safety record.","[[Upjohn]] Sends Out Update On Drug Bextra  Pfizer Inc. said Friday that it will provide health-care professionals with additional information about its Bextra arthritis drug and that it will conduct further studies to confirm the drug #39;s long-term cardiovascular safety record.",0.305000364780426,0.6416022777557373,2,3,2,41,"Successful"
"[[Eagles]] 27, Giants 6  EAST RUTHERFORD, NJ - The Philadelphia Eagles won a fourth consecutive NFC [[East]] title by making Eli Manning look very much like a [[rookie]].","[[Eaɡles]] 27, Giants 6  EAST RUTHERFORD, NJ - The Philadelphia Eagles won a fourth consecutive NFC [[Esat]] title by making Eli Manning look very much like a [[rooike]].",0.00023478269577026367,0.005725443363189697,1,1,1,59,"Failed"
"[[Martin]] #39;s Tour de Corse win [[hands]] WRC title to Loeb  Motorsport.com. Markko Martin dominated the this year #[[39]];s [[edition]] of the legendary Tour de Corse rally, the 14th round of the 2004 World Rally Championship.","[[Martini]] #39;s Tour de Corse win [[hanԁs]] WRC title to Loeb  Motorsport.com. Markko Martin dominated the this year #[[3৭]];s [[editing]] of the legendary Tour de Corse rally, the 14th round of the 2004 World Rally Championship.",0.08655703067779541,0.583570122718811,1,3,1,72,"Successful"
"MicroStrategy Turnover Draws Analyst Scrutiny  MicroStrategy Inc. said yesterday that president and chief financial officer Eric F. Brown had resigned and that founder Michael J. Saylor would again hold the company's top three jobs, prompting some analysts to raise concerns about the company's stock.","MicroStrategy Turnover Draws Analyst Scrutiny  MicroStrategy Inc. said yesterday that president and chief financial officer Eric F. Brown had resigned and that founder Michael J. Saylor would again hold the company's top three jobs, prompting some analysts to raise concerns about the company's stock.",0.903512179851532,0.903512179851532,2,2,3,1,"Skipped"
"Sugar Shane Not so Sweet  (November 21, 2004). Ronald Winky Wright [[successfully]] [[defended]] his 154 lb. title for the sixth time in the highly anticipated rematch with the [[formerly]] sweet Sugar Shane [[Mosley]] ","Sugar Shane Not so Sweet  (November 21, 2004). Ronald Winky Wright [[correctly]] [[advocated]] his 154 lb. title for the sixth time in the highly anticipated rematch with the [[𝚏ormerly]] sweet Sugar Shane [[Mosl]] [[ey]] ",0.0048392415046691895,0.09330177307128906,1,1,1,87,"Failed"
"Delta, pilots OK deal  Union officials representing 7,500 pilots at Delta Air Lines said Wednesday night they have reached a [[cost-cutting]] agreement with management, which presumably could halt, or at least ","Delta, pilots OK deal  Union officials representing 7,500 pilots at Delta Air Lines said Wednesday night they have reached a [[cost-cuttinɡ]] agreement with management, which presumably could halt, or at least ",0.5377838611602783,0.61066734790802,2,1,2,38,"Successful"
"[[Blast]] kills at least three in crowded market in southern &lt;b&gt;...&lt;/b&gt;  MANILA, Philippines At least three people have been killed and several injured in a powerful explosion at a crowded public market in the [[southern]] [[Philippines]].","[[Blaѕt]] kills at least three in crowded market in southern &lt;b&gt;...&lt;/b&gt;  MANILA, Philippines At least three people have been killed and several injured in a powerful explosion at a crowded public market in the [[south]] [[Filipino]].",0.2243453860282898,0.5575437545776367,0,1,0,75,"Successful"
"[[Australia]] comdemns apparent killing of aid worker in Iraq  Australia #39;s Foreign Minister, Alexander Downer, says the apparent murder in Iraq of aid worker, [[Margaret]] [[Hassan]], is a [[heinous]] and inexcusable crime.","[[Aus]] comdemns apparent killing of aid worker in Iraq  Australia #39;s Foreign Minister, Alexander Downer, says the apparent murder in Iraq of aid worker, [[Margaⲅet]] [[Hassɑn]], is a [[հeinous]] and inexcusable crime.",0.0683969259262085,0.39752668142318726,0,0,0,79,"Failed"
"Soy-Fertility Risk Downplayed  (WebMD) Eating a diet rich in soy or taking soy supplements probably won #39;t harm a woman #39;s fertility, according to a new study.","Soy-Fertility Risk Downplayed  (WebMD) Eating a diet rich in soy or taking soy supplements probably won #39;t harm a woman #39;s fertility, according to a new study.",0.6817969679832458,0.6817969679832458,1,1,3,1,"Skipped"
"The Newest Hope ; [[Marriage]] of Necessity Just Might Work Out  NEW YORK - The TV lights were on, the cameras rolled and the symphony of cameras flashing in his face blinded [[Pedro]] [[Martinez]] - but not for [[long]].","The Newest Hope ; [[Wedlock]] of Necessity Just Might Work Out  NEW YORK - The TV lights were on, the cameras rolled and the symphony of cameras flashing in his face blinded [[Pierre]] [[Munoz]] - but not for [[lo]] [[ng]].",0.050271809101104736,0.47178053855895996,1,1,1,76,"Failed"
"Microsoft sues over fake labels  Microsoft has sued eight US computer resellers who it says bought or sold counterfeit Certificate of Authenticity labels or genuine labels that had been separated from their related software, all in breach of copyright and trade mark laws.","Microsoft sues over fake labels  Microsoft has sued eight US computer resellers who it says bought or sold counterfeit Certificate of Authenticity labels or genuine labels that had been separated from their related software, all in breach of copyright and trade mark laws.",0.746230959892273,0.746230959892273,2,2,3,1,"Skipped"
"Two [[US]] soldiers killed  KABUL -- Two US soldiers died and another was injured when a bomb ripped through their patrol in southern Afghanistan yesterday. The troops were attacked near Deh Rawood, a town 400 km southwest of Kabul where ","Two [[NOUS]] soldiers killed  KABUL -- Two US soldiers died and another was injured when a bomb ripped through their patrol in southern Afghanistan yesterday. The troops were attacked near Deh Rawood, a town 400 km southwest of Kabul where ",0.3991404175758362,0.8014979362487793,0,1,0,34,"Successful"
"[[Mauresmo]] confident of LA victory  Amelie Mauresmo [[insists]] she can win the Tour Championships this week and finish the year as [[world]] number one. The Frenchwoman could overtake Lindsay Davenport with a win in Los [[Angeles]].","[[Maսresmo]] confident of LA victory  Amelie Mauresmo [[insistѕ]] she can win the Tour Championships this week and finish the year as [[global]] number one. The Frenchwoman could overtake Lindsay Davenport with a win in Los [[La]].",0.001266181468963623,0.024317622184753418,1,1,1,75,"Failed"
"Federer to meet Hewitt in Masters Cup final  [[Houston]], TX ([[Sports]] [[Network]]) - World [[No]]. 1 Roger Federer of Switzerland and third-seeded Lleyton Hewitt each posted straight-set wins and advanced to Sunday #39;s final at the lucrative 2004 [[Tennis]] Masters Cup.","Federer to meet Hewitt in Masters Cup final  [[Chicago]], TX ([[Spoⲅts]] [[Networking]]) - World [[Neither]]. 1 Roger Federer of Switzerland and third-seeded Lleyton Hewitt each posted straight-set wins and advanced to Sunday #39;s final at the lucrative 2004 [[Teոnis]] Masters Cup.",0.0006583333015441895,0.4060468077659607,1,1,1,100,"Failed"
"Adobe Gets High Marks for Photo Fixes  Among three digital photography repair programs, Adobe Elements is cited as providing the right amount of [[features]] and commands while [[maintaining]] user [[simplicity]].","Adobe Gets High Marks for Photo Fixes  Among three digital photography repair programs, Adobe Elements is cited as providing the right amount of [[featuers]] and commands while [[preservation]] user [[simplіcity]].",0.023889482021331787,0.30870866775512695,3,3,3,76,"Failed"
"Eli [[Lilly]] to Cut [[575]] US Jobs  Eli Lilly and Co. (LLY.N: [[Quote]], Profile, Research) said Thursday it [[plans]] to cut [[575]] jobs, or a little more than 2 percent of its US workforce, in a move to streamline its operations.","Eli [[Liⅼly]] to Cut [[Ƽ75]] US Jobs  Eli Lilly and Co. (LLY.N: [[Citing]], Profile, Research) said Thursday it [[schematics]] to cut [[55]] jobs, or a little more than 2 percent of its US workforce, in a move to streamline its operations.",0.013448715209960938,0.4928241968154907,2,2,2,70,"Failed"
"[[It's]] not sitting well with Mientkiewicz  Since his arrival in Boston at the trading deadline, Doug [[Mientkiewicz]] has bought into the Red Sox' team concept, accepting his role as a [[defensive]] [[replacement]].","[[It'ѕ]] not sitting well with Mientkiewicz  Since his arrival in Boston at the trading deadline, Doug [[Mient𝒌iewicz]] has bought into the Red Sox' team concept, accepting his role as a [[de𝚏ensive]] [[rplacement]].",0.031063199043273926,0.5476683378219604,1,1,1,75,"Failed"
"Coleman [[Enjoys]] Fulhams Battling Display  Fulham manager [[Chris]] [[Coleman]] was delighted with his side #39;s second-half performance, which brought them a hard-earned point in a 1-1 draw against [[Manchester]] United at Craven Cottage.","Coleman [[Enϳoys]] Fulhams Battling Display  Fulham manager [[Chⲅis]] [[Delaney]] was delighted with his side #39;s second-half performance, which brought them a hard-earned point in a 1-1 draw against [[Manches𝚝er]] United at Craven Cottage.",0.0015705227851867676,0.11571311950683594,1,1,1,76,"Failed"
"This week in open-source news  Adobe quietly begins testing the waters to increase its involvement in [[desktop]] [[Linux]]. Also: Open-source [[Web]] browsers Mozilla and Firefox [[post]] gains over Microsoft's Internet Explorer.","This week in open-source news  Adobe quietly begins testing the waters to increase its involvement in [[des𝒌top]] [[Lіnux]]. Also: Open-source [[Website]] browsers Mozilla and Firefox [[pos𝚝]] gains over Microsoft's Internet Explorer.",0.03467261791229248,0.354741632938385,3,3,3,77,"Failed"
"[[ATI]] launches chipset for AMD desktops  ATI Technologies on [[Monday]] delivered the Radeon Xpress 200, a new chipset for desktops [[using]] Advanced Micro [[Devices]] #39; Athlon 64 and other eighth-generation processors.","[[AI]] launches chipset for AMD desktops  ATI Technologies on [[Mondɑy]] delivered the Radeon Xpress 200, a new chipset for desktops [[սsing]] Advanced Micro [[Deviϲes]] #39; Athlon 64 and other eighth-generation processors.",0.0029686689376831055,0.05777853727340698,3,3,3,63,"Failed"
"Automakers sue California over emissions  FRESNO, Calif. -- Automobile manufacturers sued on Tuesday to block the world #39;s toughest vehicle emissions standards, adopted by California regulators in September to cut greenhouse gases.","Automakers sue California over emissions  FRESNO, Calif. -- Automobile manufacturers sued on Tuesday to block the world #39;s toughest vehicle emissions standards, adopted by California regulators in September to cut greenhouse gases.",0.9316169619560242,0.9316169619560242,3,3,2,1,"Skipped"
"[[Microsoft]] reworks antispam spec to silence critics  com [[October]] 25, [[2004]], 6:49 PM PT. This [[priority]] retains its ranking at number five as more and more companies deploy Web Services to share business logic, data and processes with each other and with clients.","[[Microѕoft]] reworks antispam spec to silence critics  com [[Oϲtober]] 25, [[ᒿ004]], 6:49 PM PT. This [[priorіty]] retains its ranking at number five as more and more companies deploy Web Services to share business logic, data and processes with each other and with clients.",0.06658124923706055,0.5831455588340759,3,2,3,79,"Successful"
"NASA  #39;[[scramjet]] #39; makes historic flight off California  LOS ANGELES NASA #39;s unmanned  quot;[[scramjet]] quot; proved it #39;s small but it #39;s fast -- in a record-breaking [[demonstration]] above the Pacific Ocean.","NASA  #39;[[scramje𝚝]] #39; makes historic flight off California  LOS ANGELES NASA #39;s unmanned  quot;[[scramje𝚝]] quot; proved it #39;s small but it #39;s fast -- in a record-breaking [[demonstrations]] above the Pacific Ocean.",0.31661826372146606,0.5197145938873291,3,1,3,66,"Successful"
"Board with Mukesh: Reliance  Mumbai, Nov. 26: Mukesh Ambani apparently commands the full support of the [[board]] on all recent decisions, including the controversial one that elevated him to the final authority in the group.","Board with Mukesh: Reliance  Mumbai, Nov. 26: Mukesh Ambani apparently commands the full support of the [[bard]] on all recent decisions, including the controversial one that elevated him to the final authority in the group.",0.15367788076400757,0.6177937984466553,2,1,2,35,"Successful"
"[[Liberty]] [[Alliance]] names first [[director]], new members  The Liberty Alliance Project signalled that it expects to have longevity when it comes to developing and promoting federated identity standards by naming its [[first]] executive director on Monday.","[[Libeⲅty]] [[Allіance]] names first [[directоr]], new members  The Liberty Alliance Project signalled that it expects to have longevity when it comes to developing and promoting federated identity standards by naming its [[premiere]] executive director on Monday.",0.10632061958312988,0.7014577388763428,3,1,3,80,"Successful"
"Fellowship of the [[Customized]]  Ring Tone  [[In]] a short time, in a public way -- while on Metro, or in line at Starbucks, or inside a movie theater -- ring tones signal who you are. [[Or]] who you want people to think you are.&lt;FONT face=""verdana,MS Sans Serif,arial,helvetica"" size=""-2"" color=""#666666""&gt;&lt;B&gt;-The Washington Post&lt;/B&gt;&lt;/FONT&gt;","Fellowship of the [[Cus𝚝omized]]  Ring Tone  [[At]] a short time, in a public way -- while on Metro, or in line at Starbucks, or inside a movie theater -- ring tones signal who you are. [[Oⲅ]] who you want people to think you are.&lt;FONT face=""verdana,MS Sans Serif,arial,helvetica"" size=""-2"" color=""#666666""&gt;&lt;B&gt;-The Washington Post&lt;/B&gt;&lt;/FONT&gt;",0.214141845703125,0.6016004681587219,3,1,3,77,"Successful"
"FireFox [[Roars]] from the Gates  Tuesday, November 9, 2004 will likely go down in the history books as the day the [[browser]] wars officially started. Obviously things happened before today to get us to the point where there was a real, legitimate ","FireFox [[Roaⲅs]] from the Gates  Tuesday, November 9, 2004 will likely go down in the history books as the day the [[mariner]] wars officially started. Obviously things happened before today to get us to the point where there was a real, legitimate ",0.15488213300704956,0.5855863094329834,3,1,3,51,"Successful"
"[[Colombia]] reveals plot to assassinate Bush  Colombian rebels [[plotted]] to assassinate George Bush during his brief stopover in the port of Cartagena last week, according to the country #39;s defence minister.","[[Colombiɑ]] reveals plot to assassinate Bush  Colombian rebels [[plo𝚝ted]] to assassinate George Bush during his brief stopover in the port of Cartagena last week, according to the country #39;s defence minister.",0.13847601413726807,0.5274621248245239,0,1,0,50,"Successful"
"Congress [[Asks]] SEC for Mutual Fund [[Study]] (Reuters)  Reuters - The U.S. Congress asked the\Securities and Exchange Commission on Saturday to send\lawmakers a report justifying a new [[rule]] forcing mutual fund\boards to have independent [[chairmen]].","Congress [[As𝒌s]] SEC for Mutual Fund [[Studу]] (Reuters)  Reuters - The U.S. Congress asked the\Securities and Exchange Commission on Saturday to send\lawmakers a report justifying a new [[rue]] forcing mutual fund\boards to have independent [[chɑirmen]].",0.06121593713760376,0.6056351661682129,2,2,2,78,"Failed"
"Company [[launches]] Windows-only [[JFK]] [[Assassination]] [[game]] via online &lt;b&gt;...&lt;/b&gt;   quot;A spokesman for the president #39;s brother, Sen. Edward M. Kennedy, D-Mass., [[called]] the game  #39;despicable. #39; The Glasgow-based firm Traffic said  quot;JFK Reloaded quot; was an educational  quot;docu-game quot; that would help disprove conspiracy theories about Kennedy #39;s death.","Company [[launcheѕ]] Windows-only [[REAGAN]] [[Assassinating]] [[gaｍe]] via online &lt;b&gt;...&lt;/b&gt;   quot;A spokesman for the president #39;s brother, Sen. Edward M. Kennedy, D-Mass., [[drew]] the game  #39;despicable. #39; The Glasgow-based firm Traffic said  quot;JFK Reloaded quot; was an educational  quot;docu-game quot; that would help disprove conspiracy theories about Kennedy #39;s death.",0.2324332594871521,0.7074112892150879,3,2,3,116,"Successful"
"Update 8: Crude Oil Futures Sink to \$46 Per Barrel  December delivery crude on the New York Mercantile Exchange dropped 76 cents to \$46.11 per barrel. The benchmark light, sweet crude remained about \$8 a barrel cheaper than its closing record of \$55.17 recorded Oct. 22 and Oct. 26.","Update 8: Crude Oil Futures Sink to \$46 Per Barrel  December delivery crude on the New York Mercantile Exchange dropped 76 cents to \$46.11 per barrel. The benchmark light, sweet crude remained about \$8 a barrel cheaper than its closing record of \$55.17 recorded Oct. 22 and Oct. 26.",0.9237784147262573,0.9237784147262573,3,3,2,1,"Skipped"
"[[Stocks]] Up After Sears Deal, HP Earnings   NEW YORK (Reuters) - U.S. stocks ended higher on Wednesday  after Kmart's plan to buy Sears in an \$11.5 billion deal was  announced and computer maker Hewlett-Packard Co. &lt;A HREF=""http://www.investor.reuters.com/FullQuote.aspx?ticker=HPQ.N target=/stocks/quickinfo/fullquote""&gt;HPQ.N&lt;/A&gt; posted  solid earnings.","[[Inventory]] Up After Sears Deal, HP Earnings   NEW YORK (Reuters) - U.S. stocks ended higher on Wednesday  after Kmart's plan to buy Sears in an \$11.5 billion deal was  announced and computer maker Hewlett-Packard Co. &lt;A HREF=""http://www.investor.reuters.com/FullQuote.aspx?ticker=HPQ.N target=/stocks/quickinfo/fullquote""&gt;HPQ.N&lt;/A&gt; posted  solid earnings.",0.47368544340133667,0.7235778570175171,2,3,2,68,"Successful"
"[[Plane]] [[crash]] [[kills]] 10 close to racing  MARTINSVILLE, Va. -- [[A]] Hendrick Motorsports plane crashed yesterday on its way to a NASCAR race, killing all 10 people aboard, including the son, brother and two nieces of the owner of [[one]] of auto racing's most successful organizations.","[[Airplane]] [[crah]] [[𝒌ills]] 10 close to racing  MARTINSVILLE, Va. -- [[une]] Hendrick Motorsports plane crashed yesterday on its way to a NASCAR race, killing all 10 people aboard, including the son, brother and two nieces of the owner of [[oe]] of auto racing's most successful organizations.",0.15414702892303467,0.5516571998596191,1,0,1,92,"Successful"
"[[Tesco]] To Sell Downloadable Tunes  Tesco aint daft, theyve done the insurance blag and now they getting stuck into the music downloading service. They will be the first supermarket to enter a market that is worth over 25million and is currently dominated by the Apple run iTunes.","[[Asda]] To Sell Downloadable Tunes  Tesco aint daft, theyve done the insurance blag and now they getting stuck into the music downloading service. They will be the first supermarket to enter a market that is worth over 25million and is currently dominated by the Apple run iTunes.",0.09350597858428955,0.6922321915626526,3,2,3,41,"Successful"
"Holyfield #39;s effort to unify heavyweight title [[running]] out of time  Evander Holyfield just doesn #39;t get it. He #39;s beyond old for a fighter and seemingly hasn #39;t been able to [[punch]] his [[way]] out of a paper [[bag]] in [[years]].","Holyfield #39;s effort to unify heavyweight title [[runniոg]] out of time  Evander Holyfield just doesn #39;t get it. He #39;s beyond old for a fighter and seemingly hasn #39;t been able to [[keying]] his [[camino]] out of a paper [[rucksack]] in [[уears]].",0.01896148920059204,0.38523799180984497,1,1,1,84,"Failed"
"mmO2: i-mode launch looks [[certain]]  mmO2 and NTT DoCoMo are reportedly planning to launch a UK i-mode mobile service. [[November]] 26, 2004 4:35 PM GMT (Datamonitor) - The much-touted tie-up between NTT DoCoMo and mmO2 to bring [[i-mode]] mobile content to the UK [[looks]] to be a [[done]] deal.","mmO2: i-mode launch looks [[confident]]  mmO2 and NTT DoCoMo are reportedly planning to launch a UK i-mode mobile service. [[Novembeⲅ]] 26, 2004 4:35 PM GMT (Datamonitor) - The much-touted tie-up between NTT DoCoMo and mmO2 to bring [[i-mоde]] mobile content to the UK [[hopes]] to be a [[performed]] deal.",0.018669188022613525,0.37782180309295654,3,3,3,97,"Failed"
"Panel: U.S. Must Diversify Oil Supplies   WASHINGTON (Reuters) - The United States must  diversify  its global oil supplies, expand a world network of strategic  petroleum reserves and raise fuel efficiency standards to  ensure its energy security, a panel of experts will recommend  on Wednesday.","Panel: U.S. Must Diversify Oil Supplies   WASHINGTON (Reuters) - The United States must  diversify  its global oil supplies, expand a world network of strategic  petroleum reserves and raise fuel efficiency standards to  ensure its energy security, a panel of experts will recommend  on Wednesday.",0.9406164884567261,0.9406164884567261,3,3,2,1,"Skipped"
"Fresh [[violence]] mars Afghan vote count  A deadly explosion has [[hit]] a car carrying an election worker in southeastern Afghanistan. [[In]] all, [[five]] people were killed, including the worker identified as a local physician who helped organize the vote.","Fresh [[bestiality]] mars Afghan vote count  A deadly explosion has [[hi𝚝]] a car carrying an election worker in southeastern Afghanistan. [[Iո]] all, [[𝚏ive]] people were killed, including the worker identified as a local physician who helped organize the vote.",0.0168190598487854,0.21831810474395752,0,0,0,70,"Failed"
"[[England]] held up in Zimbabwe  [[Zimbabwe]] held up England #[[39]];s charge as they battled to avert a series whitewash in the fourth one-day international in Bulawayo today.","[[Englanԁ]] held up in Zimbabwe  [[Zimbabԝe]] held up England #[[Ʒ9]];s charge as they battled to avert a series whitewash in the fourth one-day international in Bulawayo today.",0.004966616630554199,0.15548783540725708,1,1,1,47,"Failed"
"Rocky Legends; Tony Hawk's Underground 2; Nisus Writer Express 2.0; Surfsaver 6  This is the second Rocky video game in two years -- even though it's been 14 years since the last ""Rocky"" flick.","Rocky Legends; Tony Hawk's Underground 2; Nisus Writer Express 2.0; Surfsaver 6  This is the second Rocky video game in two years -- even though it's been 14 years since the last ""Rocky"" flick.",0.8907174468040466,0.8907174468040466,1,1,3,1,"Skipped"
"[[Microsoft]] Issues IE [[Patch]]  ([[Article]] Central) [[Microsoft]] released its October batch of security advisories this week, with a number of  quot;critical quot; patches, including a significant fix for the Internet Explorer browser.","[[Mcafee]] Issues IE [[Pɑtch]]  ([[Artiϲle]] Central) [[Xbox]] released its October batch of security advisories this week, with a number of  quot;critical quot; patches, including a significant fix for the Internet Explorer browser.",0.009661614894866943,0.3485575318336487,3,3,3,78,"Failed"
"Trade Gap [[Swells]] [[More]] [[Than]] [[Expected]]  The US trade deficit widened nearly 9 percent in October to a record \$55.5 billion as sky-high oil prices helped propel imports into uncharted territory, the government said on Tuesday.","Trade Gap [[Swelⅼs]] [[Mre]] [[Afterwards]] [[Foreseen]]  The US trade deficit widened nearly 9 percent in October to a record \$55.5 billion as sky-high oil prices helped propel imports into uncharted territory, the government said on Tuesday.",0.01897674798965454,0.2485179901123047,2,2,2,77,"Failed"
"ASEAN to push Australia, New Zealand to sign non-aggression pact (AFP)  AFP - [[Southeast]] Asian foreign ministers said they would encourage [[Australia]] and New [[Zealand]] to accede to a non-aggression pact with their [[10-nation]] ASEAN group that South Korea signed.","ASEAN to push Australia, New Zealand to sign non-aggression pact (AFP)  AFP - [[Shoal]] Asian foreign ministers said they would encourage [[Austrɑlia]] and New [[Zealanders]] to accede to a non-aggression pact with their [[10-natioո]] ASEAN group that South Korea signed.",0.11941808462142944,0.5658682584762573,0,1,0,101,"Successful"
"NASA Cancels Hypersonic Flight  NASA scrubbed its mission Monday to launch a pilotless plane that is [[capable]] of flying at 10 times the speed of sound. [[The]] launch of the [[X-43A]] was canceled due to technical [[problems]].","NASA Cancels Hypersonic Flight  NASA scrubbed its mission Monday to launch a pilotless plane that is [[ability]] of flying at 10 times the speed of sound. [[Nova]] launch of the [[X-4A]] was canceled due to technical [[trouble]].",0.18012720346450806,0.4371674060821533,3,3,3,68,"Failed"
"Game Daze:  #39;Grand Theft Auto: San Andreas, #39;  #39;Midway Arcade &lt;b&gt;...&lt;/b&gt;  It #39;s violent. It #39;s profane and politically incorrect. It #39;s packed wall to wall with tough thugs doing terrible things.","Game Daze:  #39;Grand Theft Auto: San Andreas, #39;  #39;Midway Arcade &lt;b&gt;...&lt;/b&gt;  It #39;s violent. It #39;s profane and politically incorrect. It #39;s packed wall to wall with tough thugs doing terrible things.",0.9986971616744995,0.9986971616744995,1,1,3,1,"Skipped"
"Ironman winner confirms she used drug  Nina Kraft, winner of [[last]] month #[[39]];s Ironman Triathlon World Championship in Hawai #39;i, [[acknowledged]] yesterday that she had [[used]] the banned endurance-boosting drug EPO.","Ironman winner confirms she used drug  Nina Kraft, winner of [[lɑst]] month #[[Ʒ9]];s Ironman Triathlon World Championship in Hawai #39;i, [[recognize]] yesterday that she had [[սsed]] the banned endurance-boosting drug EPO.",0.004280269145965576,0.02293705940246582,1,1,1,68,"Failed"
"[[Tigers]] #39; challenge: Win out or lose out  Satchel Paige said don #39;t look [[back]] because something might be [[gaining]] on you. [[Satch]] was a baseball pitcher, not a football coach.","[[Tigre]] #39; challenge: Win out or lose out  Satchel Paige said don #39;t look [[retrograde]] because something might be [[earns]] on you. [[Mcguinn]] was a baseball pitcher, not a football coach.",0.041749536991119385,0.19295966625213623,1,1,1,68,"Failed"
"AUBURN 21, [[ALABAMA]] 13 Auburn #39;s Strong Second Half Keeps It in &lt;b&gt;...&lt;/b&gt;  For one half [[Saturday]], the controversy over the Bowl Championship Series looked like it might disappear in the dampness of [[Bryant-Denny]] [[Stadium]] as undefeated [[Auburn]] found itself in a fight with [[archrival]] Alabama.","AUBURN 21, [[TUSCALOOSA]] 13 Auburn #39;s Strong Second Half Keeps It in &lt;b&gt;...&lt;/b&gt;  For one half [[Satuⲅday]], the controversy over the Bowl Championship Series looked like it might disappear in the dampness of [[Bryaոt-Denny]] [[Ballpark]] as undefeated [[Luminous]] found itself in a fight with [[arcհrival]] Alabama.",0.012512803077697754,0.19163376092910767,1,1,1,108,"Failed"
"UPDATE 1-Ronaldinho strikes to give Barca win over Milan  A brilliant late strike from [[Ronaldinho]] gave dominant Barcelona a 2-1 win over AC Milan in an epic [[Champions]] League contest at the [[Nou]] Camp on [[Tuesday]].","UPDATE 1-Ronaldinho strikes to give Barca win over Milan  A brilliant late strike from [[Ronaⅼdinho]] gave dominant Barcelona a 2-1 win over AC Milan in an epic [[Defenders]] League contest at the [[Braga]] Camp on [[Yesterday]].",0.0003323554992675781,0.004101574420928955,1,1,1,76,"Failed"
"Top [[Cyber]] News 12/9  It #39;s a clash between the film industry and a consumer electronics company over a home theater jukebox. The legal battle is over something called the Kaleidescape System.","Top [[Internet]] News 12/9  It #39;s a clash between the film industry and a consumer electronics company over a home theater jukebox. The legal battle is over something called the Kaleidescape System.",0.30602484941482544,0.5840553045272827,3,2,3,35,"Successful"
"Kidnappers may [[extend]] deadline  Militants [[holding]] three UN workers hostage in Afghanistan have [[offered]] to consider extending a three-day deadline for their beheading.","Kidnappers may [[extenԁ]] deadline  Militants [[hoⅼding]] three UN workers hostage in Afghanistan have [[of𝚏ered]] to consider extending a three-day deadline for their beheading.",0.033136963844299316,0.4926910996437073,0,0,0,59,"Failed"
"A Sneak Peek at Trillian 3.0 Instant Messaging  The popular [[IM]] consolidation service [[adds]] audio and video chat.","A Sneak Peek at Trillian 3.0 Instant Messaging  The popular [[HAYASHI]] consolidation service [[ɑdds]] audio and video chat.",0.003916382789611816,0.08819401264190674,3,3,3,33,"Failed"
"[[Court]] bars MCI from making payments  A federal court Wednesday [[barred]] [[No]]. 2 US long-distance carrier MCI Inc. from making further payments to cover more than \$25 million in unauthorized expenses related to [[bankruptcy]] of predecessor WorldCom.","[[Coսrt]] bars MCI from making payments  A federal court Wednesday [[forbidden]] [[Neither]]. 2 US long-distance carrier MCI Inc. from making further payments to cover more than \$25 million in unauthorized expenses related to [[flop]] of predecessor WorldCom.",0.014915764331817627,0.27462297677993774,2,2,2,76,"Failed"
"Internet pioneer closes Manitoba pharmacy; blames dollar, uncertain climate (Canadian Press)  Canadian Press - WINNIPEG (CP) - Just one year ago, Mark Rzepka was opening a  #36;1-million Internet pharmacy in the small Manitoba town of Niverville believing he would be able to quadruple his staff within 12 months.","Internet pioneer closes Manitoba pharmacy; blames dollar, uncertain climate (Canadian Press)  Canadian Press - WINNIPEG (CP) - Just one year ago, Mark Rzepka was opening a  #36;1-million Internet pharmacy in the small Manitoba town of Niverville believing he would be able to quadruple his staff within 12 months.",0.9392189383506775,0.9392189383506775,3,3,0,1,"Skipped"
"Poll: I was right to let Henry [[score]]  Referee [[Graham]] Poll has [[insisted]] that he acted within the laws of the game when he allowed Thierry Henry to take a quick [[free-kick]] yesterday.","Poll: I was right to let Henry [[punctuation]]  Referee [[Pringle]] Poll has [[insis𝚝ed]] that he acted within the laws of the game when he allowed Thierry Henry to take a quick [[𝚏ree-kick]] yesterday.",0.010855495929718018,0.11501997709274292,1,1,1,72,"Failed"
"Costecu [[Makes]] It Two  Denisa [[Costescu]] [[follows]] up her victory in Indianapolis on Saturday with another win at the Veteran's Day 10K Sunday in Washington.","Costecu [[Ma𝒌es]] It Two  Denisa [[Costescս]] [[persisted]] up her victory in Indianapolis on Saturday with another win at the Veteran's Day 10K Sunday in Washington.",0.0018957853317260742,0.0677221417427063,1,1,1,52,"Failed"
"[[NCAA]] Notifies Baylor  Baylor received its notice of allegations Thursday from the NCAA about infractions in its men's basketball program discovered after the [[death]] of [[player]] Patrick Dennehy.","[[HUSKIES]] Notifies Baylor  Baylor received its notice of allegations Thursday from the NCAA about infractions in its men's basketball program discovered after the [[deth]] of [[plɑyer]] Patrick Dennehy.",0.019933462142944336,0.1832677721977234,1,1,1,51,"Failed"
"[[Sluman]], Byrd split lead; many bubbles burst  Jeff [[Sluman]] and Jonathan [[Byrd]] were tied for the lead at the Chrysler Championship, both [[knowing]] the tournament really doesn #39;t start until the weekend.","[[Sⅼuman]], Byrd split lead; many bubbles burst  Jeff [[Sulman]] and Jonathan [[Poultry]] were tied for the lead at the Chrysler Championship, both [[𝒌nowing]] the tournament really doesn #39;t start until the weekend.",0.003077089786529541,0.23730844259262085,1,1,1,60,"Failed"
"[[UK]] minister visits Arafat grave  [[UK]] Foreign Secretary Jack Straw [[lays]] a wreath at the grave of former Palestinian Leader Yasser Arafat.","[[BRITANNICA]] minister visits Arafat grave  [[BRITS]] Foreign Secretary Jack Straw [[ⅼays]] a wreath at the grave of former Palestinian Leader Yasser Arafat.",0.028754353523254395,0.3004441261291504,0,0,0,40,"Failed"
"Nortel financial [[filings]] could be delayed into 2005  Less than a week after it launched a media blitz to boost its image, Nortel Networks Ltd. [[postponed]] yet again the release of its financial statements, underlining the company #39;s challenges to [[steer]] out of the ","Nortel financial [[depots]] could be delayed into 2005  Less than a week after it launched a media blitz to boost its image, Nortel Networks Ltd. [[pos𝚝poned]] yet again the release of its financial statements, underlining the company #39;s challenges to [[steering]] out of the ",0.26060932874679565,0.5410271883010864,2,3,2,68,"Successful"
"[[Tensions]] surge in [[Haiti]]  PORT-AU-PRINCE, Haiti - Heavy gunfire erupted yesterday when police [[streamed]] into a slum stronghold of ousted President Jean-Bertrand Aristide.","[[Voltage]] surge in [[Refugee]]  PORT-AU-PRINCE, Haiti - Heavy gunfire erupted yesterday when police [[broadcasted]] into a slum stronghold of ousted President Jean-Bertrand Aristide.",0.08561599254608154,0.5459873676300049,0,1,0,58,"Successful"
"[[HONDA]] LINKED WITH BAR [[TAKEOVER]]  BAR #39;s engine partner [[Honda]] is believed to be interested in purchasing the Brackley [[team]] and a deal could be done within the next 12 months.","[[MITSUBISHI]] LINKED WITH BAR [[TAEOVER]]  BAR #39;s engine partner [[Acura]] is believed to be interested in purchasing the Brackley [[teams]] and a deal could be done within the next 12 months.",0.1708255410194397,0.4650532007217407,1,1,1,47,"Failed"
"FDA Warns Cyberonics on Manufacturing   CHICAGO (Reuters) - U.S. regulators warned Cyberonics Inc.  &lt;A HREF=""http://www.investor.reuters.com/FullQuote.aspx?ticker=CYBX.O target=/stocks/quickinfo/fullquote""&gt;CYBX.O&lt;/A&gt; of manufacturing deficiencies at the Houston plant  that makes its sole product, an implantable device to treat  epilepsy, the company said on Monday.","FDA Warns Cyberonics on Manufacturing   CHICAGO (Reuters) - U.S. regulators warned Cyberonics Inc.  &lt;A HREF=""http://www.investor.reuters.com/FullQuote.aspx?ticker=CYBX.O target=/stocks/quickinfo/fullquote""&gt;CYBX.O&lt;/A&gt; of manufacturing deficiencies at the Houston plant  that makes its sole product, an implantable device to treat  epilepsy, the company said on Monday.",0.810992419719696,0.810992419719696,3,3,2,1,"Skipped"
"Danish group #39;s gift criticized  [[A]] Danish group has caused controversy in Colombia by publicly donating money to the country #39;s largest Marxist guerrilla organization.","Danish group #39;s gift criticized  [[by]] Danish group has caused controversy in Colombia by publicly donating money to the country #39;s largest Marxist guerrilla organization.",0.22389769554138184,0.7279641628265381,0,3,0,26,"Successful"
"[[Wilson]] well placed in Mexico [[City]]  Britain #[[39]];s Justin Wilson was [[fourth]] in first qualifying for the final Champ Car race of the season in Mexico City. [[Wilson]] is looking to end his season on a high note after missing out on the rookie #39;s [[title]] to AJ Allmendinger.","[[Reynolds]] well placed in Mexico [[Ciudad]]  Britain #[[3৭]];s Justin Wilson was [[iv]] in first qualifying for the final Champ Car race of the season in Mexico City. [[Wilѕon]] is looking to end his season on a high note after missing out on the rookie #39;s [[designation]] to AJ Allmendinger.",0.014845430850982666,0.6069930791854858,1,3,1,94,"Successful"
"Dollar Dives to Record Low Vs. Euro   LONDON (Reuters) - The dollar crashed through key barriers  to a record low on the euro and a 7-month low on the yen on  Wednesday, as concern mounted a forthcoming G20 finance  ministers' meeting would do little to halt its slide.","Dollar Dives to Record Low Vs. Euro   LONDON (Reuters) - The dollar crashed through key barriers  to a record low on the euro and a 7-month low on the yen on  Wednesday, as concern mounted a forthcoming G20 finance  ministers' meeting would do little to halt its slide.",0.8690546751022339,0.8690546751022339,3,3,2,1,"Skipped"
"Yen Rises Vs Dollar Despite Japan Data   TOKYO (Reuters) - The yen advanced against the dollar on  Friday, shrugging off weak third-quarter growth figures for  Japan as market worries persisted about the huge U.S. deficits.","Yen Rises Vs Dollar Despite Japan Data   TOKYO (Reuters) - The yen advanced against the dollar on  Friday, shrugging off weak third-quarter growth figures for  Japan as market worries persisted about the huge U.S. deficits.",0.9141823649406433,0.9141823649406433,3,3,2,1,"Skipped"
"China Closes 1,600 Internet Cafes in Crackdown  China shut 1,600 Internet cafes between February and August and imposed \$12.1 million worth of fines for allowing children to play violent or adult-only games and other violations, state media said.","China Closes 1,600 Internet Cafes in Crackdown  China shut 1,600 Internet cafes between February and August and imposed \$12.1 million worth of fines for allowing children to play violent or adult-only games and other violations, state media said.",0.7819300889968872,0.7819300889968872,1,1,3,1,"Skipped"
"Wizards' Kwame Brown Suspended One Game (AP)  [[AP]] - The Washington Wizards suspended Kwame Brown for one [[game]] Thursday for his actions during the previous night's game against [[Denver]].","Wizards' Kwame Brown Suspended One Game (AP)  [[HECTARES]] - The Washington Wizards suspended Kwame Brown for one [[gambling]] Thursday for his actions during the previous night's game against [[Dever]].",0.0010775327682495117,0.01006537675857544,1,1,1,52,"Failed"
"Iran [[Suspends]] Key Nuclear Work to Avoid Sanctions  Iran on Monday froze sensitive nuclear work including uranium enrichment in a move likely to thwart [[US]] [[efforts]] to report the Islamic state to the UN Security Council for possible [[sanctions]].","Iran [[Supends]] Key Nuclear Work to Avoid Sanctions  Iran on Monday froze sensitive nuclear work including uranium enrichment in a move likely to thwart [[OURS]] [[effoⲅts]] to report the Islamic state to the UN Security Council for possible [[fines]].",0.010008811950683594,0.6120957136154175,0,0,0,74,"Failed"
"A suicide bombing killed 3 people in a [[crowded]] Tel Aviv market &lt;b&gt;...&lt;/b&gt;  A suicide [[bombing]] killed at least five people and seriously injured more than 30 others in a crowded [[Tel]] Aviv [[open-air]] market. Injured [[shoppers]] were treated on the ground, as [[vegetables]] were strewn on the pavement.","A suicide bombing killed 3 people in a [[crowedd]] Tel Aviv market &lt;b&gt;...&lt;/b&gt;  A suicide [[bobing]] killed at least five people and seriously injured more than 30 others in a crowded [[Phone]] Aviv [[ope-air]] market. Injured [[customer]] were treated on the ground, as [[ѵegetables]] were strewn on the pavement.",0.10535860061645508,0.5118772983551025,0,0,0,119,"Failed"
"Oil Downturn Deepens as Supplies Swell   LONDON (Reuters) - Oil on Tuesday extended a price slide  that has cut 12 percent from record highs in two weeks as  growing signs of ample supply eases concerns over fuel stocks  for the northern winter.","Oil Downturn Deepens as Supplies Swell   LONDON (Reuters) - Oil on Tuesday extended a price slide  that has cut 12 percent from record highs in two weeks as  growing signs of ample supply eases concerns over fuel stocks  for the northern winter.",0.9672468304634094,0.9672468304634094,3,3,2,1,"Skipped"
"GM, DaimlerChrysler plan hybrid cars  SOUTHFIELD, MICHIGAN: General Motors Corp and DaimlerChrysler AG will jointly develop a petroleum-electric power system to catch up with Toyota Motor Corp and Honda Motor Co in so-called hybrid vehicles that save fuel and cut tailpipe emissions.","GM, DaimlerChrysler plan hybrid cars  SOUTHFIELD, MICHIGAN: General Motors Corp and DaimlerChrysler AG will jointly develop a petroleum-electric power system to catch up with Toyota Motor Corp and Honda Motor Co in so-called hybrid vehicles that save fuel and cut tailpipe emissions.",0.9997265338897705,0.9997265338897705,3,3,2,1,"Skipped"
"[[Iran]] Says EU Nuke Negotiations in Final Stages   TEHRAN (Reuters) - Iran's negotiations with the European  Union over a [[deal]] which would spare Tehran from possible [[U]].[[N]].  sanctions over its nuclear program are in their final stages,  Iran said Saturday.","[[Iarn]] Says EU Nuke Negotiations in Final Stages   TEHRAN (Reuters) - Iran's negotiations with the European  Union over a [[addressing]] which would spare Tehran from possible [[oder]].[[nitrogen]].  sanctions over its nuclear program are in their final stages,  Iran said Saturday.",0.013839662075042725,0.5438616275787354,0,0,0,60,"Failed"
"New York Unveils Last, Best Bid to Gain the [[Olympics]] in 2012  Leaders of the NYC2012 committee highlighted New York's advantages in multiculturalism, money and media power.","New York Unveils Last, Best Bid to Gain the [[Medalist]] in 2012  Leaders of the NYC2012 committee highlighted New York's advantages in multiculturalism, money and media power.",0.2220240831375122,0.5860545039176941,1,2,1,35,"Successful"
"Voters Checking Out Other Sides' Sites  Are right-leaning voters spending all their online time on Rushlimbaugh.com? Are left-leaning voters locked into the like-minded Talkingpointsmemo.com?","Voters Checking Out Other Sides' Sites  Are right-leaning voters spending all their online time on Rushlimbaugh.com? Are left-leaning voters locked into the like-minded Talkingpointsmemo.com?",0.9191267490386963,0.9191267490386963,0,0,3,1,"Skipped"
"Sun [[Unveils]] Next Generation Client [[Technology]]  SANTA CLARA, Calif., Dec. 13 /PRNewswire-FirstCall/ -- Sun Microsystems, Inc. (NASDAQ:SUNW) today unveiled its next generation Sun Ray(TM) Server Software 3.0 an interoperable, [[platform]] that [[enables]] instant ","Sun [[Unѵeils]] Next Generation Client [[Technical]]  SANTA CLARA, Calif., Dec. 13 /PRNewswire-FirstCall/ -- Sun Microsystems, Inc. (NASDAQ:SUNW) today unveiled its next generation Sun Ray(TM) Server Software 3.0 an interoperable, [[pulpit]] that [[enaЬles]] instant ",0.02064722776412964,0.5694583654403687,3,1,3,93,"Successful"
"Investors put 1.[[5bn]] tag on Kidde  Shareholders in Kidde, the fire protection group, have indicated they would be prepared to [[sell]] out if [[United]] Technologies Corporation (UTC), the US industrial [[conglomerate]] ","Investors put 1.[[5n]] tag on Kidde  Shareholders in Kidde, the fire protection group, have indicated they would be prepared to [[resell]] out if [[Unify]] Technologies Corporation (UTC), the US industrial [[dissimilar]] ",0.031762540340423584,0.4065179228782654,2,2,2,70,"Failed"
"[[Steel]] stocks soar as shortages are biting  Steel shares hit seven-year highs yesterday after Nissan said the metal is in short supply in Japan. US Steel rose \$3.30, or 7, to \$51.25, while Nucor surged \$2.90 to \$54.05, an all-time high.","[[Steeⅼ]] stocks soar as shortages are biting  Steel shares hit seven-year highs yesterday after Nissan said the metal is in short supply in Japan. US Steel rose \$3.30, or 7, to \$51.25, while Nucor surged \$2.90 to \$54.05, an all-time high.",0.27217602729797363,0.6978970170021057,2,3,2,44,"Successful"
"Star Wars Battlefront; Sly 2: Band of Thieves; MacFamily Tree 4.0.6  Hearing a Jar Jar Binks-lookalike Gungan yell ""Meesa gonna die!"" as my droid tank shot him point-blank may have been the best part of this game.","Star Wars Battlefront; Sly 2: Band of Thieves; MacFamily Tree 4.0.6  Hearing a Jar Jar Binks-lookalike Gungan yell ""Meesa gonna die!"" as my droid tank shot him point-blank may have been the best part of this game.",0.9297397136688232,0.9297397136688232,1,1,3,1,"Skipped"
"Computer [[Associates]] Launches PestPatrol  [[Computer]] Associates is releasing eTrust PestPatrol Anti-Spyware r5, aimed at consumers and small businesses, and based on technology CA obtained when it [[bought]] anti-spyware provider PestPatrol two months [[ago]].","Computer [[Assоciates]] Launches PestPatrol  [[Calculators]] Associates is releasing eTrust PestPatrol Anti-Spyware r5, aimed at consumers and small businesses, and based on technology CA obtained when it [[bouɡht]] anti-spyware provider PestPatrol two months [[aɡo]].",0.00563502311706543,0.2499939203262329,3,3,3,79,"Failed"
"Sources: Sprint, Nextel closing in on \$36B deal  Sprint Corp. is in advanced talks to buy Nextel Communications Inc. for more than \$36 billion in a mostly stock deal, sources familiar with the situation said today.","Sources: Sprint, Nextel closing in on \$36B deal  Sprint Corp. is in advanced talks to buy Nextel Communications Inc. for more than \$36 billion in a mostly stock deal, sources familiar with the situation said today.",0.8780739307403564,0.8780739307403564,2,2,3,1,"Skipped"
"U.S. Impressive in World [[Cup]] Qualifying ([[AP]])  AP - [[Just]] because the United States has stormed through its regional qualifying for the next World Cup does not mean the [[Americans]] are a world soccer power.","U.S. Impressive in World [[Cp]] Qualifying ([[HECTARES]])  AP - [[Jut]] because the United States has stormed through its regional qualifying for the next World Cup does not mean the [[Ours]] are a world soccer power.",0.04165548086166382,0.21873360872268677,1,1,1,61,"Failed"
"Auburn is likely the odd team out  [[Auburn]] has put together one of the greatest [[years]] in school history, claiming a spot in today #[[39]];s [[Southeastern]] Conference title game against No.","Auburn is likely the odd team out  [[Sunny]] has put together one of the greatest [[aged]] in school history, claiming a spot in today #[[Ʒ9]];s [[Shoal]] Conference title game against No.",0.010242462158203125,0.16973847150802612,1,1,1,66,"Failed"
"LIPPI [[LAMENTS]] LACK OF FIXTURES  Italy coach Marcello Lippi [[claimed]] he was [[frustrated]] that the Azzurri had no more [[World]] Cup qualifiers before the new year after the 4-3 win over Belarus saw the Italians claim top spot in [[Group]] Five.","LIPPI [[LAMETS]] LACK OF FIXTURES  Italy coach Marcello Lippi [[calimed]] he was [[frus𝚝rated]] that the Azzurri had no more [[Worlԁ]] Cup qualifiers before the new year after the 4-3 win over Belarus saw the Italians claim top spot in [[Clusters]] Five.",0.02877962589263916,0.5442169904708862,1,1,1,89,"Failed"
"[[Baseball]] Owners Set to Approve Expos Sale (AP)  AP - The proposed move of the Montreal Expos to Washington is set to be approved when baseball owners meet [[Thursday]] in [[Chicago]].","[[Basebaⅼl]] Owners Set to Approve Expos Sale (AP)  AP - The proposed move of the Montreal Expos to Washington is set to be approved when baseball owners meet [[Monday]] in [[Cհicago]].",0.028070569038391113,0.3188680410385132,1,1,1,64,"Failed"
"[[Nokia]] sees strong demand for smartphones and camera phones in [[2005]]  Nokia has [[forecast]] that smartphone shipments worldwide are expected to increase to 238 million units by 2008, up from 23 million this year, [[according]] to Anssi Vanjoki, executive vice president and general manager of multimedia at [[Nokia]].","[[Nokiɑ]] sees strong demand for smartphones and camera phones in [[ᒿ005]]  Nokia has [[foⲅecast]] that smartphone shipments worldwide are expected to increase to 238 million units by 2008, up from 23 million this year, [[depending]] to Anssi Vanjoki, executive vice president and general manager of multimedia at [[Droid]].",0.002602696418762207,0.2171255350112915,3,3,3,92,"Failed"
"[[Stelco]] [[Loses]] [[Contract]] to [[Supply]] GM Steel (Reuters)  Reuters - Stelco Inc.\(STEa.TO) has [[lost]] a contract to supply steel to General Motors\Inc. , its biggest customer, because the insolvent\Canadian steelmaker failed to strike a deal with its workers,\the union at Stelco said on Monday.","[[Selco]] [[Looses]] [[Contact]] to [[Suрply]] GM Steel (Reuters)  Reuters - Stelco Inc.\(STEa.TO) has [[lot]] a contract to supply steel to General Motors\Inc. , its biggest customer, because the insolvent\Canadian steelmaker failed to strike a deal with its workers,\the union at Stelco said on Monday.",0.09434771537780762,0.5326579213142395,2,3,2,87,"Successful"
"First credit rating for Serbia  19:50 November 01  Dow Jones  LONDON -- Monday -- Serbia reached a milestone on the road to economic stability Monday, as its first-ever credit rating opened the way for a return to international credit markets.","First credit rating for Serbia  19:50 November 01  Dow Jones  LONDON -- Monday -- Serbia reached a milestone on the road to economic stability Monday, as its first-ever credit rating opened the way for a return to international credit markets.",0.7723454236984253,0.7723454236984253,0,0,2,1,"Skipped"
"[[Dance]] [[pair]] out with injury  Olympic ice [[dancing]] hopefuls Loren Galler-Rabinowitz and David Mitchell of the Skating Club of Boston will be [[sidelined]] for the remainder of the season because of a shoulder injury to Mitchell that will require surgery.","[[Dances]] [[pɑir]] out with injury  Olympic ice [[daոcing]] hopefuls Loren Galler-Rabinowitz and David Mitchell of the Skating Club of Boston will be [[alienated]] for the remainder of the season because of a shoulder injury to Mitchell that will require surgery.",0.004698514938354492,0.03580451011657715,1,1,1,75,"Failed"
"Warne takes six but India establish handy lead (Reuters)  Reuters - World test wicket record holder Shane Warne grabbed six wickets as India established a handy 141-run first innings lead in the second test on Saturday.","Warne takes six but India establish handy lead (Reuters)  Reuters - World test wicket record holder Shane Warne grabbed six wickets as India established a handy 141-run first innings lead in the second test on Saturday.",0.9999706745147705,0.9999706745147705,1,1,0,1,"Skipped"
"[[Coca-Cola]] Bottling #39;s 3Q Profit Drops  Coca-Cola Bottling Co. [[Consolidated]], the Coca-Cola Co. #39;s [[major]] bottler and [[distributor]] in the Southeast, said Wednesday that third-quarter profit [[fell]] as bad weather, high fuel prices and fewer promotions led to lower volume.","[[Cocɑ-Cola]] Bottling #39;s 3Q Profit Drops  Coca-Cola Bottling Co. [[Consolіdated]], the Coca-Cola Co. #39;s [[momentous]] bottler and [[sellers]] in the Southeast, said Wednesday that third-quarter profit [[𝚏ell]] as bad weather, high fuel prices and fewer promotions led to lower volume.",0.14977675676345825,0.48584967851638794,2,2,2,109,"Failed"
"Skulls on your Symbian phone? [[Don]] #39;t [[panic]]!  PETALING JAYA: Virus experts at British software security firm Sophos Plc have advised customers not to panic, following media reports of a [[Trojan]] horse which infects cellphones.","Skulls on your Symbian phone? [[Gifts]] #39;t [[fright]]!  PETALING JAYA: Virus experts at British software security firm Sophos Plc have advised customers not to panic, following media reports of a [[Tⲅojan]] horse which infects cellphones.",0.2733832001686096,0.7177202701568604,3,0,3,59,"Successful"
"Closing [[Arguments]] [[In]] Enron Barge Trial  Houston -- Prosecutors claim six [[executives]] conspired to push through a 1999 sham sale of barges because they didn #39;t think they #39;d get caught.","Closing [[Aⲅguments]] [[Iո]] Enron Barge Trial  Houston -- Prosecutors claim six [[cadres]] conspired to push through a 1999 sham sale of barges because they didn #39;t think they #39;d get caught.",0.1927902102470398,0.6520687341690063,2,1,2,61,"Successful"
"Karp team won't buy Fan Pier  For the [[second]] time in less than two months, a prospective buyer of the prime Fan [[Pier]] [[land]] in South Boston has pulled out of a [[deal]].","Karp team won't buy Fan Pier  For the [[secs]] time in less than two months, a prospective buyer of the prime Fan [[Terminals]] [[lands]] in South Boston has pulled out of a [[addressing]].",0.1116592288017273,0.5761845707893372,2,3,2,68,"Successful"
"Product Previews  palmOneUpgrades Treo With Faster Chip, Better Display\With more than 600,000 units shipped, the Treo 600 is one of the big smartphone success stories. Last week, palmOne introduced the follow-on Treo 650 with a higher resolution 320-by-320-pixel TFT screen, which the company claims increases the visible area of the display and makes pictures and documents much clearer. The 650 also carries a removable battery; 32MB of flash memory, and a faster 312MHz, Intel XScale processor. Improved multimedia features include a built-in MP3 player, a digital camera with improved low-light capabilities, as well as video capture and playback functionality. Products are expected to ship by years end from some carriers who will add their own services, and will be priced at about \$499.\ Treo 650, palmOne","Product Previews  palmOneUpgrades Treo With Faster Chip, Better Display\With more than 600,000 units shipped, the Treo 600 is one of the big smartphone success stories. Last week, palmOne introduced the follow-on Treo 650 with a higher resolution 320-by-320-pixel TFT screen, which the company claims increases the visible area of the display and makes pictures and documents much clearer. The 650 also carries a removable battery; 32MB of flash memory, and a faster 312MHz, Intel XScale processor. Improved multimedia features include a built-in MP3 player, a digital camera with improved low-light capabilities, as well as video capture and playback functionality. Products are expected to ship by years end from some carriers who will add their own services, and will be priced at about \$499.\ Treo 650, palmOne",0.9560515284538269,0.9560515284538269,3,3,2,1,"Skipped"
"[[Iran]], EU Negotiators [[Seek]] Nuke Agreement ([[AP]])  [[AP]] - A key U.N. atomic agency meeting adjourned for the weekend, giving Iran time to consider a total freeze of a program that could make weapons grade uranium and for delegates to decide on further steps in policing [[Tehran's]] nuclear activities.","[[Islamic]], EU Negotiators [[Sek]] Nuke Agreement ([[APS]])  [[HA]] - A key U.N. atomic agency meeting adjourned for the weekend, giving Iran time to consider a total freeze of a program that could make weapons grade uranium and for delegates to decide on further steps in policing [[Tehran`s]] nuclear activities.",0.002263665199279785,0.1131134033203125,0,0,0,76,"Failed"
"Protesters Denounce APEC Summit in Chile  Thousands of protesters marched peacefully through downtown Santiago on Friday, expressing anger at a weekend summit of Pacific Rim leaders, particularly President Bush. But violence later erupted at a rock [[concert]].","Protesters Denounce APEC Summit in Chile  Thousands of protesters marched peacefully through downtown Santiago on Friday, expressing anger at a weekend summit of Pacific Rim leaders, particularly President Bush. But violence later erupted at a rock [[concer𝚝]].",0.22210299968719482,0.686400830745697,0,1,0,44,"Successful"
"South African [[Miner]] in Hostile Bid for Gold Fields  Harmony Gold Mining, the largest miner of South African [[gold]], made a hostile bid yesterday to acquire Gold Fields Ltd., [[another]] South African miner, for [[52]].","South African [[Mіner]] in Hostile Bid for Gold Fields  Harmony Gold Mining, the largest miner of South African [[kim]], made a hostile bid yesterday to acquire Gold Fields Ltd., [[others]] South African miner, for [[Ƽ2]].",0.05815249681472778,0.5701234340667725,2,2,2,67,"Failed"
"Castro Appears on TV Wearing an Arm Sling  Five days after falling and fracturing a knee and an arm, Cuban President Fidel Castro appeared on television on Monday with his arm in a sling to [[announce]] [[Cuba]] will [[end]] circulation of the [[US]] [[dollar]].","Castro Appears on TV Wearing an Arm Sling  Five days after falling and fracturing a knee and an arm, Cuban President Fidel Castro appeared on television on Monday with his arm in a sling to [[announcе]] [[Cua]] will [[enԁ]] circulation of the [[NOUS]] [[usd]].",0.0006899833679199219,0.5426157712936401,0,0,0,81,"Failed"
"New Crew Prepares For Space Station Duty  CAPE CANAVERAL, Fla. -- A new crew is aboard the International Space Station Wednesday preparing to take over command of the orbiting outpost.","New Crew Prepares For Space Station Duty  CAPE CANAVERAL, Fla. -- A new crew is aboard the International Space Station Wednesday preparing to take over command of the orbiting outpost.",0.8273934125900269,0.8273934125900269,1,1,3,1,"Skipped"
"Santander Takeover of Abbey Approved by UK #39;s FSA (Update1)  [[The]] [[UK]] #39;s Financial Services Authority approved Santander [[Central]] Hispano SA #39;s 9.[[4]] billion-pound (\$17.4 billion) takeover of Abbey National Plc, paving the [[way]] for Europe #39;s biggest cross-border bank merger.","Santander Takeover of Abbey Approved by UK #39;s FSA (Update1)  [[Du]] [[BRITAIN]] #39;s Financial Services Authority approved Santander [[Cen𝚝ral]] Hispano SA #39;s 9.[[Ꮞ]] billion-pound (\$17.4 billion) takeover of Abbey National Plc, paving the [[camino]] for Europe #39;s biggest cross-border bank merger.",0.25564247369766235,0.6031790971755981,2,2,2,90,"Failed"
"[[Delta]] Pilots Ratify Concession Package (Reuters)  [[Reuters]] - Pilots at Delta Air Lines Inc. \on Thursday ratified a concession package that will save the\carrier  #36;1 [[billion]] a [[year]], in a move the company hopes will buy\it time to restructure outside of [[bankruptcy]].","[[Trilateral]] Pilots Ratify Concession Package (Reuters)  [[Getty]] - Pilots at Delta Air Lines Inc. \on Thursday ratified a concession package that will save the\carrier  #36;1 [[zillion]] a [[yearly]], in a move the company hopes will buy\it time to restructure outside of [[flop]].",0.019789040088653564,0.5627895593643188,2,3,2,98,"Successful"
"Oil Company on Trial in [[Madagascar]] Over Pollution (Reuters)  Reuters - The operator of [[Madagascar's]]\[[privatized]] oil refinery went on trial on Tuesday, accused of\[[polluting]] the environment around the Indian Ocean island's main\international port, officials said.","Oil Company on Trial in [[Lemur]] Over Pollution (Reuters)  Reuters - The operator of [[Madagaѕcar's]]\[[pⲅivatized]] oil refinery went on trial on Tuesday, accused of\[[pollu𝚝ing]] the environment around the Indian Ocean island's main\international port, officials said.",0.12152647972106934,0.6229150891304016,3,0,3,92,"Successful"
"Harrison keeps title for fifth time  [[GLASGOW]] - Scotland #39;s Scott [[Harrison]] successfully defended his WBO [[featherweight]] title for a fifth time with a farcical first-round [[stoppage]] of Swedish-based Ethiopian Samuel Kebede on Saturday.","Harrison keeps title for fifth time  [[NOTTINGHAM]] - Scotland #39;s Scott [[Jenkins]] successfully defended his WBO [[undercard]] title for a fifth time with a farcical first-round [[judgements]] of Swedish-based Ethiopian Samuel Kebede on Saturday.",0.0027174949645996094,0.09854352474212646,1,1,1,81,"Failed"
"US [[Treasuries]] [[slip]] lower ahead of new supply  Treasuries slipped lower on Monday as investors positioned themselves to absorb \$51 billion of new supply this week ahead of an expected Federal Reserve increase in official interest rates.","US [[Tesoro]] [[slips]] lower ahead of new supply  Treasuries slipped lower on Monday as investors positioned themselves to absorb \$51 billion of new supply this week ahead of an expected Federal Reserve increase in official interest rates.",0.12637048959732056,0.6377866268157959,2,1,2,55,"Successful"
"Interpublic Posts [[Wider]] 3Q [[Loss]]  Interpublic Group of Cos., the [[world]] #39;s [[third-largest]] ad conglomerate, said Wednesday that third-quarter losses widened significantly on increased charges as well as greater salary and severance costs.","Interpublic Posts [[Wіder]] 3Q [[Wastage]]  Interpublic Group of Cos., the [[globe]] #39;s [[thirԁ-largest]] ad conglomerate, said Wednesday that third-quarter losses widened significantly on increased charges as well as greater salary and severance costs.",0.02041071653366089,0.13254207372665405,2,2,2,75,"Failed"
"Abbas Escapes Gaza Shooting Unharmed (AP)  AP - Mahmoud Abbas, the temporary [[successor]] to Yasser [[Arafat]], escaped unharmed Sunday when [[militants]] firing assault rifles burst into a mourning tent for the [[deceased]] Palestinian leader, [[killing]] two security guards and wounding six other people.","Abbas Escapes Gaza Shooting Unharmed (AP)  AP - Mahmoud Abbas, the temporary [[successors]] to Yasser [[Yasser]], escaped unharmed Sunday when [[guerrillas]] firing assault rifles burst into a mourning tent for the [[deceɑsed]] Palestinian leader, [[assassination]] two security guards and wounding six other people.",0.27707111835479736,0.5521259307861328,0,1,0,119,"Successful"
"Secretary Rumsfeld Remarks En [[Route]] to El Salvador  SEC. RUMSFELD: As you know, were going to be stopping in El Salvador and Nicaragua and Panama and Ecuador. The first stops will be visits to the places, particularly El Salvador and Nicaragua - countries ","Secretary Rumsfeld Remarks En [[Rote]] to El Salvador  SEC. RUMSFELD: As you know, were going to be stopping in El Salvador and Nicaragua and Panama and Ecuador. The first stops will be visits to the places, particularly El Salvador and Nicaragua - countries ",0.1800708770751953,0.6114815473556519,0,3,0,40,"Successful"
"[[Loeb]] forced out of rally  ESTONIA #39;s Markko [[Martin]] [[took]] the [[Rally]] of Catalonia lead today after newly-crowned world champion Sebastien Loeb, the overnight leader, was forced out of the race with a severe oil leak.","[[Einhorn]] forced out of rally  ESTONIA #39;s Markko [[Martino]] [[too𝒌]] the [[Rlaly]] of Catalonia lead today after newly-crowned world champion Sebastien Loeb, the overnight leader, was forced out of the race with a severe oil leak.",0.017636537551879883,0.2395951747894287,1,1,1,68,"Failed"
"[[Haywood]] suspended for three games  NEW YORK - Brendan Haywood of the [[Washington]] Wizards was suspended for three games by the NBA yesterday for [[fighting]] during a pre-season game against the Chicago [[Bulls]].","[[Hɑywood]] suspended for three games  NEW YORK - Brendan Haywood of the [[Tacoma]] Wizards was suspended for three games by the NBA yesterday for [[figհting]] during a pre-season game against the Chicago [[Oops]].",0.0006908178329467773,0.06996887922286987,1,1,1,92,"Failed"
"R.I.P. Gary Webb -- Unembedded Reporter  The finest journalist ever to get fired for telling the truth is dead at age 49. The official cause of death on the death certificate will be suicide. But, as we shall see, he had much help getting to that point. The story of the life and death of Gary Webb says much about the state of American politics and what passes as ""journalism"" in today's America. ","R.I.P. Gary Webb -- Unembedded Reporter  The finest journalist ever to get fired for telling the truth is dead at age 49. The official cause of death on the death certificate will be suicide. But, as we shall see, he had much help getting to that point. The story of the life and death of Gary Webb says much about the state of American politics and what passes as ""journalism"" in today's America. ",0.9984480738639832,0.9984480738639832,0,0,3,1,"Skipped"
"Shah [[Rukh]] Khan apologises to Buddhist monks  COLOMBO: Bollywood superstar Shah Rukh Khan has apologised to Sri Lanka #39;s protesting Buddhist monks for the timing of his mega concert here, which coincides with the death anniversary of a popular priest, but said the show will go on.","Shah [[Bachchan]] Khan apologises to Buddhist monks  COLOMBO: Bollywood superstar Shah Rukh Khan has apologised to Sri Lanka #39;s protesting Buddhist monks for the timing of his mega concert here, which coincides with the death anniversary of a popular priest, but said the show will go on.",0.5406386852264404,0.6374251246452332,0,1,0,41,"Successful"
"Coors' Donation to Own Campaign Draws Ire (AP)  AP - A  #36;500,000 donation by Republican beer baron Pete Coors to his own Senate campaign has triggered a new federal law that eases fund-raising restrictions for his Democratic opponent.","Coors' Donation to Own Campaign Draws Ire (AP)  AP - A  #36;500,000 donation by Republican beer baron Pete Coors to his own Senate campaign has triggered a new federal law that eases fund-raising restrictions for his Democratic opponent.",0.952810525894165,0.952810525894165,1,1,0,1,"Skipped"
"Older mobiles may cause tumours: study  The Institute of Environmental Medicine (IMM) at Karolinska Institute in Sweden found no indications of [[risk]] for less than 10 years of [[usage]].","Older mobiles may cause tumours: study  The Institute of Environmental Medicine (IMM) at Karolinska Institute in Sweden found no indications of [[peril]] for less than 10 years of [[սsage]].",0.29981881380081177,0.6071007251739502,3,1,3,46,"Successful"
"Cassini photos leaves some mysteries  Cassini #39;s latest sweep past Saturn #39;s moon Titan revealed more intriguing pictures of the surface but left many mysteries intact.","Cassini photos leaves some mysteries  Cassini #39;s latest sweep past Saturn #39;s moon Titan revealed more intriguing pictures of the surface but left many mysteries intact.",0.9733843207359314,0.9733843207359314,1,1,3,1,"Skipped"
"Yahoo Battles [[Google]] for The Cell [[Phone]]  Yahoo added a search feature for [[cell]] phones Wednesday, just a few weeks after rival Google launched one of its own. While Google SMS (Short Message Service) uses [[text-only]] messages to deliver its [[results]], Yahoo #39;s ","Yahoo Battles [[Googⅼe]] for The Cell [[Pհone]]  Yahoo added a search feature for [[battery]] phones Wednesday, just a few weeks after rival Google launched one of its own. While Google SMS (Short Message Service) uses [[𝚝ext-only]] messages to deliver its [[resul𝚝s]], Yahoo #39;s ",0.13861775398254395,0.5721122026443481,3,3,3,91,"Failed"
"Bond game fails to shake or stir  GoldenEye: Rogue Action fails to deliver on the promise of its name and struggles to generate the original's massive sense of fun.","Bond game fails to shake or stir  GoldenEye: Rogue Action fails to deliver on the promise of its name and struggles to generate the original's massive sense of fun.",0.8717503547668457,0.8717503547668457,1,1,3,1,"Skipped"
"Pinkel reinstates Damien Nash  Missouri [[tailback]] Damien Nash was reinstated by coach Gary Pinkel, ending a one-game [[suspension]] for the teams #39; leading [[rusher]].","Pinkel reinstates Damien Nash  Missouri [[tailbac𝒌]] Damien Nash was reinstated by coach Gary Pinkel, ending a one-game [[reprieve]] for the teams #39; leading [[rusհer]].",0.0022704005241394043,0.03381752967834473,1,1,1,63,"Failed"
"BT to buy Infonet for US\$965mil  BERLIN: BT Group Plc, Britain #39;s largest phone company, plans to buy Infonet Services Corp. for US\$965mil to add a data network spanning more than 180 countries.","BT to buy Infonet for US\$965mil  BERLIN: BT Group Plc, Britain #39;s largest phone company, plans to buy Infonet Services Corp. for US\$965mil to add a data network spanning more than 180 countries.",0.8771026134490967,0.8771026134490967,3,3,2,1,"Skipped"
"Don King Productions Presents:  quot;Battle For Supremacy [[quot]];  On Saturday November 13th, [[ten]] misfits, nomads and upstarts seek to wage war or settle the [[score]] at the famed Madison Square [[Garden]] in New York, New York.","Don King Productions Presents:  quot;Battle For Supremacy [[quo𝚝]];  On Saturday November 13th, [[teո]] misfits, nomads and upstarts seek to wage war or settle the [[punctuation]] at the famed Madison Square [[Huerta]] in New York, New York.",0.03840893507003784,0.16896218061447144,1,1,1,75,"Failed"
"Weyerhaeuser [[Profit]] Up   [[NEW]] [[YORK]] (Reuters) - Weyerhaeuser Co.'s  quarterly profit  rose sharply on a large gain from the sale of timberlands in  Georgia and it set tender [[offers]] to reduce as much as \$700  million in [[debt]], the company said on Friday.","Weyerhaeuser [[Earns]] Up   [[NOVEL]] [[SCARSDALE]] (Reuters) - Weyerhaeuser Co.'s  quarterly profit  rose sharply on a large gain from the sale of timberlands in  Georgia and it set tender [[o𝚏fers]] to reduce as much as \$700  million in [[religion]], the company said on Friday.",0.007805824279785156,0.7109174728393555,2,0,2,77,"Successful"
"[[Police]] [[Remove]] Checkpoints Around Capitol (AP)  AP - Police checkpoints that have surrounded the Capitol since last August were gone Thursday following a postelection decision by authorities to lower the threat level.","[[Poliϲe]] [[Delete]] Checkpoints Around Capitol (AP)  AP - Police checkpoints that have surrounded the Capitol since last August were gone Thursday following a postelection decision by authorities to lower the threat level.",0.21621614694595337,0.6910829544067383,0,1,0,48,"Successful"
"[[Beckham]] returns to England [[squad]] for Spain [[game]]  David Beckham, out for a month with broken ribs, was named by Sven-Goran Eriksson to England #[[39]];s team for its friendly match on Wednesday against [[Spain]] at Real Madrid #39;s Santiago Bernabeu Stadium.","[[Ronaldo]] returns to England [[ѕquad]] for Spain [[gaｍe]]  David Beckham, out for a month with broken ribs, was named by Sven-Goran Eriksson to England #[[Ʒ9]];s team for its friendly match on Wednesday against [[Spaiո]] at Real Madrid #39;s Santiago Bernabeu Stadium.",0.005779385566711426,0.16584676504135132,1,1,1,77,"Failed"
"Anwar [[Begins]] [[Malaysia]] Political Comeback  [[Malaysia]] #39;s most charismatic dissident [[Anwar]] Ibrahim, released from jail two months ago, kicked off his political comeback Sunday, vowing to restart a campaign for democratic reforms and racial equality.","Anwar [[Commencement]] [[Ma]] Political Comeback  [[Malaysіa]] #39;s most charismatic dissident [[Anwaⲅ]] Ibrahim, released from jail two months ago, kicked off his political comeback Sunday, vowing to restart a campaign for democratic reforms and racial equality.",0.179662823677063,0.623724102973938,0,1,0,79,"Successful"
"Newest video [[games]] gun to be No. 1  Voters apparently weren #39;t the only ones willing to stand in long lines. The release of this year #39;s two hottest video games - Grand Theft Auto: San Andreas, and Halo 2 - had gamers lined up at stores across the nation to pick up their pre-ordered games.","Newest video [[jeux]] gun to be No. 1  Voters apparently weren #39;t the only ones willing to stand in long lines. The release of this year #39;s two hottest video games - Grand Theft Auto: San Andreas, and Halo 2 - had gamers lined up at stores across the nation to pick up their pre-ordered games.",0.1607101559638977,0.7727367877960205,3,1,3,50,"Successful"
"[[82]] still missing in Chinese mine blast  [[XINMI]], China -- [[Desperate]] to know their loved ones' fates, grieving relatives [[scuffled]] with guards yesterday at the scene of [[China's]] worst mining accident this year as rescue workers pulled more bodies out of a mine shaft choked with poison gas.","[[8ᒿ]] still missing in Chinese mine blast  [[XNIMI]], China -- [[Distraught]] to know their loved ones' fates, grieving relatives [[scuf𝚏led]] with guards yesterday at the scene of [[China'ѕ]] worst mining accident this year as rescue workers pulled more bodies out of a mine shaft choked with poison gas.",0.037550508975982666,0.5882270932197571,0,0,0,71,"Failed"
"Microsoft Opens Software Development Center in India (Update3)  Microsoft Corp., the world #39;s largest software maker, will hire several hundred #39; #39; people in the next year at its development center in India, expanding its workforce of 800, Chief Executive Steve Ballmer said.","Microsoft Opens Software Development Center in India (Update3)  Microsoft Corp., the world #39;s largest software maker, will hire several hundred #39; #39; people in the next year at its development center in India, expanding its workforce of 800, Chief Executive Steve Ballmer said.",0.7989129424095154,0.7989129424095154,3,3,2,1,"Skipped"
"[[Agassi]] advances in Madrid, Henman eliminated  [[Top]] seed Tim Henman suffered a 6-4,4-6, 6-2 defeat to Croatian Ivan Ljubicic in the [[Madrid]] Masters on Thursday as [[Andre]] [[Agassi]] advanced to the quarter-finals with a 6-1,6-3 victory over Vincent Spadea.","[[Agasѕi]] advances in Madrid, Henman eliminated  [[Tp]] seed Tim Henman suffered a 6-4,4-6, 6-2 defeat to Croatian Ivan Ljubicic in the [[Madird]] Masters on Thursday as [[Andⲅe]] [[Agaѕsi]] advanced to the quarter-finals with a 6-1,6-3 victory over Vincent Spadea.",0.0033382177352905273,0.0522192120552063,1,1,1,74,"Failed"
"Void is filled with Clement  With the supply of attractive pitching options dwindling daily -- they lost Pedro Martinez to the Mets, missed on Tim Hudson, and are resigned to Randy Johnson becoming a Yankee -- the Red Sox struck again last night, coming to terms with free agent Matt [[Clement]] on a three-year deal that will pay the righthander in the neighborhood of \$[[25]] ...","Void is filled with Clement  With the supply of attractive pitching options dwindling daily -- they lost Pedro Martinez to the Mets, missed on Tim Hudson, and are resigned to Randy Johnson becoming a Yankee -- the Red Sox struck again last night, coming to terms with free agent Matt [[Clemnt]] on a three-year deal that will pay the righthander in the neighborhood of \$[[ᒿ5]] ...",0.3286890387535095,0.6058472394943237,1,2,1,55,"Successful"
"News: [[Banks]] prepare for ATM cyber crime  An industry and law enforcement group hopes to prevent Windows XP-based cash machines from inspiring ""the [[next]] wave of [[ATM]] crime.""\","News: [[Ban𝒌s]] prepare for ATM cyber crime  An industry and law enforcement group hopes to prevent Windows XP-based cash machines from inspiring ""the [[upcoming]] wave of [[ABM]] crime.""\",0.2468883991241455,0.5967622995376587,3,2,3,51,"Successful"
"Studios to sue pirates  Hollywood studios plan to file hundreds of lawsuits this month against people who illegally share movies online, industry representatives said Thursday.","Studios to sue pirates  Hollywood studios plan to file hundreds of lawsuits this month against people who illegally share movies online, industry representatives said Thursday.",0.929103434085846,0.929103434085846,2,2,3,1,"Skipped"
"[[Lehman]] hoping third time is a charm  [[Tied]] for the lead in what was shaping up as another [[shootout]] at Disney, Tom [[Lehman]] believes he has experience on his side. [[Not]] from the last 12 years, but the last three weeks.","[[Goldman]] hoping third time is a charm  [[Teid]] for the lead in what was shaping up as another [[gunfight]] at Disney, Tom [[Stearns]] believes he has experience on his side. [[Nope]] from the last 12 years, but the last three weeks.",0.002527177333831787,0.8008254766464233,1,2,1,81,"Successful"
"Target Earns \$537 [[Million]]  Target Corp. , the [[No]]. 2 US discount retailer, on Thursday posted a higher quarterly profit on stronger sales and gains from selling its [[Mervyn]] #39;s department store chain, and forecast 2004 [[would]] end well.","Target Earns \$537 [[Billion]]  Target Corp. , the [[Neither]]. 2 US discount retailer, on Thursday posted a higher quarterly profit on stronger sales and gains from selling its [[Wray]] #39;s department store chain, and forecast 2004 [[gotta]] end well.",0.004781901836395264,0.550835132598877,2,2,2,75,"Failed"
"Cuts offered, issue remains tax or cap  The union #39;s proposal to end the lockout, made Thursday at the league #39;s Canadian headquarters, calls for a tax that would penalize -- and perhaps deter -- high-end payrolls.","Cuts offered, issue remains tax or cap  The union #39;s proposal to end the lockout, made Thursday at the league #39;s Canadian headquarters, calls for a tax that would penalize -- and perhaps deter -- high-end payrolls.",0.8629899024963379,0.8629899024963379,2,2,1,1,"Skipped"
"Analysis: US heating oil guides NYMEX  The price of oil futures [[jumped]] sharply Wednesday when a disappointing decline in the US heating-oil supply trumped growth in the crude stockpile.","Analysis: US heating oil guides NYMEX  The price of oil futures [[hopped]] sharply Wednesday when a disappointing decline in the US heating-oil supply trumped growth in the crude stockpile.",0.5070993900299072,0.6607595682144165,2,3,2,36,"Successful"
"Rivera was a corner stone for Ruiz  NEW YORK -- For a [[time]] [[Saturday]] night, John [[Ruiz]] was ready to give up.","Rivera was a corner stone for Ruiz  NEW YORK -- For a [[tie]] [[Satսrday]] night, John [[Riz]] was ready to give up.",0.11003398895263672,0.4756962060928345,1,1,1,50,"Failed"
"No. 17 [[Rutgers]] [[Stops]] South Dakota State (AP)  AP - Freshman guard Matee Ajavon scored 29 [[points]] to [[lead]] Rutgers over South Dakota State 68-50 on Thursday in the [[opening]] game of the Paradise Jam tournament in the U.S. Virgin Islands.","No. 17 [[Vanderbilt]] [[Halts]] South Dakota State (AP)  AP - Freshman guard Matee Ajavon scored 29 [[things]] to [[steer]] Rutgers over South Dakota State 68-50 on Thursday in the [[initiation]] game of the Paradise Jam tournament in the U.S. Virgin Islands.",0.0008356571197509766,0.015426218509674072,1,1,1,95,"Failed"
" #39;Breakthrough #39; on hydrogen fuel  US scientists had made a [[breakthrough]] in their quest to make low-cost hydrogen, a technology key to finding new sources of energy to end US dependence on foreign oil, they said."," #39;Breakthrough #39; on hydrogen fuel  US scientists had made a [[brеakthrough]] in their quest to make low-cost hydrogen, a technology key to finding new sources of energy to end US dependence on foreign oil, they said.",0.32987087965011597,0.5107901692390442,3,1,3,45,"Successful"
"New memories warm heart of this Bosox fan  Is it really [[true]]? Did it really [[happen]]? Or was that just the figment of some Boston [[Red]] Sox fanatic #39;s wild imagination? Did the Red Sox really win the World [[Series]] for the first time [[since]] 1918 by sweeping the [[St]].","New memories warm heart of this Bosox fan  Is it really [[real]]? Did it really [[happn]]? Or was that just the figment of some Boston [[Reԁ]] Sox fanatic #39;s wild imagination? Did the Red Sox really win the World [[Number]] for the first time [[already]] 1918 by sweeping the [[Santo]].",0.05057418346405029,0.14052271842956543,1,1,1,118,"Failed"
"LG Electronics-Matsushita PDP battle  TOKYO (CBS.MW) -- South Korea #39;s LG Electronics Inc. said Tuesday it would file a counter measure against Japan #39;s Matsushita Electric Industrial Co.","LG Electronics-Matsushita PDP battle  TOKYO (CBS.MW) -- South Korea #39;s LG Electronics Inc. said Tuesday it would file a counter measure against Japan #39;s Matsushita Electric Industrial Co.",0.8451142311096191,0.8451142311096191,3,3,2,1,"Skipped"
"[[Henry]] doubtful for Anfield clash  Arsenal striker Thierry [[Henry]] is [[doubtful]] for Sundays Barclays Premiership trip to Liverpool with a calf injury. The Frenchman aggravated the problem during Wednesday nights ill-tempered [[Champions]] League ","[[Heոry]] doubtful for Anfield clash  Arsenal striker Thierry [[Hnry]] is [[doub𝚝ful]] for Sundays Barclays Premiership trip to Liverpool with a calf injury. The Frenchman aggravated the problem during Wednesday nights ill-tempered [[Chaｍpions]] League ",0.00038254261016845703,0.043195128440856934,1,1,1,79,"Failed"
"[[Hokies]] making statement about ACC title intentions  The annual summer barbecues that Ralph Friedgen and Frank Beamer co-host at their lake homes in Georgia may be a little less cordial after the way [[Beamer]] #39;s Virginia [[Tech]] Hokies [[waxed]] Friedgen #39;s Maryland Terrapins 55-6 last [[night]].","[[Hokeis]] making statement about ACC title intentions  The annual summer barbecues that Ralph Friedgen and Frank Beamer co-host at their lake homes in Georgia may be a little less cordial after the way [[Teel]] #39;s Virginia [[Technology]] Hokies [[shone]] Friedgen #39;s Maryland Terrapins 55-6 last [[nigt]].",0.005558788776397705,0.3249295949935913,1,1,1,91,"Failed"
"Death threats on film-maker #39;s body  [[A]] LETTER left on the body of a Dutch filmmmaker murdered in Amsterdam contained death threats against a Dutch politician, the justice minister said today.","Death threats on film-maker #39;s body  [[another]] LETTER left on the body of a Dutch filmmmaker murdered in Amsterdam contained death threats against a Dutch politician, the justice minister said today.",0.42764341831207275,0.57249915599823,0,1,0,28,"Successful"
"Wenger Spares Red-Faced Lehmann  [[Arsenal]] keeper Jens Lehmann was left [[red-faced]] in Athens as [[two]] costly mistakes ensured that a Champions League victory slipped through his sides fingers again.","Wenger Spares Red-Faced Lehmann  [[Carousel]] keeper Jens Lehmann was left [[red-fɑced]] in Athens as [[both]] costly mistakes ensured that a Champions League victory slipped through his sides fingers again.",0.008165717124938965,0.08142399787902832,1,1,1,55,"Failed"
"England humble Sprinboks  Charlie Hodgson scores 27 points as England overwhelm the Springboks at Twickenham.","England humble Sprinboks  Charlie Hodgson scores 27 points as England overwhelm the Springboks at Twickenham.",0.994282066822052,0.994282066822052,1,1,0,1,"Skipped"
"FCC exempts fiber-to-curb from sharing requirements  The Federal Communications Commission Thursday voted to allow incumbent telephone carriers from sharing fiber-to-the-curb deployments from competitors, prompting one incumbent to announce an accelerated fiber rollout.","FCC exempts fiber-to-curb from sharing requirements  The Federal Communications Commission Thursday voted to allow incumbent telephone carriers from sharing fiber-to-the-curb deployments from competitors, prompting one incumbent to announce an accelerated fiber rollout.",0.9604529738426208,0.9604529738426208,3,3,2,1,"Skipped"
"CARE Official [[Kidnapped]] in [[Baghdad]]  Margaret Hassan, said to be a British-born Iraqi national, the director of [[CARE]] International #39;s operation in Iraq is seen in this image made from video footage made on May 20, [[2003]].","CARE Official [[Hijack]] in [[Baghadd]]  Margaret Hassan, said to be a British-born Iraqi national, the director of [[EMPATHY]] International #39;s operation in Iraq is seen in this image made from video footage made on May 20, [[ᒿ003]].",0.015423774719238281,0.4594227075576782,0,0,0,67,"Failed"
"General Electric Raises [[Dividend]]  General Electric Co., a [[maker]] of jet engines, plastics and [[appliances]] as well as owner of the NBC television network, said Friday that its board [[raised]] the company #39;s quarterly [[dividend]] by 10 percent to 22 cents per share, and authorized the repurchase of ","General Electric Raises [[Diviԁend]]  General Electric Co., a [[makeⲅ]] of jet engines, plastics and [[ɑppliances]] as well as owner of the NBC television network, said Friday that its board [[raiesd]] the company #39;s quarterly [[profit]] by 10 percent to 22 cents per share, and authorized the repurchase of ",0.091244637966156,0.48537492752075195,2,2,2,106,"Failed"
"PeopleSoft revises third-quarter profit  Oracle target adds \$2.6 million to bottom line after tax adjustment related to ex-CEO's severance package.","PeopleSoft revises third-quarter profit  Oracle target adds \$2.6 million to bottom line after tax adjustment related to ex-CEO's severance package.",0.9188734292984009,0.9188734292984009,2,2,3,1,"Skipped"
"Injection Flaw Found in Browsers  Danish security research firm Secunia has reported a [[vulnerability]] that occurs in most [[browsers]] that can be exploited by hackers looking to spoof the content of Web sites.","Injection Flaw Found in Browsers  Danish security research firm Secunia has reported a [[sensibility]] that occurs in most [[browseⲅs]] that can be exploited by hackers looking to spoof the content of Web sites.",0.12957507371902466,0.5767778754234314,3,2,3,51,"Successful"
"[[PALMER]] BREAKS TOUR DUCK IN STYLE  Ryan Palmer came from five shots behind with a magnificent 62 to [[earn]] his maiden [[PGA]] Tour tournament victory at the Funai Classic on [[Sunday]].","[[CUTLER]] BREAKS TOUR DUCK IN STYLE  Ryan Palmer came from five shots behind with a magnificent 62 to [[eaⲅn]] his maiden [[PA]] Tour tournament victory at the Funai Classic on [[Yesterday]].",0.0008174777030944824,0.01299971342086792,1,1,1,56,"Failed"
"[[Yahoo]], [[EarthLink]] Test [[DomainKeys]] Spoofing Defense  Yahoo announced enhancements to its e-mail service, implementing search, more storage and its [[DomainKeys]] sender authentication technology, which is also being deployed by Internet service provider EarthLink in a test roll-out.","[[Aol]], [[EaⲅthLink]] Test [[DomainKеys]] Spoofing Defense  Yahoo announced enhancements to its e-mail service, implementing search, more storage and its [[DomɑinKeys]] sender authentication technology, which is also being deployed by Internet service provider EarthLink in a test roll-out.",0.021261990070343018,0.30074548721313477,3,3,3,67,"Failed"
"Partner: Free Verisign SSL Certificate  [[Don't]] [[miss]] the opportunity! Obtain a FREE SSL Trial ID today.","Partner: Free Verisign SSL Certificate  [[Don'𝚝]] [[senorita]] the opportunity! Obtain a FREE SSL Trial ID today.",0.2883474826812744,0.664850115776062,3,3,3,31,"Failed"
"Iraq to [[spend]] \$1 billion to [[expand]] oil [[production]]  Iraq is planning to spend more than \$1 billion in 2005 to [[boost]] its oil production capacity by about 15 percent to 3.25 million barrels a day, an Iraqi official said.","Iraq to [[spending]] \$1 billion to [[e×pand]] oil [[productive]]  Iraq is planning to spend more than \$1 billion in 2005 to [[booѕt]] its oil production capacity by about 15 percent to 3.25 million barrels a day, an Iraqi official said.",0.39032822847366333,0.6116949319839478,2,3,2,95,"Successful"
"[[Supercomputer]] breaks speed [[record]]  The US is poised to push Japan off the [[top]] of the [[supercomputing]] chart with IBM #39;s prototype Blue Gene/L machine. [[It]] is being assembled for the Lawrence Livermore National Laboratories, a US Department of Energy lab (DOE).","[[Supercompu𝚝er]] breaks speed [[rеcord]]  The US is poised to push Japan off the [[senior]] of the [[supercomputіng]] chart with IBM #39;s prototype Blue Gene/L machine. [[He]] is being assembled for the Lawrence Livermore National Laboratories, a US Department of Energy lab (DOE).",0.06396514177322388,0.41097694635391235,3,3,3,94,"Failed"
"Software Licensing Moving Toward Subscription, Utility Models (Ziff Davis)  Ziff Davis - Panelists at SoftSummit point to emerging alternatives to perpetual licensing but say the transition won't be easy.","Software Licensing Moving Toward Subscription, Utility Models (Ziff Davis)  Ziff Davis - Panelists at SoftSummit point to emerging alternatives to perpetual licensing but say the transition won't be easy.",0.5628864765167236,0.5628864765167236,2,2,3,1,"Skipped"
"Dave Hyde [[column]], [[October]] 25, 2004  [[In]] somber tones and professional adjectives, the president, the athletic director and the no-longer-the-football-coach took turns announcing a University of Florida firing Monday that was surprising only for coming sooner rather than [[later]].","Dave Hyde [[coluｍn]], [[Oc𝚝ober]] 25, 2004  [[For]] somber tones and professional adjectives, the president, the athletic director and the no-longer-the-football-coach took turns announcing a University of Florida firing Monday that was surprising only for coming sooner rather than [[subsequently]].",0.13716620206832886,0.4729384779930115,1,1,1,73,"Failed"
"UPDATE 1-BMW, Honda drop challenge to F1 rules  Carmakers BMW and Honda have dropped plans to challenge Formula One #39;s governing body over engine rules for 2006 after deciding that legal action would be bad for motor racing.","UPDATE 1-BMW, Honda drop challenge to F1 rules  Carmakers BMW and Honda have dropped plans to challenge Formula One #39;s governing body over engine rules for 2006 after deciding that legal action would be bad for motor racing.",0.53801029920578,0.53801029920578,3,3,1,1,"Skipped"
"CNH Global [[workers]] in [[Racine]] go on strike after contract stalemate  CNH Global NV workers in [[Racine]] and three other cities [[went]] on strike Wednesday, six months after rejecting the company #39;s final contract offer.","CNH Global [[wor𝒌ers]] in [[Racіne]] go on strike after contract stalemate  CNH Global NV workers in [[Racne]] and three other cities [[weոt]] on strike Wednesday, six months after rejecting the company #39;s final contract offer.",0.09281671047210693,0.6085790991783142,2,2,2,77,"Failed"
