"original_text","perturbed_text","original_score","perturbed_score","original_output","perturbed_output","ground_truth_output","num_queries","result_type"
"NFL Fines Saints' Gleason  #36;5,000 for [[Punch]] (AP)  [[AP]] - Steve Gleason of the New Orleans Saints was fined  #36;5,000 by the [[NFL]] on Wednesday after being thrown out of last week's [[game]] with Carolina for punching the [[Panthers']] Kemp Rasmussen at the [[end]] of a kickoff return.","NFL Fines Saints' Gleason  #36;5,000 for [[Puncհ]] (AP)  [[HECTARES]] - Steve Gleason of the New Orleans Saints was fined  #36;5,000 by the [[STEELERS]] on Wednesday after being thrown out of last week's [[jeu]] with Carolina for punching the [[Pantheⲅs']] Kemp Rasmussen at the [[eոd]] of a kickoff return.",0.0013740062713623047,0.0498623251914978,1,1,1,86,"Failed"
"Sparkle [[starts]] [[shipping]] GeForce 6600 GT AGP  &lt;a href=""http://www.hardwareanalysis.com/content/article/1755/""&gt;GeForce 6600GT AGP, as [[good]] as it gets?&lt;/a&gt; &lt;font size=-1 color=#6f6f6f&gt;&lt;nobr&gt;Hardware [[Analysis]]&lt;/nobr&[[gt]];","Sparkle [[startѕ]] [[shippiոg]] GeForce 6600 GT AGP  &lt;a href=""http://www.hardwareanalysis.com/content/article/1755/""&gt;GeForce 6600GT AGP, as [[buena]] as it gets?&lt;/a&gt; &lt;font size=-1 color=#6f6f6f&gt;&lt;nobr&gt;Hardware [[Analysiѕ]]&lt;/nobr&[[g𝚝]];",0.08492100238800049,0.4789445996284485,3,3,3,99,"Failed"
"Arafat's [[Health]] Reported to Have Turned Sharply Worse  An ambulance was called to Yasir Arafat's compound amid unconfirmed reports that he had [[lost]] [[consciousness]] at least once.","Arafat's [[Sante]] Reported to Have Turned Sharply Worse  An ambulance was called to Yasir Arafat's compound amid unconfirmed reports that he had [[los𝚝]] [[consϲiousness]] at least once.",0.030278027057647705,0.6706939339637756,0,1,0,63,"Successful"
"New federal law ends check floating  A new federal law that went into effect yesterday will eventually eliminate the days of check floating.. However, some Sumner County bankers say it depends on where you bank and ","New federal law ends check floating  A new federal law that went into effect yesterday will eventually eliminate the days of check floating.. However, some Sumner County bankers say it depends on where you bank and ",0.59983229637146,0.59983229637146,3,3,2,1,"Skipped"
"US confirms commitment to defend Taiwan  Mr Powell says that while the US recognises the one-China policy, it will [[offer]] to assist Taiwan if it is threatened. A [[US]] State Department spokesman says the [[issue]] [[came]] up during talks with China #39;s [[visiting]] military chief, General Liang Guanglie.","US confirms commitment to defend Taiwan  Mr Powell says that while the US recognises the one-China policy, it will [[providing]] to assist Taiwan if it is threatened. A [[NOUS]] State Department spokesman says the [[issues]] [[cmae]] up during talks with China #39;s [[visitor]] military chief, General Liang Guanglie.",0.3480152487754822,0.6603546142578125,0,3,0,88,"Successful"
"England sweeps Zims  England has swept its one-day series against Zimbabwe 4-0 with a 74-run win in Bulawayo. Veteran Darren Gough [[took]] 4-34 as [[Zimbabwe]] was bowled out for 187 [[chasing]] [[262]] for victory.","England sweeps Zims  England has swept its one-day series against Zimbabwe 4-0 with a 74-run win in Bulawayo. Veteran Darren Gough [[𝚝ook]] 4-34 as [[Botswana]] was bowled out for 187 [[chɑsing]] [[ᒿ62]] for victory.",0.00043326616287231445,0.03895217180252075,1,1,1,67,"Failed"
"Dollar Rises on the Interest Rate Plays   NEW YORK (Reuters) - The dollar rose on Thursday as  traders, short of dollars after relentlessly selling them for  weeks, looked to the growing yield advantage of U.S. assets as  a reason to buy back the currency before the end of the year.","Dollar Rises on the Interest Rate Plays   NEW YORK (Reuters) - The dollar rose on Thursday as  traders, short of dollars after relentlessly selling them for  weeks, looked to the growing yield advantage of U.S. assets as  a reason to buy back the currency before the end of the year.",0.6450297832489014,0.6450297832489014,3,3,2,1,"Skipped"
"Optimism Drives Google Shares to New Highs (Reuters)  Reuters - Stock of [[Google]] Inc.  powered\to new highs on Friday, buoyed by the web search leader's new\products and growth prospects, which complement its recent\strong financial [[results]], analysts said.","Optimism Drives Google Shares to New Highs (Reuters)  Reuters - Stock of [[Goole]] Inc.  powered\to new highs on Friday, buoyed by the web search leader's new\products and growth prospects, which complement its recent\strong financial [[resul𝚝s]], analysts said.",0.16721975803375244,0.5240020751953125,3,2,3,57,"Successful"
"LIFFE ratchets up price war with Merc  Derivatives exchange LIFFE turned up the heat on rival Chicago Mercantile Exchange on Tuesday by ratcheting up its fee incentive program for some US traders in a bid improve volume in its Eurodollar [[contract]], the CME #39;s flagship offering.","LIFFE ratchets up price war with Merc  Derivatives exchange LIFFE turned up the heat on rival Chicago Mercantile Exchange on Tuesday by ratcheting up its fee incentive program for some US traders in a bid improve volume in its Eurodollar [[contrac𝚝]], the CME #39;s flagship offering.",0.3773355484008789,0.5884743928909302,2,3,2,46,"Successful"
"[[Surprise]] Chargers #39; air power changing [[Marty]] #39;s stripes  KANSAS CITY, Mo. -- The San Diego Chargers players couldn #[[39]];t quite [[believe]] what they were hearing, nor would many in the crowd at [[Arrowhead]] Stadium if they were privy to it.","[[Surprsie]] Chargers #39; air power changing [[Mar𝚝y]] #39;s stripes  KANSAS CITY, Mo. -- The San Diego Chargers players couldn #[[3৭]];t quite [[feel]] what they were hearing, nor would many in the crowd at [[Spire]] Stadium if they were privy to it.",0.016557157039642334,0.36137211322784424,1,1,1,84,"Failed"
"Energy Dept. funds open-source InfiniBand work  [[Three-year]] project will [[back]] programmers' effort to build Linux software support for the high-speed networking [[technology]].","Energy Dept. funds open-source InfiniBand work  [[Three-yeɑr]] project will [[retrograde]] programmers' effort to build Linux software support for the high-speed networking [[𝚝echnology]].",0.013020157814025879,0.24544930458068848,3,3,3,59,"Failed"
"Robo-servants set to sweep into [[homes]]  Millions of [[new]] robots will be installed in households over the next few [[years]], a UN report predicts.","Robo-servants set to sweep into [[homeѕ]]  Millions of [[neԝ]] robots will be installed in households over the next few [[yeaⲅs]], a UN report predicts.",0.14421015977859497,0.6042472124099731,3,1,3,48,"Successful"
"[[PayPal]] and Apple iTunes link-up  Online [[auction]] house eBay #39;s payment system PayPal can now be [[used]] for purchases by US customers of Apple #39;s iTunes music store.","[[PayPaⅼ]] and Apple iTunes link-up  Online [[auctiоn]] house eBay #39;s payment system PayPal can now be [[use]] for purchases by US customers of Apple #39;s iTunes music store.",0.23595458269119263,0.6367113590240479,3,2,3,53,"Successful"
"Delta to Cut 6,000-6,900 [[Jobs]]   CHICAGO (Reuters) - Delta Air Lines on [[Wednesday]] [[said]] it  plans to cut between [[6]],[[000]] and 6,900 jobs during the next 18  months, implement a 10 percent across-the-board pay reduction  and reduce employee benefits in a bid to avoid bankruptcy.","Delta to Cut 6,000-6,900 [[Workplace]]   CHICAGO (Reuters) - Delta Air Lines on [[Wdenesday]] [[told]] it  plans to cut between [[б]],[[O00]] and 6,900 jobs during the next 18  months, implement a 10 percent across-the-board pay reduction  and reduce employee benefits in a bid to avoid bankruptcy.",0.030016005039215088,0.15200597047805786,2,2,2,81,"Failed"
"Get the Facts on Microsoft Benchmarks  [[Now]] that Steve Ballmer and company have given you all the facts you need to compare Windows and [[Linux]], allow me to [[add]] just one little tidbit.","Get the Facts on Microsoft Benchmarks  [[Henceforth]] that Steve Ballmer and company have given you all the facts you need to compare Windows and [[Liոux]], allow me to [[inserting]] just one little tidbit.",0.12504565715789795,0.591424822807312,3,2,3,48,"Successful"
"Clijsters and Hewitt reach break point  There are two consolations for disillusioned [[tennis]] romantics upset by [[yesterday]] #[[39]];s news of the [[split]] of Lleyton Hewitt and Kim Clijsters four months before their scheduled marriage.","Clijsters and Hewitt reach break point  There are two consolations for disillusioned [[opened]] romantics upset by [[yetserday]] #[[Ʒ9]];s news of the [[slpit]] of Lleyton Hewitt and Kim Clijsters four months before their scheduled marriage.",0.09145653247833252,0.4475099444389343,1,1,1,68,"Failed"
"Jennings in charge  [[CAPE]] [[TOWN]] - [[Ray]] [[Jennings]] was appointed as the interim coach of South Africa #39;s national cricket side yesterday afternoon following the resignation earlier of the under-fire Eric Simons.","Jennings in charge  [[ROBE]] [[TWON]] - [[Ry]] [[Saunders]] was appointed as the interim coach of South Africa #39;s national cricket side yesterday afternoon following the resignation earlier of the under-fire Eric Simons.",0.006906628608703613,0.03912627696990967,1,1,1,59,"Failed"
"EU to Lift U.S. Sanctions Jan. 1   BRUSSELS (Reuters) - The European Commission is sticking  with its plan to lift sanctions on \$4 billion worth of U.S.  goods on Jan. 1 following Washington's repeal of export tax  subsidies in October, a spokeswoman said on Thursday.","EU to Lift U.S. Sanctions Jan. 1   BRUSSELS (Reuters) - The European Commission is sticking  with its plan to lift sanctions on \$4 billion worth of U.S.  goods on Jan. 1 following Washington's repeal of export tax  subsidies in October, a spokeswoman said on Thursday.",0.7426835894584656,0.7426835894584656,3,3,2,1,"Skipped"
"FCC ruling sets stage for broadband surge  [[Broadband]] service may get a little broader in the next few years, now that the Federal Communications Commission is graciously stepping out of the [[way]].","FCC ruling sets stage for broadband surge  [[Megahertz]] service may get a little broader in the next few years, now that the Federal Communications Commission is graciously stepping out of the [[wɑy]].",0.10317152738571167,0.6430016160011292,3,2,3,46,"Successful"
"[[Judge]] blocks record libel [[claim]] against Financial Times  [[LONDON]] (AFP) - A judge at the London High Court struck out the [[bulk]] of a record libel damages claim of 240 million pounds (345 million euros, 434 million dollars) against the Financial Times by stockbroker Collins Stewart Tullet.","[[Jսdge]] blocks record libel [[cⅼaim]] against Financial Times  [[UK]] (AFP) - A judge at the London High Court struck out the [[bluk]] of a record libel damages claim of 240 million pounds (345 million euros, 434 million dollars) against the Financial Times by stockbroker Collins Stewart Tullet.",0.0684579610824585,0.6913925409317017,2,0,2,90,"Successful"
"FEC Elects Chairman, Vice Chairman (AP)  AP - The Federal Election Commission on Thursday elected a new chairman and vice chairman, choosing as its leaders two members who pushed unsuccessfully for tougher limits on partisan political groups.","FEC Elects Chairman, Vice Chairman (AP)  AP - The Federal Election Commission on Thursday elected a new chairman and vice chairman, choosing as its leaders two members who pushed unsuccessfully for tougher limits on partisan political groups.",0.7953851222991943,0.7953851222991943,2,2,0,1,"Skipped"
"[[NBA]] Game Summary - Denver at Miami  Miami, FL ([[Sports]] [[Network]]) - Shaquille O #39;Neal had 20 points, 10 rebounds, seven assists and three blocks and Dwyane Wade led all [[scorers]] with 25 points, as the Miami Heat downed the [[Denver]] Nuggets, 107-100.","[[CELTICS]] Game Summary - Denver at Miami  Miami, FL ([[Sorts]] [[Ne𝚝work]]) - Shaquille O #39;Neal had 20 points, 10 rebounds, seven assists and three blocks and Dwyane Wade led all [[scrers]] with 25 points, as the Miami Heat downed the [[Tulsa]] Nuggets, 107-100.",0.0001633167266845703,0.04703724384307861,1,1,1,86,"Failed"
"New Rebel Factions Emerge in Darfur  [[New]] rebel factions have emerged in western Sudan, complicating peace talks on the conflict in Darfur. The UN special representative for Darfur, Jan Pronk, says he thinks the new groups are [[serious]] and [[need]] to be [[taken]] into [[consideration]].","New Rebel Factions Emerge in Darfur  [[Neԝ]] rebel factions have emerged in western Sudan, complicating peace talks on the conflict in Darfur. The UN special representative for Darfur, Jan Pronk, says he thinks the new groups are [[weighty]] and [[needed]] to be [[ta𝒌en]] into [[considering]].",0.014498114585876465,0.6349315047264099,0,0,0,98,"Failed"
"Ryder Quarterly Earnings Up   [[NEW]] YORK (Reuters) - Ryder System Inc. &lt;A HREF=""http://www.investor.reuters.com/FullQuote.aspx?ticker=R.N target=/stocks/quickinfo/fullquote""&gt;R.N&lt;/A&gt; on Monday  reported an increase in quarterly net profit amid increased  demand for transport services, especially in its fleet  management division.","Ryder Quarterly Earnings Up   [[NOUVEAU]] YORK (Reuters) - Ryder System Inc. &lt;A HREF=""http://www.investor.reuters.com/FullQuote.aspx?ticker=R.N target=/stocks/quickinfo/fullquote""&gt;R.N&lt;/A&gt; on Monday  reported an increase in quarterly net profit amid increased  demand for transport services, especially in its fleet  management division.",0.10090255737304688,0.5627539157867432,2,3,2,55,"Successful"
"[[US]] Airways Pilots Approve 18 Pay [[Cut]]  Five-year, \$1.8 billion cost-cutting contract approved Thursday also reduces retirement benefits, increases work hours and eliminates [[retiree]] medical coverage.","[[AMERICANS]] Airways Pilots Approve 18 Pay [[Cu𝚝]]  Five-year, \$1.8 billion cost-cutting contract approved Thursday also reduces retirement benefits, increases work hours and eliminates [[pensioner]] medical coverage.",0.006295144557952881,0.21382606029510498,2,2,2,54,"Failed"
"The video iPod is coming, I hope  [[At]] Tuesday's unveiling of the iPod Photo, Steve Jobs repeated his contention that the iPod is the ""wrong place"" for video. I doubt he'll be saying that a year from now. Missing [[Links]]","The video iPod is coming, I hope  [[A𝚝]] Tuesday's unveiling of the iPod Photo, Steve Jobs repeated his contention that the iPod is the ""wrong place"" for video. I doubt he'll be saying that a year from now. Missing [[Linking]]",0.3107445240020752,0.6995164155960083,3,1,3,45,"Successful"
"Arsenal boss Wenger has keeper [[worries]]  Arsenal bounced back to winning [[ways]] with a comfortable 3-0 victory over struggling Birmingham [[City]] yesterday. A brace from Thierry Henry came after Robert Pires #39; opener, but it was the shaky Premiership [[debut]] ","Arsenal boss Wenger has keeper [[ԝorries]]  Arsenal bounced back to winning [[wyas]] with a comfortable 3-0 victory over struggling Birmingham [[Ci𝚝y]] yesterday. A brace from Thierry Henry came after Robert Pires #39; opener, but it was the shaky Premiership [[deut]] ",0.010109663009643555,0.13879364728927612,1,1,1,78,"Failed"
"Hornets' Davis [[Out]] with Back Injury (Reuters)  [[Reuters]] - New Orleans Hornets guard\Baron Davis is expected to be sidelined one-to-two weeks\because of a lower back [[injury]].","Hornets' Davis [[Ou𝚝]] with Back Injury (Reuters)  [[Reuterѕ]] - New Orleans Hornets guard\Baron Davis is expected to be sidelined one-to-two weeks\because of a lower back [[lesion]].",0.0005398392677307129,0.0051003098487854,1,1,1,56,"Failed"
"Milan Mandaric statement   quot;Over the past two-and-a-half years the football club have currently paid 11.5million on transfer fees, loan fees and appearance [[payments]] to [[clubs]] for 25 [[players]].","Milan Mandaric statement   quot;Over the past two-and-a-half years the football club have currently paid 11.5million on transfer fees, loan fees and appearance [[installment]] to [[culbs]] for 25 [[рlayers]].",0.3170783519744873,0.4276517629623413,1,1,1,84,"Failed"
"Crude Oil Ekes Out Small Bounce   SINGAPORE (Reuters) - Battered oil prices struggled on  Friday to shake off this week's \$6 slump, edging up from a  12-week low after a massive round of selling triggered by  easing worries about winter supply.","Crude Oil Ekes Out Small Bounce   SINGAPORE (Reuters) - Battered oil prices struggled on  Friday to shake off this week's \$6 slump, edging up from a  12-week low after a massive round of selling triggered by  easing worries about winter supply.",0.9870261549949646,0.9870261549949646,3,3,2,1,"Skipped"
"First [[Black]] Watch troops move north to Sunni Triangle  BAGHDAD, Iraq An advance party of [[British]] soldiers has arrived at its new base near Baghdad. The small group from the Scottish Black Watch regiment set up base camp south of the capital, according to a pool report made to British media.","First [[Blaϲk]] Watch troops move north to Sunni Triangle  BAGHDAD, Iraq An advance party of [[Britannica]] soldiers has arrived at its new base near Baghdad. The small group from the Scottish Black Watch regiment set up base camp south of the capital, according to a pool report made to British media.",0.18049877882003784,0.5893849730491638,0,1,0,63,"Successful"
"Climax to [[show]] off Avalon to US [[publishers]]   #39;Project Avalon #39; becomes just plain Avalon; developer will [[show]] playable prototype of next-generation shooter to American execs.","Climax to [[shoԝ]] off Avalon to US [[publisherѕ]]   #39;Project Avalon #39; becomes just plain Avalon; developer will [[shoԝ]] playable prototype of next-generation shooter to American execs.",0.2408950924873352,0.5805363655090332,3,1,3,60,"Successful"
"Intel Helps Asian [[PC]] Partners Ship With Linux (TechWeb)  TechWeb - [[Chipmaker]] provides Linux tools to reach growing market there.","Intel Helps Asian [[TEAMS]] Partners Ship With Linux (TechWeb)  TechWeb - [[Chіpmaker]] provides Linux tools to reach growing market there.",0.0033376216888427734,0.023154497146606445,3,3,3,33,"Failed"
"Options expensing delay not enough,say US senators  A group of Republican senators vowed on Thursday to use the closing days of Congress this year to try and [[stop]] accounting [[rulemakers]] from [[requiring]] the expensing of [[stock]] options.","Options expensing delay not enough,say US senators  A group of Republican senators vowed on Thursday to use the closing days of Congress this year to try and [[s𝚝op]] accounting [[ⲅulemakers]] from [[needing]] the expensing of [[s𝚝ock]] options.",0.05952048301696777,0.49069130420684814,2,2,2,79,"Failed"
"[[Memphis]] activates guard Williams  Memphis, TN (Sports Network) - The Memphis Grizzlies on Wednesday activated point guard Jason [[Williams]] from the injured list, while placing guard Antonio Burks on the [[IL]].","[[Knoxville]] activates guard Williams  Memphis, TN (Sports Network) - The Memphis Grizzlies on Wednesday activated point guard Jason [[Hodges]] from the injured list, while placing guard Antonio Burks on the [[ILLINOIS]].",0.00028401613235473633,0.016618967056274414,1,1,1,57,"Failed"
"Lehman aims for players with [[passion]]  AMELIA ISLAND - Tom Lehman had yet to officially take the job as the next US Ryder Cup captain, and already his [[phone]] was [[ringing]].","Lehman aims for players with [[passoin]]  AMELIA ISLAND - Tom Lehman had yet to officially take the job as the next US Ryder Cup captain, and already his [[telefono]] was [[ⲅinging]].",0.010027527809143066,0.12480413913726807,1,1,1,63,"Failed"
"[[Nations]] Use Net to Spy, Plot Attacks Ex-Bush Aide (Reuters)  Reuters - The world's most [[advanced]]\military powers are using the Internet to spy on their enemies\and prepare digital attacks against rogue targets, a leading\[[cyber]] security expert said on Friday.","[[United]] Use Net to Spy, Plot Attacks Ex-Bush Aide (Reuters)  Reuters - The world's most [[progression]]\military powers are using the Internet to spy on their enemies\and prepare digital attacks against rogue targets, a leading\[[cуber]] security expert said on Friday.",0.08093094825744629,0.6965352892875671,3,1,3,71,"Successful"
"Saddam #39;s aides [[set]] to [[go]] on [[trial]]  Trials of some of Saddam Hussein #39;s aides will [[begin]] [[next]] week, Iraqi interim Prime Minister Iyad Allawi said. [[Speaking]] to Iraq #39;s National Council, he did not name the lieutenants that would go on trial or say when Saddam himself would appear in court.","Saddam #39;s aides [[configure]] to [[ɡo]] on [[tral]]  Trials of some of Saddam Hussein #39;s aides will [[begn]] [[nxet]] week, Iraqi interim Prime Minister Iyad Allawi said. [[Spea𝒌ing]] to Iraq #39;s National Council, he did not name the lieutenants that would go on trial or say when Saddam himself would appear in court.",0.017694413661956787,0.43139249086380005,0,0,0,102,"Failed"
"[[Japanese]] Researchers '[[Tap']] [[Mushrooms]] for Rubber (Reuters)  Reuters - Japanese researchers say they have\produced rubber from a natural substance extracted from an\edible, wild mushroom commonly found in the country.","[[Japaոese]] Researchers '[[Tɑp']] [[Mushooms]] for Rubber (Reuters)  Reuters - Japanese researchers say they have\produced rubber from a natural substance extracted from an\edible, wild mushroom commonly found in the country.",0.006735801696777344,0.18730807304382324,3,3,3,55,"Failed"
"Russia #39;s Putin Defends Reforms, Worries About Clans  Russian President Vladimir Putin said on Thursday he had no plans to grab more power or change the constitution when reforming Russia #39;s government structure.","Russia #39;s Putin Defends Reforms, Worries About Clans  Russian President Vladimir Putin said on Thursday he had no plans to grab more power or change the constitution when reforming Russia #39;s government structure.",0.8509682416915894,0.8509682416915894,0,0,2,1,"Skipped"
"[[Pfizer]] Sends Out Update On Drug Bextra  Pfizer Inc. said Friday that it will provide health-care professionals with additional information about its Bextra arthritis drug and that it will conduct further studies to confirm the drug #39;s long-term cardiovascular safety record.","[[Upjohn]] Sends Out Update On Drug Bextra  Pfizer Inc. said Friday that it will provide health-care professionals with additional information about its Bextra arthritis drug and that it will conduct further studies to confirm the drug #39;s long-term cardiovascular safety record.",0.30214637517929077,0.6449727416038513,2,3,2,41,"Successful"
"[[Eagles]] 27, Giants 6  EAST RUTHERFORD, NJ - The Philadelphia Eagles won a fourth consecutive NFC East title by making Eli Manning look very much [[like]] a [[rookie]].","[[Eaɡles]] 27, Giants 6  EAST RUTHERFORD, NJ - The Philadelphia Eagles won a fourth consecutive NFC East title by making Eli Manning look very much [[li𝒌e]] a [[ⲅookie]].",0.00023669004440307617,0.004744768142700195,1,1,1,60,"Failed"
"Martin #39;s Tour de Corse win hands WRC [[title]] to [[Loeb]]  Motorsport.com. Markko Martin dominated the this year #39;s edition of the legendary Tour de Corse rally, the [[14th]] round of the 2004 World Rally Championship.","Martin #39;s Tour de Corse win hands WRC [[𝚝itle]] to [[Sordo]]  Motorsport.com. Markko Martin dominated the this year #39;s edition of the legendary Tour de Corse rally, the [[1Ꮞth]] round of the 2004 World Rally Championship.",0.08609437942504883,0.5225586891174316,1,3,1,57,"Successful"
"MicroStrategy Turnover Draws Analyst Scrutiny  MicroStrategy Inc. said yesterday that president and chief financial officer Eric F. Brown had resigned and that founder Michael J. Saylor would again hold the company's top three jobs, prompting some analysts to raise concerns about the company's stock.","MicroStrategy Turnover Draws Analyst Scrutiny  MicroStrategy Inc. said yesterday that president and chief financial officer Eric F. Brown had resigned and that founder Michael J. Saylor would again hold the company's top three jobs, prompting some analysts to raise concerns about the company's stock.",0.9041024446487427,0.9041024446487427,2,2,3,1,"Skipped"
"Sugar Shane Not so Sweet  (November 21, 2004). Ronald Winky Wright successfully defended his 154 lb. title for the sixth time in the highly [[anticipated]] [[rematch]] with the [[formerly]] sweet Sugar Shane [[Mosley]] ","Sugar Shane Not so Sweet  (November 21, 2004). Ronald Winky Wright successfully defended his 154 lb. title for the sixth time in the highly [[anticipa𝚝ed]] [[contrasts]] with the [[forｍerly]] sweet Sugar Shane [[Msoley]] ",0.004779398441314697,0.12726223468780518,1,1,1,86,"Failed"
"Delta, pilots OK deal  [[Union]] officials representing 7,500 pilots at Delta Air Lines said Wednesday night they have reached a cost-cutting agreement with management, which presumably could halt, or at least ","Delta, pilots OK deal  [[Unioո]] officials representing 7,500 pilots at Delta Air Lines said Wednesday night they have reached a cost-cutting agreement with management, which presumably could halt, or at least ",0.5357312560081482,0.6121280193328857,2,1,2,36,"Successful"
"Blast kills at least three in crowded market in southern &lt;b&gt;...&lt;/b&gt;  MANILA, Philippines At least three [[people]] have been killed and several injured in a powerful explosion at a crowded [[public]] market in the [[southern]] Philippines.","Blast kills at least three in crowded market in southern &lt;b&gt;...&lt;/b&gt;  MANILA, Philippines At least three [[gens]] have been killed and several injured in a powerful explosion at a crowded [[publіc]] market in the [[nan]] Philippines.",0.22641277313232422,0.5163261890411377,0,1,0,71,"Successful"
"Australia comdemns apparent killing of aid worker in Iraq  Australia #39;s Foreign Minister, Alexander Downer, says the apparent murder in Iraq of aid worker, Margaret [[Hassan]], is a [[heinous]] and [[inexcusable]] [[crime]].","Australia comdemns apparent killing of aid worker in Iraq  Australia #39;s Foreign Minister, Alexander Downer, says the apparent murder in Iraq of aid worker, Margaret [[Hasan]], is a [[heinuos]] and [[іnexcusable]] [[cirme]].",0.06653690338134766,0.45436418056488037,0,0,0,83,"Failed"
"Soy-Fertility Risk Downplayed  (WebMD) Eating a diet rich in soy or taking soy supplements probably won #39;t harm a woman #39;s fertility, according to a new study.","Soy-Fertility Risk Downplayed  (WebMD) Eating a diet rich in soy or taking soy supplements probably won #39;t harm a woman #39;s fertility, according to a new study.",0.6820178031921387,0.6820178031921387,1,1,3,1,"Skipped"
"The Newest Hope ; Marriage of Necessity Just Might Work Out  NEW YORK - The TV lights were on, the cameras rolled and the symphony of [[cameras]] flashing in his face blinded [[Pedro]] Martinez - but not for [[long]].","The Newest Hope ; Marriage of Necessity Just Might Work Out  NEW YORK - The TV lights were on, the cameras rolled and the symphony of [[housing]] flashing in his face blinded [[Pieter]] Martinez - but not for [[lang]].",0.04974186420440674,0.6777174472808838,1,3,1,62,"Successful"
"Microsoft sues over fake labels  Microsoft has sued eight US computer resellers who it says bought or sold counterfeit Certificate of Authenticity labels or genuine labels that had been separated from their related software, all in breach of copyright and trade mark laws.","Microsoft sues over fake labels  Microsoft has sued eight US computer resellers who it says bought or sold counterfeit Certificate of Authenticity labels or genuine labels that had been separated from their related software, all in breach of copyright and trade mark laws.",0.74587482213974,0.74587482213974,2,2,3,1,"Skipped"
"Two [[US]] soldiers killed  KABUL -- Two US soldiers died and another was injured when a bomb ripped through their patrol in southern Afghanistan yesterday. The troops were attacked near Deh Rawood, a town 400 km southwest of Kabul where ","Two [[NOUS]] soldiers killed  KABUL -- Two US soldiers died and another was injured when a bomb ripped through their patrol in southern Afghanistan yesterday. The troops were attacked near Deh Rawood, a town 400 km southwest of Kabul where ",0.39658939838409424,0.8007574081420898,0,1,0,34,"Successful"
"Mauresmo confident of LA victory  Amelie Mauresmo insists she can win the Tour Championships this week and finish the year as world number one. The Frenchwoman could overtake Lindsay [[Davenport]] with a [[win]] in [[Los]] [[Angeles]].","Mauresmo confident of LA victory  Amelie Mauresmo insists she can win the Tour Championships this week and finish the year as world number one. The Frenchwoman could overtake Lindsay [[Everett]] with a [[w]] [[in]] in [[Ls]] [[The]].",0.0012679696083068848,0.08463352918624878,1,1,1,74,"Failed"
"[[Federer]] to meet Hewitt in [[Masters]] Cup final  [[Houston]], TX (Sports Network) - World [[No]]. 1 Roger Federer of Switzerland and third-seeded Lleyton [[Hewitt]] each posted straight-set wins and advanced to Sunday #39;s final at the lucrative 2004 Tennis Masters Cup.","[[Federeⲅ]] to meet Hewitt in [[Padrone]] Cup final  [[Hous𝚝on]], TX (Sports Network) - World [[Neither]]. 1 Roger Federer of Switzerland and third-seeded Lleyton [[Hewi𝚝t]] each posted straight-set wins and advanced to Sunday #39;s final at the lucrative 2004 Tennis Masters Cup.",0.0006591677665710449,0.059870123863220215,1,1,1,104,"Failed"
"Adobe Gets High Marks for [[Photo]] Fixes  Among three digital photography repair programs, Adobe Elements is cited as providing the right amount of [[features]] and commands while [[maintaining]] user simplicity.","Adobe Gets High Marks for [[Phоto]] Fixes  Among three digital photography repair programs, Adobe Elements is cited as providing the right amount of [[featuⲅes]] and commands while [[maintɑining]] user simplicity.",0.0238494873046875,0.2658073306083679,3,3,3,69,"Failed"
"Eli [[Lilly]] to Cut [[575]] US Jobs  Eli Lilly and Co. (LLY.N: [[Quote]], Profile, Research) said Thursday it [[plans]] to cut [[575]] jobs, or a little more than 2 percent of its US workforce, in a move to streamline its operations.","Eli [[Leila]] to Cut [[Ƽ75]] US Jobs  Eli Lilly and Co. (LLY.N: [[Citing]], Profile, Research) said Thursday it [[schematics]] to cut [[55]] jobs, or a little more than 2 percent of its US workforce, in a move to streamline its operations.",0.013656854629516602,0.5702704191207886,2,3,2,70,"Successful"
"It's not sitting well with Mientkiewicz  Since his arrival in Boston at the trading deadline, Doug [[Mientkiewicz]] has bought into the Red Sox' [[team]] concept, accepting his [[role]] as a [[defensive]] replacement.","It's not sitting well with Mientkiewicz  Since his arrival in Boston at the trading deadline, Doug [[Mientkiewicᴢ]] has bought into the Red Sox' [[𝚝eam]] concept, accepting his [[rol]] as a [[defensivе]] replacement.",0.031127989292144775,0.5389833450317383,1,3,1,73,"Successful"
"Coleman Enjoys Fulhams Battling Display  [[Fulham]] manager Chris Coleman was delighted with his side #39;s second-half performance, which brought them a hard-earned point in a 1-1 [[draw]] against [[Manchester]] United at Craven [[Cottage]].","Coleman Enjoys Fulhams Battling Display  [[Fulhɑm]] manager Chris Coleman was delighted with his side #39;s second-half performance, which brought them a hard-earned point in a 1-1 [[draԝ]] against [[Manches𝚝er]] United at Craven [[Co𝚝tage]].",0.0015801191329956055,0.08996391296386719,1,1,1,77,"Failed"
"This week in open-source news  [[Adobe]] quietly begins testing the waters to [[increase]] its involvement in [[desktop]] Linux. Also: Open-source Web browsers Mozilla and Firefox [[post]] gains over Microsoft's Internet Explorer.","This week in open-source news  [[Aԁobe]] quietly begins testing the waters to [[incⲅease]] its involvement in [[desk𝚝op]] Linux. Also: Open-source Web browsers Mozilla and Firefox [[pos𝚝]] gains over Microsoft's Internet Explorer.",0.03468853235244751,0.2757519483566284,3,3,3,76,"Failed"
"[[ATI]] launches [[chipset]] for AMD [[desktops]]  [[ATI]] Technologies on Monday delivered the Radeon Xpress 200, a new chipset for desktops using Advanced Micro Devices #39; Athlon 64 and other eighth-generation processors.","[[AI]] launches [[chipse𝚝]] for AMD [[des𝒌tops]]  [[AI]] Technologies on Monday delivered the Radeon Xpress 200, a new chipset for desktops using Advanced Micro Devices #39; Athlon 64 and other eighth-generation processors.",0.0029889345169067383,0.1730632781982422,3,3,3,47,"Failed"
"Automakers sue California over emissions  FRESNO, Calif. -- Automobile manufacturers sued on Tuesday to block the world #39;s toughest vehicle emissions standards, adopted by California regulators in September to cut greenhouse gases.","Automakers sue California over emissions  FRESNO, Calif. -- Automobile manufacturers sued on Tuesday to block the world #39;s toughest vehicle emissions standards, adopted by California regulators in September to cut greenhouse gases.",0.9322465658187866,0.9322465658187866,3,3,2,1,"Skipped"
"[[Microsoft]] reworks antispam spec to silence critics  com [[October]] 25, 2004, 6:49 PM PT. This priority retains its ranking at number five as more and more [[companies]] [[deploy]] [[Web]] Services to share business logic, data and processes with each other and with clients.","[[Microѕoft]] reworks antispam spec to silence critics  com [[Oϲtober]] 25, 2004, 6:49 PM PT. This priority retains its ranking at number five as more and more [[companіes]] [[deplоy]] [[Online]] Services to share business logic, data and processes with each other and with clients.",0.06687676906585693,0.5180226564407349,3,3,3,96,"Failed"
"NASA  #39;scramjet #39; makes [[historic]] [[flight]] off California  LOS ANGELES NASA #39;s unmanned  quot;scramjet quot; proved it #39;s small but it #39;s fast -- in a record-breaking [[demonstration]] above the Pacific Ocean.","NASA  #39;scramjet #39; makes [[his𝚝oric]] [[airplane]] off California  LOS ANGELES NASA #39;s unmanned  quot;scramjet quot; proved it #39;s small but it #39;s fast -- in a record-breaking [[manifestation]] above the Pacific Ocean.",0.31721484661102295,0.5271121859550476,3,1,3,74,"Successful"
"Board with Mukesh: Reliance  Mumbai, Nov. 26: Mukesh Ambani apparently commands the full support of the [[board]] on all recent decisions, including the controversial one that elevated him to the final authority in the group.","Board with Mukesh: Reliance  Mumbai, Nov. 26: Mukesh Ambani apparently commands the full support of the [[bard]] on all recent decisions, including the controversial one that elevated him to the final authority in the group.",0.15416932106018066,0.6177978515625,2,1,2,35,"Successful"
"Liberty Alliance names [[first]] [[director]], new members  The Liberty Alliance Project signalled that it [[expects]] to have longevity when it comes to developing and promoting federated identity standards by naming its [[first]] executive director on Monday.","Liberty Alliance names [[fiⲅst]] [[superintendent]], new members  The Liberty Alliance Project signalled that it [[expeϲts]] to have longevity when it comes to developing and promoting federated identity standards by naming its [[premiere]] executive director on Monday.",0.10797762870788574,0.6844990253448486,3,1,3,78,"Successful"
"Fellowship of the [[Customized]]  Ring Tone  [[In]] a short time, in a public way -- while on Metro, or in line at Starbucks, or inside a movie theater -- [[ring]] tones signal who you are. Or who you want people to think you are.&lt;FONT face=""verdana,MS Sans Serif,arial,helvetica"" size=""-2"" color=""#666666""&gt;&lt;B&gt;-The Washington [[Post]]&lt;/B&gt;&lt;/FONT&gt;","Fellowship of the [[Cus𝚝omized]]  Ring Tone  [[At]] a short time, in a public way -- while on Metro, or in line at Starbucks, or inside a movie theater -- [[rinɡ]] tones signal who you are. Or who you want people to think you are.&lt;FONT face=""verdana,MS Sans Serif,arial,helvetica"" size=""-2"" color=""#666666""&gt;&lt;B&gt;-The Washington [[Position]]&lt;/B&gt;&lt;/FONT&gt;",0.21616095304489136,0.6506717205047607,3,1,3,117,"Successful"
"[[FireFox]] [[Roars]] from the Gates  [[Tuesday]], November 9, 2004 will likely go down in the history books as the day the browser wars officially started. Obviously things happened before today to get us to the point where there was a real, legitimate ","[[FiⲅeFox]] [[Raors]] from the Gates  [[Yesterday]], November 9, 2004 will likely go down in the history books as the day the browser wars officially started. Obviously things happened before today to get us to the point where there was a real, legitimate ",0.15658754110336304,0.5444939732551575,3,1,3,57,"Successful"
"Colombia reveals [[plot]] to assassinate Bush  Colombian rebels plotted to [[assassinate]] George Bush during his brief stopover in the port of Cartagena last week, according to the country #39;s defence minister.","Colombia reveals [[pot]] to assassinate Bush  Colombian rebels plotted to [[murder]] George Bush during his brief stopover in the port of Cartagena last week, according to the country #39;s defence minister.",0.13898557424545288,0.534644603729248,0,1,0,52,"Successful"
"[[Congress]] [[Asks]] SEC for Mutual Fund Study (Reuters)  [[Reuters]] - The U.S. Congress asked the\[[Securities]] and Exchange Commission on Saturday to send\lawmakers a report justifying a new rule forcing mutual fund\boards to have independent chairmen.","[[Coոgress]] [[Akss]] SEC for Mutual Fund Study (Reuters)  [[Newsday]] - The U.S. Congress asked the\[[Headlines]] and Exchange Commission on Saturday to send\lawmakers a report justifying a new rule forcing mutual fund\boards to have independent chairmen.",0.06115925312042236,0.5388843417167664,2,2,2,83,"Failed"
"[[Company]] launches Windows-only [[JFK]] [[Assassination]] [[game]] via online &lt;b&gt;...&lt;/b&gt;   quot;A spokesman for the president #39;s brother, Sen. Edward M. Kennedy, D-Mass., called the game  #39;despicable. #39; The Glasgow-based firm Traffic said  quot;JFK Reloaded quot; was an educational  quot;docu-game quot; that would help disprove conspiracy theories about Kennedy #39;s death.","[[Coｍpany]] launches Windows-only [[JK]] [[Asѕassination]] [[jeu]] via online &lt;b&gt;...&lt;/b&gt;   quot;A spokesman for the president #39;s brother, Sen. Edward M. Kennedy, D-Mass., called the game  #39;despicable. #39; The Glasgow-based firm Traffic said  quot;JFK Reloaded quot; was an educational  quot;docu-game quot; that would help disprove conspiracy theories about Kennedy #39;s death.",0.231390118598938,0.6599254608154297,3,0,3,101,"Successful"
"Update 8: Crude Oil Futures Sink to \$46 Per Barrel  December delivery crude on the New York Mercantile Exchange dropped 76 cents to \$46.11 per barrel. The benchmark light, sweet crude remained about \$8 a barrel cheaper than its closing record of \$55.17 recorded Oct. 22 and Oct. 26.","Update 8: Crude Oil Futures Sink to \$46 Per Barrel  December delivery crude on the New York Mercantile Exchange dropped 76 cents to \$46.11 per barrel. The benchmark light, sweet crude remained about \$8 a barrel cheaper than its closing record of \$55.17 recorded Oct. 22 and Oct. 26.",0.9241834878921509,0.9241834878921509,3,3,2,1,"Skipped"
"[[Stocks]] Up After Sears Deal, HP Earnings   NEW YORK (Reuters) - U.S. stocks ended higher on Wednesday  after Kmart's plan to buy Sears in an \$11.5 billion deal was  announced and computer maker Hewlett-Packard Co. &lt;A HREF=""http://www.investor.reuters.com/FullQuote.aspx?ticker=HPQ.N target=/stocks/quickinfo/fullquote""&gt;HPQ.N&lt;/A&gt; posted  solid earnings.","[[Inventory]] Up After Sears Deal, HP Earnings   NEW YORK (Reuters) - U.S. stocks ended higher on Wednesday  after Kmart's plan to buy Sears in an \$11.5 billion deal was  announced and computer maker Hewlett-Packard Co. &lt;A HREF=""http://www.investor.reuters.com/FullQuote.aspx?ticker=HPQ.N target=/stocks/quickinfo/fullquote""&gt;HPQ.N&lt;/A&gt; posted  solid earnings.",0.47427958250045776,0.7253758907318115,2,3,2,68,"Successful"
"[[Plane]] [[crash]] [[kills]] 10 close to racing  MARTINSVILLE, Va. -- [[A]] Hendrick Motorsports plane crashed yesterday on its [[way]] to a NASCAR race, killing all 10 people aboard, including the son, brother and two nieces of the owner of one of auto racing's most successful organizations.","[[Aeroplanes]] [[crah]] [[kiⅼls]] 10 close to racing  MARTINSVILLE, Va. -- [[une]] Hendrick Motorsports plane crashed yesterday on its [[path]] to a NASCAR race, killing all 10 people aboard, including the son, brother and two nieces of the owner of one of auto racing's most successful organizations.",0.15246295928955078,0.4979037642478943,1,1,1,92,"Failed"
"[[Tesco]] To Sell Downloadable Tunes  Tesco aint daft, theyve done the insurance blag and now they getting stuck into the music downloading service. They will be the first supermarket to enter a market that is worth over 25million and is currently dominated by the Apple run iTunes.","[[Asda]] To Sell Downloadable Tunes  Tesco aint daft, theyve done the insurance blag and now they getting stuck into the music downloading service. They will be the first supermarket to enter a market that is worth over 25million and is currently dominated by the Apple run iTunes.",0.09327208995819092,0.692721962928772,3,2,3,41,"Successful"
"Holyfield #39;s effort to unify heavyweight title [[running]] out of time  Evander Holyfield just doesn #39;t get it. He #39;s beyond old for a fighter and seemingly hasn #39;t been able to [[punch]] his [[way]] out of a paper [[bag]] in [[years]].","Holyfield #39;s effort to unify heavyweight title [[runninɡ]] out of time  Evander Holyfield just doesn #39;t get it. He #39;s beyond old for a fighter and seemingly hasn #39;t been able to [[keying]] his [[camino]] out of a paper [[rucksack]] in [[уears]].",0.019029438495635986,0.38141047954559326,1,1,1,82,"Failed"
"mmO2: i-mode launch [[looks]] [[certain]]  mmO2 and NTT DoCoMo are reportedly planning to launch a UK i-mode mobile service. November 26, 2004 4:35 PM GMT (Datamonitor) - The much-touted tie-up between NTT DoCoMo and mmO2 to bring i-mode mobile content to the UK [[looks]] to be a [[done]] [[deal]].","mmO2: i-mode launch [[appears]] [[ceⲅtain]]  mmO2 and NTT DoCoMo are reportedly planning to launch a UK i-mode mobile service. November 26, 2004 4:35 PM GMT (Datamonitor) - The much-touted tie-up between NTT DoCoMo and mmO2 to bring i-mode mobile content to the UK [[seems]] to be a [[dnoe]] [[dеal]].",0.018917202949523926,0.5612587928771973,3,3,3,99,"Failed"
"Panel: U.S. Must Diversify Oil Supplies   WASHINGTON (Reuters) - The United States must  diversify  its global oil supplies, expand a world network of strategic  petroleum reserves and raise fuel efficiency standards to  ensure its energy security, a panel of experts will recommend  on Wednesday.","Panel: U.S. Must Diversify Oil Supplies   WASHINGTON (Reuters) - The United States must  diversify  its global oil supplies, expand a world network of strategic  petroleum reserves and raise fuel efficiency standards to  ensure its energy security, a panel of experts will recommend  on Wednesday.",0.940798819065094,0.940798819065094,3,3,2,1,"Skipped"
"Fresh violence mars [[Afghan]] [[vote]] count  A deadly [[explosion]] has [[hit]] a car carrying an election worker in southeastern Afghanistan. In all, five people were killed, including the worker identified as a local physician who helped organize the vote.","Fresh violence mars [[Afɡhan]] [[ѵote]] count  A deadly [[expⅼosion]] has [[հit]] a car carrying an election worker in southeastern Afghanistan. In all, five people were killed, including the worker identified as a local physician who helped organize the vote.",0.01691538095474243,0.09388047456741333,0,0,0,77,"Failed"
"England held up in Zimbabwe  Zimbabwe held up [[England]] #[[39]];s charge as they battled to avert a series whitewash in the fourth one-day international in Bulawayo [[today]].","England held up in Zimbabwe  Zimbabwe held up [[Anglia]] #[[3৭]];s charge as they battled to avert a series whitewash in the fourth one-day international in Bulawayo [[𝚝oday]].",0.0050550103187561035,0.2168412208557129,1,1,1,46,"Failed"
"Rocky Legends; Tony Hawk's Underground 2; Nisus Writer Express 2.0; Surfsaver 6  This is the second Rocky video game in two years -- even though it's been 14 years since the last ""Rocky"" flick.","Rocky Legends; Tony Hawk's Underground 2; Nisus Writer Express 2.0; Surfsaver 6  This is the second Rocky video game in two years -- even though it's been 14 years since the last ""Rocky"" flick.",0.8923099040985107,0.8923099040985107,1,1,3,1,"Skipped"
"[[Microsoft]] Issues IE Patch  (Article Central) Microsoft released its October batch of security advisories this week, with a number of  quot;critical quot; patches, including a significant fix for the [[Internet]] [[Explorer]] [[browser]].","[[Windows]] Issues IE Patch  (Article Central) Microsoft released its October batch of security advisories this week, with a number of  quot;critical quot; patches, including a significant fix for the [[Cyber]] [[Exploreⲅ]] [[broԝser]].",0.00960475206375122,0.14383620023727417,3,3,3,83,"Failed"
"Trade Gap [[Swells]] [[More]] [[Than]] Expected  The US trade deficit widened nearly 9 percent in October to a record \$55.5 billion as sky-high oil prices helped propel imports into uncharted territory, the [[government]] said on Tuesday.","Trade Gap [[Swelⅼs]] [[Moⲅe]] [[Afterwards]] Expected  The US trade deficit widened nearly 9 percent in October to a record \$55.5 billion as sky-high oil prices helped propel imports into uncharted territory, the [[administrations]] said on Tuesday.",0.01939225196838379,0.2797499895095825,2,2,2,79,"Failed"
"[[ASEAN]] to push Australia, New Zealand to sign non-aggression [[pact]] (AFP)  AFP - Southeast Asian foreign ministers said they [[would]] encourage Australia and New Zealand to accede to a non-aggression pact with their 10-nation ASEAN group that South [[Korea]] signed.","[[ASEN]] to push Australia, New Zealand to sign non-aggression [[pɑct]] (AFP)  AFP - Southeast Asian foreign ministers said they [[wouⅼd]] encourage Australia and New Zealand to accede to a non-aggression pact with their 10-nation ASEAN group that South [[Han]] signed.",0.1180608868598938,0.501305341720581,0,0,0,66,"Failed"
"[[NASA]] [[Cancels]] Hypersonic Flight  NASA scrubbed its mission Monday to launch a pilotless plane that is capable of flying at 10 times the speed of sound. The launch of the [[X-43A]] was canceled due to technical problems.","[[NAA]] [[Cancel]] Hypersonic Flight  NASA scrubbed its mission Monday to launch a pilotless plane that is capable of flying at 10 times the speed of sound. The launch of the [[X-Ꮞ3A]] was canceled due to technical problems.",0.1794438362121582,0.5544718503952026,3,1,3,50,"Successful"
"Game Daze:  #39;Grand Theft Auto: San Andreas, #39;  #39;Midway Arcade &lt;b&gt;...&lt;/b&gt;  It #39;s violent. It #39;s profane and politically incorrect. It #39;s packed wall to wall with tough thugs doing terrible things.","Game Daze:  #39;Grand Theft Auto: San Andreas, #39;  #39;Midway Arcade &lt;b&gt;...&lt;/b&gt;  It #39;s violent. It #39;s profane and politically incorrect. It #39;s packed wall to wall with tough thugs doing terrible things.",0.9987145066261292,0.9987145066261292,1,1,3,1,"Skipped"
"Ironman winner confirms she used drug  Nina Kraft, winner of last month #39;s Ironman Triathlon World Championship in Hawai #39;i, [[acknowledged]] yesterday that she had used the [[banned]] endurance-boosting [[drug]] [[EPO]].","Ironman winner confirms she used drug  Nina Kraft, winner of last month #39;s Ironman Triathlon World Championship in Hawai #39;i, [[ac𝒌nowledged]] yesterday that she had used the [[banneԁ]] endurance-boosting [[dⲅug]] [[EO]].",0.004317641258239746,0.16636443138122559,1,1,1,83,"Failed"
"Tigers #39; challenge: Win out or lose out  Satchel Paige [[said]] don #39;t look back because something [[might]] be [[gaining]] on you. Satch was a baseball pitcher, not a [[football]] coach.","Tigers #39; challenge: Win out or lose out  Satchel Paige [[siad]] don #39;t look back because something [[possibly]] be [[gainng]] on you. Satch was a baseball pitcher, not a [[fоotball]] coach.",0.04201066493988037,0.1388787031173706,1,1,1,73,"Failed"
"AUBURN 21, ALABAMA 13 Auburn #39;s Strong Second Half Keeps It in &lt;b&gt;...&lt;/b&gt;  For one half Saturday, the controversy over the Bowl Championship Series looked like it might disappear in the [[dampness]] of Bryant-Denny [[Stadium]] as undefeated [[Auburn]] found itself in a [[fight]] with [[archrival]] [[Alabama]].","AUBURN 21, ALABAMA 13 Auburn #39;s Strong Second Half Keeps It in &lt;b&gt;...&lt;/b&gt;  For one half Saturday, the controversy over the Bowl Championship Series looked like it might disappear in the [[humid]] of Bryant-Denny [[Gymnasium]] as undefeated [[Luminous]] found itself in a [[fgiht]] with [[arcհrival]] [[Alaska]].",0.012514293193817139,0.20101279020309448,1,1,1,118,"Failed"
"UPDATE 1-Ronaldinho strikes to give [[Barca]] win over Milan  A brilliant late strike from Ronaldinho [[gave]] dominant [[Barcelona]] a 2-1 win over AC Milan in an epic Champions League contest at the Nou Camp on [[Tuesday]].","UPDATE 1-Ronaldinho strikes to give [[Skiff]] win over Milan  A brilliant late strike from Ronaldinho [[given]] dominant [[Madrid]] a 2-1 win over AC Milan in an epic Champions League contest at the Nou Camp on [[Yesterday]].",0.00033283233642578125,0.005650460720062256,1,1,1,78,"Failed"
"Top [[Cyber]] News 12/9  It #39;s a clash between the film industry and a consumer electronics company over a home theater jukebox. The legal battle is over something called the Kaleidescape System.","Top [[Internet]] News 12/9  It #39;s a clash between the film industry and a consumer electronics company over a home theater jukebox. The legal battle is over something called the Kaleidescape System.",0.30626583099365234,0.5847128629684448,3,2,3,35,"Successful"
"Kidnappers may [[extend]] deadline  Militants holding three UN workers hostage in Afghanistan have [[offered]] to consider extending a three-day deadline for their beheading.","Kidnappers may [[ex𝚝end]] deadline  Militants holding three UN workers hostage in Afghanistan have [[offeⲅed]] to consider extending a three-day deadline for their beheading.",0.03325706720352173,0.5566720962524414,0,1,0,45,"Successful"
"A Sneak Peek at Trillian 3.0 Instant Messaging  The popular [[IM]] consolidation service [[adds]] audio and video chat.","A Sneak Peek at Trillian 3.0 Instant Messaging  The popular [[HAYASHI]] consolidation service [[ɑdds]] audio and video chat.",0.0039504170417785645,0.08802485466003418,3,3,3,33,"Failed"
"Court bars MCI from making payments  A federal court Wednesday barred No. 2 US long-distance carrier MCI Inc. from making further [[payments]] to cover more than \$25 million in [[unauthorized]] expenses [[related]] to [[bankruptcy]] of predecessor WorldCom.","Court bars MCI from making payments  A federal court Wednesday barred No. 2 US long-distance carrier MCI Inc. from making further [[remittance]] to cover more than \$25 million in [[unlawful]] expenses [[relɑted]] to [[flop]] of predecessor WorldCom.",0.014994323253631592,0.23151785135269165,2,2,2,95,"Failed"
"Internet pioneer closes Manitoba pharmacy; blames dollar, uncertain climate (Canadian Press)  Canadian Press - WINNIPEG (CP) - Just one year ago, Mark Rzepka was opening a  #36;1-million Internet pharmacy in the small Manitoba town of Niverville believing he would be able to quadruple his staff within 12 months.","Internet pioneer closes Manitoba pharmacy; blames dollar, uncertain climate (Canadian Press)  Canadian Press - WINNIPEG (CP) - Just one year ago, Mark Rzepka was opening a  #36;1-million Internet pharmacy in the small Manitoba town of Niverville believing he would be able to quadruple his staff within 12 months.",0.939224123954773,0.939224123954773,3,3,0,1,"Skipped"
"Poll: I was right to let Henry score  Referee [[Graham]] Poll has [[insisted]] that he acted within the laws of the game when he allowed Thierry [[Henry]] to take a quick free-kick [[yesterday]].","Poll: I was right to let Henry score  Referee [[Burgess]] Poll has [[insis𝚝ed]] that he acted within the laws of the game when he allowed Thierry [[Heոry]] to take a quick free-kick [[уesterday]].",0.010795116424560547,0.03233027458190918,1,1,1,77,"Failed"
"Costecu [[Makes]] It Two  Denisa [[Costescu]] [[follows]] up her victory in Indianapolis on Saturday with another win at the Veteran's Day 10K Sunday in Washington.","Costecu [[Ma𝒌es]] It Two  Denisa [[Costescս]] [[persisted]] up her victory in Indianapolis on Saturday with another win at the Veteran's Day 10K Sunday in Washington.",0.001873314380645752,0.06661832332611084,1,1,1,52,"Failed"
"[[NCAA]] Notifies Baylor  Baylor received its notice of allegations Thursday from the NCAA about infractions in its [[men's]] basketball program discovered after the death of player Patrick [[Dennehy]].","[[HUSKIES]] Notifies Baylor  Baylor received its notice of allegations Thursday from the NCAA about infractions in its [[mens]] basketball program discovered after the death of player Patrick [[Denneհy]].",0.01990187168121338,0.16979658603668213,1,1,1,41,"Failed"
"Sluman, Byrd split lead; many bubbles burst  Jeff Sluman and Jonathan Byrd were tied for the lead at the Chrysler Championship, both [[knowing]] the tournament really doesn #[[39]];t [[start]] until the [[weekend]].","Sluman, Byrd split lead; many bubbles burst  Jeff Sluman and Jonathan Byrd were tied for the lead at the Chrysler Championship, both [[konwing]] the tournament really doesn #[[Ʒ9]];t [[satrt]] until the [[weekly]].",0.003064751625061035,0.14069098234176636,1,1,1,65,"Failed"
"UK minister visits Arafat grave  [[UK]] Foreign Secretary Jack Straw lays a [[wreath]] at the grave of [[former]] Palestinian Leader Yasser Arafat.","UK minister visits Arafat grave  [[BRITANNICA]] Foreign Secretary Jack Straw lays a [[cigar]] at the grave of [[forｍer]] Palestinian Leader Yasser Arafat.",0.029222607612609863,0.6576233506202698,0,1,0,50,"Successful"
"Nortel financial filings could be [[delayed]] into 2005  Less than a week after it launched a media blitz to boost its [[image]], Nortel Networks Ltd. postponed yet again the release of its financial [[statements]], underlining the company #39;s challenges to steer out of the ","Nortel financial filings could be [[delays]] into 2005  Less than a week after it launched a media blitz to boost its [[picture]], Nortel Networks Ltd. postponed yet again the release of its financial [[speeches]], underlining the company #39;s challenges to steer out of the ",0.2581871747970581,0.5574755668640137,2,3,2,70,"Successful"
"[[Tensions]] surge in Haiti  PORT-AU-PRINCE, Haiti - Heavy gunfire erupted [[yesterday]] when police [[streamed]] into a slum stronghold of ousted President Jean-Bertrand Aristide.","[[Voltage]] surge in Haiti  PORT-AU-PRINCE, Haiti - Heavy gunfire erupted [[yesteⲅday]] when police [[streaming]] into a slum stronghold of ousted President Jean-Bertrand Aristide.",0.08505076169967651,0.5277613401412964,0,1,0,63,"Successful"
"[[HONDA]] [[LINKED]] WITH [[BAR]] [[TAKEOVER]]  BAR #39;s engine partner Honda is believed to be interested in purchasing the Brackley team and a deal could be done within the next 12 months.","[[HODNA]] [[CONNECTED]] WITH [[BR]] [[TAKOEVER]]  BAR #39;s engine partner Honda is believed to be interested in purchasing the Brackley team and a deal could be done within the next 12 months.",0.17204487323760986,0.5390545129776001,1,1,1,50,"Failed"
"FDA Warns Cyberonics on Manufacturing   CHICAGO (Reuters) - U.S. regulators warned Cyberonics Inc.  &lt;A HREF=""http://www.investor.reuters.com/FullQuote.aspx?ticker=CYBX.O target=/stocks/quickinfo/fullquote""&gt;CYBX.O&lt;/A&gt; of manufacturing deficiencies at the Houston plant  that makes its sole product, an implantable device to treat  epilepsy, the company said on Monday.","FDA Warns Cyberonics on Manufacturing   CHICAGO (Reuters) - U.S. regulators warned Cyberonics Inc.  &lt;A HREF=""http://www.investor.reuters.com/FullQuote.aspx?ticker=CYBX.O target=/stocks/quickinfo/fullquote""&gt;CYBX.O&lt;/A&gt; of manufacturing deficiencies at the Houston plant  that makes its sole product, an implantable device to treat  epilepsy, the company said on Monday.",0.8109252452850342,0.8109252452850342,3,3,2,1,"Skipped"
"Danish group #39;s [[gift]] criticized  A Danish group has [[caused]] controversy in [[Colombia]] by publicly donating money to the country #39;s largest Marxist guerrilla organization.","Danish group #39;s [[gfit]] criticized  A Danish group has [[ϲaused]] controversy in [[Coolmbia]] by publicly donating money to the country #39;s largest Marxist guerrilla organization.",0.22385627031326294,0.7841240167617798,0,1,0,59,"Successful"
"Wilson well placed in Mexico [[City]]  [[Britain]] #[[39]];s Justin Wilson was fourth in first qualifying for the final Champ Car race of the season in Mexico City. [[Wilson]] is looking to end his season on a high [[note]] after missing out on the rookie #39;s [[title]] to AJ Allmendinger.","Wilson well placed in Mexico [[Ci𝚝y]]  [[Briatin]] #[[Ʒ9]];s Justin Wilson was fourth in first qualifying for the final Champ Car race of the season in Mexico City. [[Wright]] is looking to end his season on a high [[nte]] after missing out on the rookie #39;s [[designation]] to AJ Allmendinger.",0.014919817447662354,0.4712986946105957,1,1,1,93,"Failed"
"Dollar Dives to Record Low Vs. Euro   LONDON (Reuters) - The dollar crashed through key barriers  to a record low on the euro and a 7-month low on the yen on  Wednesday, as concern mounted a forthcoming G20 finance  ministers' meeting would do little to halt its slide.","Dollar Dives to Record Low Vs. Euro   LONDON (Reuters) - The dollar crashed through key barriers  to a record low on the euro and a 7-month low on the yen on  Wednesday, as concern mounted a forthcoming G20 finance  ministers' meeting would do little to halt its slide.",0.8696275353431702,0.8696275353431702,3,3,2,1,"Skipped"
"Yen Rises Vs Dollar Despite Japan Data   TOKYO (Reuters) - The yen advanced against the dollar on  Friday, shrugging off weak third-quarter growth figures for  Japan as market worries persisted about the huge U.S. deficits.","Yen Rises Vs Dollar Despite Japan Data   TOKYO (Reuters) - The yen advanced against the dollar on  Friday, shrugging off weak third-quarter growth figures for  Japan as market worries persisted about the huge U.S. deficits.",0.9143606424331665,0.9143606424331665,3,3,2,1,"Skipped"
"China Closes 1,600 Internet Cafes in Crackdown  China shut 1,600 Internet cafes between February and August and imposed \$12.1 million worth of fines for allowing children to play violent or adult-only games and other violations, state media said.","China Closes 1,600 Internet Cafes in Crackdown  China shut 1,600 Internet cafes between February and August and imposed \$12.1 million worth of fines for allowing children to play violent or adult-only games and other violations, state media said.",0.7809428572654724,0.7809428572654724,1,1,3,1,"Skipped"
"[[Wizards']] Kwame Brown [[Suspended]] One Game (AP)  [[AP]] - The Washington Wizards suspended Kwame Brown for one game Thursday for his actions during the previous night's game against Denver.","[[Wiards']] Kwame Brown [[Interrupted]] One Game (AP)  [[HECTARES]] - The Washington Wizards suspended Kwame Brown for one game Thursday for his actions during the previous night's game against Denver.",0.0010585188865661621,0.018809795379638672,1,1,1,52,"Failed"
"Iran Suspends [[Key]] [[Nuclear]] Work to Avoid Sanctions  Iran on Monday froze sensitive nuclear work including uranium enrichment in a move likely to [[thwart]] [[US]] efforts to report the Islamic state to the UN Security Council for possible sanctions.","Iran Suspends [[Kеy]] [[Nucⅼear]] Work to Avoid Sanctions  Iran on Monday froze sensitive nuclear work including uranium enrichment in a move likely to [[𝚝hwart]] [[NOUS]] efforts to report the Islamic state to the UN Security Council for possible sanctions.",0.009915709495544434,0.321896493434906,0,0,0,69,"Failed"
"A suicide bombing killed 3 people in a crowded Tel Aviv market &lt;b&gt;...&lt;/b&gt;  A suicide [[bombing]] [[killed]] at [[least]] five [[people]] and seriously [[injured]] more than 30 others in a crowded Tel Aviv open-air market. Injured shoppers were [[treated]] on the ground, as vegetables were strewn on the pavement.","A suicide bombing killed 3 people in a crowded Tel Aviv market &lt;b&gt;...&lt;/b&gt;  A suicide [[bobing]] [[killd]] at [[leaѕt]] five [[citizens]] and seriously [[lesion]] more than 30 others in a crowded Tel Aviv open-air market. Injured shoppers were [[𝚝reated]] on the ground, as vegetables were strewn on the pavement.",0.10529035329818726,0.3938676118850708,0,0,0,120,"Failed"
"Oil Downturn Deepens as Supplies Swell   LONDON (Reuters) - Oil on Tuesday extended a price slide  that has cut 12 percent from record highs in two weeks as  growing signs of ample supply eases concerns over fuel stocks  for the northern winter.","Oil Downturn Deepens as Supplies Swell   LONDON (Reuters) - Oil on Tuesday extended a price slide  that has cut 12 percent from record highs in two weeks as  growing signs of ample supply eases concerns over fuel stocks  for the northern winter.",0.9666617512702942,0.9666617512702942,3,3,2,1,"Skipped"
"GM, DaimlerChrysler plan hybrid cars  SOUTHFIELD, MICHIGAN: General Motors Corp and DaimlerChrysler AG will jointly develop a petroleum-electric power system to catch up with Toyota Motor Corp and Honda Motor Co in so-called hybrid vehicles that save fuel and cut tailpipe emissions.","GM, DaimlerChrysler plan hybrid cars  SOUTHFIELD, MICHIGAN: General Motors Corp and DaimlerChrysler AG will jointly develop a petroleum-electric power system to catch up with Toyota Motor Corp and Honda Motor Co in so-called hybrid vehicles that save fuel and cut tailpipe emissions.",0.9997314810752869,0.9997314810752869,3,3,2,1,"Skipped"
"[[Iran]] Says EU Nuke Negotiations in Final Stages   [[TEHRAN]] (Reuters) - Iran's negotiations with the European  Union over a deal which would spare Tehran from possible [[U]].N.  sanctions over its nuclear program are in their [[final]] stages,  Iran said Saturday.","[[Ian]] Says EU Nuke Negotiations in Final Stages   [[THERAN]] (Reuters) - Iran's negotiations with the European  Union over a deal which would spare Tehran from possible [[oder]].N.  sanctions over its nuclear program are in their [[𝚏inal]] stages,  Iran said Saturday.",0.013903319835662842,0.4252920150756836,0,0,0,63,"Failed"
"New York Unveils Last, Best Bid to Gain the [[Olympics]] in 2012  Leaders of the NYC2012 committee highlighted New York's advantages in multiculturalism, money and media power.","New York Unveils Last, Best Bid to Gain the [[Medalist]] in 2012  Leaders of the NYC2012 committee highlighted New York's advantages in multiculturalism, money and media power.",0.22270232439041138,0.5851762294769287,1,2,1,35,"Successful"
"Voters Checking Out Other Sides' Sites  Are right-leaning voters spending all their online time on Rushlimbaugh.com? Are left-leaning voters locked into the like-minded Talkingpointsmemo.com?","Voters Checking Out Other Sides' Sites  Are right-leaning voters spending all their online time on Rushlimbaugh.com? Are left-leaning voters locked into the like-minded Talkingpointsmemo.com?",0.9186257719993591,0.9186257719993591,0,0,3,1,"Skipped"
"[[Sun]] [[Unveils]] Next Generation Client [[Technology]]  SANTA CLARA, Calif., Dec. 13 /PRNewswire-FirstCall/ -- Sun Microsystems, Inc. (NASDAQ:SUNW) today unveiled its next generation Sun Ray(TM) Server Software 3.0 an interoperable, [[platform]] that enables instant ","[[Sn]] [[Unveilѕ]] Next Generation Client [[Technical]]  SANTA CLARA, Calif., Dec. 13 /PRNewswire-FirstCall/ -- Sun Microsystems, Inc. (NASDAQ:SUNW) today unveiled its next generation Sun Ray(TM) Server Software 3.0 an interoperable, [[platfoⲅm]] that enables instant ",0.020979583263397217,0.33573436737060547,3,3,3,85,"Failed"
"Investors put 1.[[5bn]] tag on Kidde  Shareholders in Kidde, the fire protection group, have indicated they [[would]] be [[prepared]] to [[sell]] out if United Technologies Corporation (UTC), the US industrial conglomerate ","Investors put 1.[[5n]] tag on Kidde  Shareholders in Kidde, the fire protection group, have indicated they [[ԝould]] be [[prepaⲅed]] to [[slel]] out if United Technologies Corporation (UTC), the US industrial conglomerate ",0.031871259212493896,0.2363181710243225,2,2,2,65,"Failed"
"Steel [[stocks]] soar as shortages are biting  Steel shares hit seven-year highs yesterday after Nissan said the metal is in short supply in Japan. US Steel rose \$3.30, or 7, to \$51.25, while Nucor surged \$2.90 to \$54.05, an all-time high.","Steel [[stoϲks]] soar as shortages are biting  Steel shares hit seven-year highs yesterday after Nissan said the metal is in short supply in Japan. US Steel rose \$3.30, or 7, to \$51.25, while Nucor surged \$2.90 to \$54.05, an all-time high.",0.27385079860687256,0.5922365188598633,2,3,2,47,"Successful"
"Star Wars Battlefront; Sly 2: Band of Thieves; MacFamily Tree 4.0.6  Hearing a Jar Jar Binks-lookalike Gungan yell ""Meesa gonna die!"" as my droid tank shot him point-blank may have been the best part of this game.","Star Wars Battlefront; Sly 2: Band of Thieves; MacFamily Tree 4.0.6  Hearing a Jar Jar Binks-lookalike Gungan yell ""Meesa gonna die!"" as my droid tank shot him point-blank may have been the best part of this game.",0.9292376041412354,0.9292376041412354,1,1,3,1,"Skipped"
"[[Computer]] Associates [[Launches]] PestPatrol  Computer Associates is releasing eTrust PestPatrol Anti-Spyware r5, aimed at consumers and small businesses, and [[based]] on technology CA obtained when it bought anti-spyware provider PestPatrol two months [[ago]].","[[Calculators]] Associates [[Launϲhes]] PestPatrol  Computer Associates is releasing eTrust PestPatrol Anti-Spyware r5, aimed at consumers and small businesses, and [[base]] on technology CA obtained when it bought anti-spyware provider PestPatrol two months [[aɡo]].",0.005636930465698242,0.30369454622268677,3,3,3,77,"Failed"
"Sources: Sprint, Nextel closing in on \$36B deal  Sprint Corp. is in advanced talks to buy Nextel Communications Inc. for more than \$36 billion in a mostly stock deal, sources familiar with the situation said today.","Sources: Sprint, Nextel closing in on \$36B deal  Sprint Corp. is in advanced talks to buy Nextel Communications Inc. for more than \$36 billion in a mostly stock deal, sources familiar with the situation said today.",0.8796619176864624,0.8796619176864624,2,2,3,1,"Skipped"
"U.S. Impressive in World [[Cup]] [[Qualifying]] ([[AP]])  [[AP]] - Just because the United States has stormed through its regional qualifying for the next World Cup does not mean the Americans are a world soccer power.","U.S. Impressive in World [[Copa]] [[Permissible]] ([[HECTARES]])  [[APS]] - Just because the United States has stormed through its regional qualifying for the next World Cup does not mean the Americans are a world soccer power.",0.0416836142539978,0.21170443296432495,1,1,1,56,"Failed"
"Auburn is likely the odd team out  [[Auburn]] has put together one of the [[greatest]] [[years]] in [[school]] history, claiming a spot in today #39;s Southeastern Conference title game against No.","Auburn is likely the odd team out  [[Luminous]] has put together one of the [[greɑtest]] [[olds]] in [[tuition]] history, claiming a spot in today #39;s Southeastern Conference title game against No.",0.010236859321594238,0.1364818811416626,1,1,1,73,"Failed"
"LIPPI LAMENTS LACK OF [[FIXTURES]]  Italy [[coach]] Marcello Lippi claimed he was frustrated that the Azzurri had no more World Cup qualifiers before the new year after the 4-3 win over Belarus [[saw]] the Italians claim top [[spot]] in [[Group]] Five.","LIPPI LAMENTS LACK OF [[FXITURES]]  Italy [[coch]] Marcello Lippi claimed he was frustrated that the Azzurri had no more World Cup qualifiers before the new year after the 4-3 win over Belarus [[sw]] the Italians claim top [[spo𝚝]] in [[Clusters]] Five.",0.02914518117904663,0.4433588981628418,1,1,1,80,"Failed"
"[[Baseball]] Owners Set to Approve Expos Sale (AP)  [[AP]] - The proposed move of the Montreal Expos to Washington is set to be approved when baseball owners meet Thursday in [[Chicago]].","[[Basebaⅼl]] Owners Set to Approve Expos Sale (AP)  [[PA]] - The proposed move of the Montreal Expos to Washington is set to be approved when baseball owners meet Thursday in [[Cհicago]].",0.028375327587127686,0.3664085865020752,1,1,1,55,"Failed"
"[[Nokia]] sees strong demand for smartphones and [[camera]] [[phones]] in [[2005]]  Nokia has forecast that smartphone shipments worldwide are expected to increase to 238 million units by 2008, up from 23 million this year, according to Anssi Vanjoki, executive vice president and general manager of multimedia at [[Nokia]].","[[Nokiɑ]] sees strong demand for smartphones and [[cameⲅa]] [[phoոes]] in [[ᒿ005]]  Nokia has forecast that smartphone shipments worldwide are expected to increase to 238 million units by 2008, up from 23 million this year, according to Anssi Vanjoki, executive vice president and general manager of multimedia at [[Blackberry]].",0.0025603771209716797,0.2547234892845154,3,3,3,87,"Failed"
"[[Stelco]] [[Loses]] Contract to Supply GM [[Steel]] (Reuters)  [[Reuters]] - Stelco Inc.\(STEa.TO) has lost a contract to supply steel to General Motors\Inc. , its biggest customer, because the [[insolvent]]\Canadian steelmaker failed to strike a deal with its workers,\the union at Stelco said on Monday.","[[Steco]] [[Looses]] Contract to Supply GM [[S𝚝eel]] (Reuters)  [[Reuterѕ]] - Stelco Inc.\(STEa.TO) has lost a contract to supply steel to General Motors\Inc. , its biggest customer, because the [[insolevnt]]\Canadian steelmaker failed to strike a deal with its workers,\the union at Stelco said on Monday.",0.09388822317123413,0.6080691814422607,2,3,2,91,"Successful"
"First credit rating for Serbia  19:50 November 01  Dow Jones  LONDON -- Monday -- Serbia reached a milestone on the road to economic stability Monday, as its first-ever credit rating opened the way for a return to international credit markets.","First credit rating for Serbia  19:50 November 01  Dow Jones  LONDON -- Monday -- Serbia reached a milestone on the road to economic stability Monday, as its first-ever credit rating opened the way for a return to international credit markets.",0.7720928192138672,0.7720928192138672,0,0,2,1,"Skipped"
"Dance pair out with injury  Olympic ice dancing hopefuls Loren Galler-Rabinowitz and [[David]] Mitchell of the Skating Club of Boston will be sidelined for the remainder of the season because of a [[shoulder]] injury to [[Mitchell]] that will [[require]] surgery.","Dance pair out with injury  Olympic ice dancing hopefuls Loren Galler-Rabinowitz and [[Dao]] Mitchell of the Skating Club of Boston will be sidelined for the remainder of the season because of a [[ѕhoulder]] injury to [[Mi𝚝chell]] that will [[ⲅequire]] surgery.",0.004713475704193115,0.03846383094787598,1,1,1,77,"Failed"
"Warne takes six but India establish handy lead (Reuters)  Reuters - World test wicket record holder Shane Warne grabbed six wickets as India established a handy 141-run first innings lead in the second test on Saturday.","Warne takes six but India establish handy lead (Reuters)  Reuters - World test wicket record holder Shane Warne grabbed six wickets as India established a handy 141-run first innings lead in the second test on Saturday.",0.9999701380729675,0.9999701380729675,1,1,0,1,"Skipped"
"[[Coca-Cola]] [[Bottling]] #39;s 3Q Profit Drops  [[Coca-Cola]] Bottling Co. [[Consolidated]], the Coca-Cola Co. #[[39]];s major bottler and distributor in the Southeast, said Wednesday that third-quarter profit fell as bad weather, high fuel prices and fewer promotions led to lower volume.","[[Coc-aCola]] [[Suffocation]] #39;s 3Q Profit Drops  [[CocaCola]] Bottling Co. [[Consolіdated]], the Coca-Cola Co. #[[Ʒ9]];s major bottler and distributor in the Southeast, said Wednesday that third-quarter profit fell as bad weather, high fuel prices and fewer promotions led to lower volume.",0.15041279792785645,0.4393818974494934,2,2,2,87,"Failed"
"Skulls on your Symbian phone? [[Don]] #39;t [[panic]]!  PETALING JAYA: Virus experts at British software security firm Sophos Plc have advised customers not to panic, following media reports of a [[Trojan]] horse which infects cellphones.","Skulls on your Symbian phone? [[Gifts]] #39;t [[paniϲ]]!  PETALING JAYA: Virus experts at British software security firm Sophos Plc have advised customers not to panic, following media reports of a [[Troy]] horse which infects cellphones.",0.27483904361724854,0.730798602104187,3,1,3,59,"Successful"
"Closing Arguments [[In]] [[Enron]] Barge Trial  Houston -- Prosecutors claim six [[executives]] conspired to push through a 1999 sham sale of barges because they didn #39;t think they #39;d get caught.","Closing Arguments [[Iո]] [[Enroո]] Barge Trial  Houston -- Prosecutors claim six [[cadres]] conspired to push through a 1999 sham sale of barges because they didn #39;t think they #39;d get caught.",0.192083477973938,0.8050926923751831,2,1,2,57,"Successful"
"Karp team won't buy Fan [[Pier]]  For the second time in less than two months, a prospective [[buyer]] of the [[prime]] Fan Pier [[land]] in South Boston has pulled out of a deal.","Karp team won't buy Fan [[Piеr]]  For the second time in less than two months, a prospective [[bueyr]] of the [[prima]] Fan Pier [[earth]] in South Boston has pulled out of a deal.",0.11028826236724854,0.6743130683898926,2,3,2,75,"Successful"
"Product Previews  palmOneUpgrades Treo With Faster Chip, Better Display\With more than 600,000 units shipped, the Treo 600 is one of the big smartphone success stories. Last week, palmOne introduced the follow-on Treo 650 with a higher resolution 320-by-320-pixel TFT screen, which the company claims increases the visible area of the display and makes pictures and documents much clearer. The 650 also carries a removable battery; 32MB of flash memory, and a faster 312MHz, Intel XScale processor. Improved multimedia features include a built-in MP3 player, a digital camera with improved low-light capabilities, as well as video capture and playback functionality. Products are expected to ship by years end from some carriers who will add their own services, and will be priced at about \$499.\ Treo 650, palmOne","Product Previews  palmOneUpgrades Treo With Faster Chip, Better Display\With more than 600,000 units shipped, the Treo 600 is one of the big smartphone success stories. Last week, palmOne introduced the follow-on Treo 650 with a higher resolution 320-by-320-pixel TFT screen, which the company claims increases the visible area of the display and makes pictures and documents much clearer. The 650 also carries a removable battery; 32MB of flash memory, and a faster 312MHz, Intel XScale processor. Improved multimedia features include a built-in MP3 player, a digital camera with improved low-light capabilities, as well as video capture and playback functionality. Products are expected to ship by years end from some carriers who will add their own services, and will be priced at about \$499.\ Treo 650, palmOne",0.9560126066207886,0.9560126066207886,3,3,2,1,"Skipped"
"Iran, EU Negotiators [[Seek]] [[Nuke]] [[Agreement]] (AP)  AP - A key U.N. atomic agency meeting adjourned for the weekend, giving Iran time to consider a total freeze of a program that could make weapons grade uranium and for delegates to decide on further steps in policing [[Tehran's]] nuclear [[activities]].","Iran, EU Negotiators [[Sek]] [[Nu𝒌e]] [[Agreemen𝚝]] (AP)  AP - A key U.N. atomic agency meeting adjourned for the weekend, giving Iran time to consider a total freeze of a program that could make weapons grade uranium and for delegates to decide on further steps in policing [[Tehran`s]] nuclear [[efforts]].",0.0022847652435302734,0.09589743614196777,0,0,0,99,"Failed"
"Protesters Denounce APEC Summit in Chile  Thousands of protesters marched peacefully through downtown Santiago on Friday, expressing anger at a weekend summit of Pacific Rim leaders, particularly President Bush. But [[violence]] later erupted at a rock concert.","Protesters Denounce APEC Summit in Chile  Thousands of protesters marched peacefully through downtown Santiago on Friday, expressing anger at a weekend summit of Pacific Rim leaders, particularly President Bush. But [[bestiality]] later erupted at a rock concert.",0.22164899110794067,0.619902491569519,0,1,0,44,"Successful"
"South African [[Miner]] in Hostile Bid for Gold [[Fields]]  Harmony Gold Mining, the largest miner of South African [[gold]], made a hostile bid yesterday to acquire Gold Fields Ltd., another South African miner, for 52.","South African [[Mnier]] in Hostile Bid for Gold [[Fileds]]  Harmony Gold Mining, the largest miner of South African [[goⅼd]], made a hostile bid yesterday to acquire Gold Fields Ltd., another South African miner, for 52.",0.0583835244178772,0.595989465713501,2,3,2,63,"Successful"
"Castro Appears on TV Wearing an Arm Sling  Five days after falling and fracturing a knee and an [[arm]], Cuban President Fidel Castro appeared on television on Monday with his arm in a sling to [[announce]] Cuba will [[end]] circulation of the [[US]] [[dollar]].","Castro Appears on TV Wearing an Arm Sling  Five days after falling and fracturing a knee and an [[ɑrm]], Cuban President Fidel Castro appeared on television on Monday with his arm in a sling to [[anonunce]] Cuba will [[enԁ]] circulation of the [[NOUS]] [[usd]].",0.0006885528564453125,0.5348786115646362,0,0,0,80,"Failed"
"New Crew Prepares For Space Station Duty  CAPE CANAVERAL, Fla. -- A new crew is aboard the International Space Station Wednesday preparing to take over command of the orbiting outpost.","New Crew Prepares For Space Station Duty  CAPE CANAVERAL, Fla. -- A new crew is aboard the International Space Station Wednesday preparing to take over command of the orbiting outpost.",0.8278310894966125,0.8278310894966125,1,1,3,1,"Skipped"
"Santander Takeover of Abbey Approved by UK #[[39]];s FSA (Update1)  [[The]] UK #39;s Financial Services [[Authority]] approved Santander Central [[Hispano]] SA #39;s 9.4 billion-pound (\$[[17]].4 billion) takeover of Abbey National Plc, paving the way for Europe #39;s biggest cross-border bank merger.","Santander Takeover of Abbey Approved by UK #[[Ʒ9]];s FSA (Update1)  [[To]] UK #39;s Financial Services [[Permission]] approved Santander Central [[Hispnao]] SA #39;s 9.4 billion-pound (\$[[l7]].4 billion) takeover of Abbey National Plc, paving the way for Europe #39;s biggest cross-border bank merger.",0.25472986698150635,0.5254353880882263,2,2,2,74,"Failed"
"[[Delta]] Pilots [[Ratify]] Concession [[Package]] (Reuters)  [[Reuters]] - Pilots at Delta Air Lines Inc. \on Thursday ratified a concession package that will save the\carrier  #[[36]];1 billion a year, in a move the company hopes will buy\it time to restructure outside of bankruptcy.","[[Triangle]] Pilots [[Rtaify]] Concession [[Packɑge]] (Reuters)  [[Journalist]] - Pilots at Delta Air Lines Inc. \on Thursday ratified a concession package that will save the\carrier  #[[Ʒ6]];1 billion a year, in a move the company hopes will buy\it time to restructure outside of bankruptcy.",0.019999206066131592,0.3874267339706421,2,2,2,82,"Failed"
"Oil Company on [[Trial]] in [[Madagascar]] Over Pollution (Reuters)  Reuters - The operator of [[Madagascar's]]\privatized oil refinery went on trial on Tuesday, accused of\polluting the environment around the Indian Ocean island's main\international port, officials said.","Oil Company on [[Tryouts]] in [[Lemur]] Over Pollution (Reuters)  Reuters - The operator of [[Madagasca'rs]]\privatized oil refinery went on trial on Tuesday, accused of\polluting the environment around the Indian Ocean island's main\international port, officials said.",0.12131667137145996,0.6227573156356812,3,0,3,70,"Successful"
"[[Harrison]] keeps title for fifth time  [[GLASGOW]] - Scotland #39;s Scott [[Harrison]] successfully defended his WBO [[featherweight]] title for a fifth time with a farcical first-round stoppage of Swedish-based Ethiopian Samuel Kebede on Saturday.","[[Jackson]] keeps title for fifth time  [[NOTTINGHAM]] - Scotland #39;s Scott [[Roberts]] successfully defended his WBO [[undercard]] title for a fifth time with a farcical first-round stoppage of Swedish-based Ethiopian Samuel Kebede on Saturday.",0.002738356590270996,0.03717601299285889,1,1,1,81,"Failed"
"US [[Treasuries]] [[slip]] lower ahead of new supply  Treasuries slipped lower on Monday as investors positioned themselves to absorb \$51 billion of new supply this week ahead of an expected Federal Reserve increase in official interest rates.","US [[Tesoro]] [[slіp]] lower ahead of new supply  Treasuries slipped lower on Monday as investors positioned themselves to absorb \$51 billion of new supply this week ahead of an expected Federal Reserve increase in official interest rates.",0.12550640106201172,0.7343353629112244,2,1,2,55,"Successful"
"[[Interpublic]] [[Posts]] Wider 3Q [[Loss]]  Interpublic Group of Cos., the world #39;s [[third-largest]] ad conglomerate, said Wednesday that third-quarter losses widened significantly on increased charges as well as greater salary and severance costs.","[[Inetrpublic]] [[Position]] Wider 3Q [[Lost]]  Interpublic Group of Cos., the world #39;s [[third-largeѕt]] ad conglomerate, said Wednesday that third-quarter losses widened significantly on increased charges as well as greater salary and severance costs.",0.020742356777191162,0.1990986466407776,2,2,2,76,"Failed"
"Abbas Escapes Gaza Shooting [[Unharmed]] (AP)  AP - Mahmoud Abbas, the temporary successor to Yasser [[Arafat]], escaped unharmed Sunday when militants firing assault rifles burst into a mourning tent for the deceased Palestinian leader, killing two security guards and wounding six other people.","Abbas Escapes Gaza Shooting [[Safe]] (AP)  AP - Mahmoud Abbas, the temporary successor to Yasser [[Yasser]], escaped unharmed Sunday when militants firing assault rifles burst into a mourning tent for the deceased Palestinian leader, killing two security guards and wounding six other people.",0.27670377492904663,0.5547370910644531,0,1,0,60,"Successful"
"Secretary Rumsfeld Remarks En [[Route]] to El Salvador  SEC. RUMSFELD: As you know, were going to be stopping in El Salvador and Nicaragua and Panama and Ecuador. The first stops will be visits to the places, particularly El Salvador and Nicaragua - countries ","Secretary Rumsfeld Remarks En [[Rote]] to El Salvador  SEC. RUMSFELD: As you know, were going to be stopping in El Salvador and Nicaragua and Panama and Ecuador. The first stops will be visits to the places, particularly El Salvador and Nicaragua - countries ",0.18202775716781616,0.6130139827728271,0,3,0,40,"Successful"
"Loeb forced out of rally  ESTONIA #39;s Markko Martin [[took]] the Rally of Catalonia lead [[today]] after newly-crowned world champion Sebastien Loeb, the overnight leader, was forced out of the race with a [[severe]] [[oil]] leak.","Loeb forced out of rally  ESTONIA #39;s Markko Martin [[too𝒌]] the Rally of Catalonia lead [[toԁay]] after newly-crowned world champion Sebastien Loeb, the overnight leader, was forced out of the race with a [[utmost]] [[petroleum]] leak.",0.017450690269470215,0.3279263973236084,1,1,1,70,"Failed"
"[[Haywood]] suspended for three games  NEW YORK - Brendan Haywood of the Washington Wizards was suspended for three games by the NBA [[yesterday]] for [[fighting]] during a pre-season game against the Chicago [[Bulls]].","[[Hɑywood]] suspended for three games  NEW YORK - Brendan Haywood of the Washington Wizards was suspended for three games by the NBA [[yetserday]] for [[figհting]] during a pre-season game against the Chicago [[Oops]].",0.0006967782974243164,0.053325116634368896,1,1,1,77,"Failed"
"R.I.P. Gary Webb -- Unembedded Reporter  The finest journalist ever to get fired for telling the truth is dead at age 49. The official cause of death on the death certificate will be suicide. But, as we shall see, he had much help getting to that point. The story of the life and death of Gary Webb says much about the state of American politics and what passes as ""journalism"" in today's America. ","R.I.P. Gary Webb -- Unembedded Reporter  The finest journalist ever to get fired for telling the truth is dead at age 49. The official cause of death on the death certificate will be suicide. But, as we shall see, he had much help getting to that point. The story of the life and death of Gary Webb says much about the state of American politics and what passes as ""journalism"" in today's America. ",0.9984166026115417,0.9984166026115417,0,0,3,1,"Skipped"
"Shah Rukh Khan apologises to Buddhist monks  COLOMBO: Bollywood superstar Shah Rukh Khan has apologised to [[Sri]] Lanka #39;s protesting Buddhist monks for the timing of his mega concert here, which coincides with the death anniversary of a popular priest, but said the show will go on.","Shah Rukh Khan apologises to Buddhist monks  COLOMBO: Bollywood superstar Shah Rukh Khan has apologised to [[Lanka]] Lanka #39;s protesting Buddhist monks for the timing of his mega concert here, which coincides with the death anniversary of a popular priest, but said the show will go on.",0.5418217778205872,0.6451758146286011,0,1,0,39,"Successful"
"Coors' Donation to Own Campaign Draws Ire (AP)  AP - A  #36;500,000 donation by Republican beer baron Pete Coors to his own Senate campaign has triggered a new federal law that eases fund-raising restrictions for his Democratic opponent.","Coors' Donation to Own Campaign Draws Ire (AP)  AP - A  #36;500,000 donation by Republican beer baron Pete Coors to his own Senate campaign has triggered a new federal law that eases fund-raising restrictions for his Democratic opponent.",0.9517489075660706,0.9517489075660706,1,1,0,1,"Skipped"
"[[Older]] [[mobiles]] may cause tumours: study  The Institute of Environmental Medicine (IMM) at Karolinska Institute in Sweden found no indications of risk for less than 10 years of usage.","[[Elder]] [[movable]] may cause tumours: study  The Institute of Environmental Medicine (IMM) at Karolinska Institute in Sweden found no indications of risk for less than 10 years of usage.",0.30046308040618896,0.6575160026550293,3,1,3,47,"Successful"
"Cassini photos leaves some mysteries  Cassini #39;s latest sweep past Saturn #39;s moon Titan revealed more intriguing pictures of the surface but left many mysteries intact.","Cassini photos leaves some mysteries  Cassini #39;s latest sweep past Saturn #39;s moon Titan revealed more intriguing pictures of the surface but left many mysteries intact.",0.9735302925109863,0.9735302925109863,1,1,3,1,"Skipped"
"[[Yahoo]] Battles [[Google]] for [[The]] [[Cell]] [[Phone]]  Yahoo added a search feature for cell phones Wednesday, just a few weeks after rival Google launched one of its own. While Google SMS (Short Message Service) uses text-only messages to deliver its results, Yahoo #39;s ","[[Eliyahu]] Battles [[Googⅼe]] for [[Du]] [[Battery]] [[Phones]]  Yahoo added a search feature for cell phones Wednesday, just a few weeks after rival Google launched one of its own. While Google SMS (Short Message Service) uses text-only messages to deliver its results, Yahoo #39;s ",0.13812589645385742,0.5040733814239502,3,3,3,84,"Failed"
"Bond game fails to shake or stir  GoldenEye: Rogue Action fails to deliver on the promise of its name and struggles to generate the original's massive sense of fun.","Bond game fails to shake or stir  GoldenEye: Rogue Action fails to deliver on the promise of its name and struggles to generate the original's massive sense of fun.",0.871552050113678,0.871552050113678,1,1,3,1,"Skipped"
"Pinkel reinstates Damien Nash  Missouri tailback Damien Nash was reinstated by coach Gary Pinkel, ending a one-game suspension for the teams #[[39]]; [[leading]] [[rusher]].","Pinkel reinstates Damien Nash  Missouri tailback Damien Nash was reinstated by coach Gary Pinkel, ending a one-game suspension for the teams #[[Ʒ9]]; [[ⅼeading]] [[rusհer]].",0.0022801756858825684,0.026399314403533936,1,1,1,46,"Failed"
"BT to buy Infonet for US\$965mil  BERLIN: BT Group Plc, Britain #39;s largest phone company, plans to buy Infonet Services Corp. for US\$965mil to add a data network spanning more than 180 countries.","BT to buy Infonet for US\$965mil  BERLIN: BT Group Plc, Britain #39;s largest phone company, plans to buy Infonet Services Corp. for US\$965mil to add a data network spanning more than 180 countries.",0.8761357665061951,0.8761357665061951,3,3,2,1,"Skipped"
"Don King Productions Presents:  quot;Battle For Supremacy quot;  On [[Saturday]] November 13th, ten misfits, nomads and upstarts seek to [[wage]] war or settle the score at the famed Madison Square Garden in New York, [[New]] [[York]].","Don King Productions Presents:  quot;Battle For Supremacy quot;  On [[Satuⲅday]] November 13th, ten misfits, nomads and upstarts seek to [[wge]] war or settle the score at the famed Madison Square Garden in New York, [[Newest]] [[Yorke]].",0.038802504539489746,0.16043347120285034,1,1,1,76,"Failed"
"[[Weyerhaeuser]] [[Profit]] Up   [[NEW]] [[YORK]] (Reuters) - Weyerhaeuser Co.'s  quarterly profit  rose sharply on a large gain from the sale of timberlands in  Georgia and it set tender offers to reduce as much as \$700  million in [[debt]], the company said on Friday.","[[Weyerhaeuseⲅ]] [[Profi𝚝]] Up   [[NOUVEAU]] [[YORKER]] (Reuters) - Weyerhaeuser Co.'s  quarterly profit  rose sharply on a large gain from the sale of timberlands in  Georgia and it set tender offers to reduce as much as \$700  million in [[religion]], the company said on Friday.",0.00776439905166626,0.5553809404373169,2,2,2,78,"Failed"
"Police [[Remove]] Checkpoints Around Capitol (AP)  AP - Police checkpoints that have surrounded the Capitol since last August were gone [[Thursday]] following a postelection decision by authorities to lower the threat level.","Police [[Remvoe]] Checkpoints Around Capitol (AP)  AP - Police checkpoints that have surrounded the Capitol since last August were gone [[Tuesday]] following a postelection decision by authorities to lower the threat level.",0.21811223030090332,0.6056077480316162,0,1,0,50,"Successful"
"Beckham returns to England [[squad]] for Spain [[game]]  [[David]] Beckham, out for a month with broken ribs, was named by Sven-Goran Eriksson to England #39;s team for its friendly match on Wednesday against [[Spain]] at Real Madrid #39;s Santiago Bernabeu [[Stadium]].","Beckham returns to England [[squadron]] for Spain [[gaming]]  [[Dao]] Beckham, out for a month with broken ribs, was named by Sven-Goran Eriksson to England #39;s team for its friendly match on Wednesday against [[Sрain]] at Real Madrid #39;s Santiago Bernabeu [[S𝚝adium]].",0.005739808082580566,0.1476060152053833,1,1,1,87,"Failed"
"Anwar Begins [[Malaysia]] Political Comeback  Malaysia #39;s most charismatic dissident Anwar Ibrahim, released from jail two months ago, kicked off his political comeback Sunday, [[vowing]] to [[restart]] a campaign for democratic reforms and racial equality.","Anwar Begins [[Ma]] Political Comeback  Malaysia #39;s most charismatic dissident Anwar Ibrahim, released from jail two months ago, kicked off his political comeback Sunday, [[voԝing]] to [[restar𝚝]] a campaign for democratic reforms and racial equality.",0.18038660287857056,0.5659995675086975,0,1,0,69,"Successful"
"Newest [[video]] games gun to be No. 1  Voters apparently weren #39;t the only ones willing to stand in long lines. The release of this year #39;s two hottest video games - Grand Theft Auto: San Andreas, and Halo 2 - had gamers lined up at stores across the nation to pick up their pre-ordered games.","Newest [[vidеo]] games gun to be No. 1  Voters apparently weren #39;t the only ones willing to stand in long lines. The release of this year #39;s two hottest video games - Grand Theft Auto: San Andreas, and Halo 2 - had gamers lined up at stores across the nation to pick up their pre-ordered games.",0.15880811214447021,0.6902927756309509,3,1,3,50,"Successful"
"82 still missing in Chinese mine blast  XINMI, China -- Desperate to know their loved ones' fates, grieving relatives scuffled with guards yesterday at the scene of [[China's]] worst [[mining]] accident this year as rescue workers pulled more bodies out of a mine shaft choked with [[poison]] gas.","82 still missing in Chinese mine blast  XINMI, China -- Desperate to know their loved ones' fates, grieving relatives scuffled with guards yesterday at the scene of [[Cհina's]] worst [[extraction]] accident this year as rescue workers pulled more bodies out of a mine shaft choked with [[poiѕon]] gas.",0.03779321908950806,0.6671594381332397,0,3,0,69,"Successful"
"Microsoft Opens Software Development Center in India (Update3)  Microsoft Corp., the world #39;s largest software maker, will hire several hundred #39; #39; people in the next year at its development center in India, expanding its workforce of 800, Chief Executive Steve Ballmer said.","Microsoft Opens Software Development Center in India (Update3)  Microsoft Corp., the world #39;s largest software maker, will hire several hundred #39; #39; people in the next year at its development center in India, expanding its workforce of 800, Chief Executive Steve Ballmer said.",0.8011435270309448,0.8011435270309448,3,3,2,1,"Skipped"
"[[Agassi]] advances in [[Madrid]], Henman eliminated  Top seed Tim Henman suffered a 6-4,4-6, 6-2 defeat to Croatian Ivan Ljubicic in the Madrid Masters on Thursday as Andre Agassi advanced to the quarter-finals with a 6-1,6-3 [[victory]] over [[Vincent]] [[Spadea]].","[[Agasѕi]] advances in [[Spaniards]], Henman eliminated  Top seed Tim Henman suffered a 6-4,4-6, 6-2 defeat to Croatian Ivan Ljubicic in the Madrid Masters on Thursday as Andre Agassi advanced to the quarter-finals with a 6-1,6-3 [[ѵictory]] over [[Vincen𝚝]] [[Spaea]].",0.0033993124961853027,0.19361615180969238,1,1,1,85,"Failed"
"Void is filled with Clement  With the supply of attractive pitching options dwindling daily -- they lost Pedro Martinez to the Mets, missed on Tim Hudson, and are resigned to Randy Johnson becoming a Yankee -- the Red Sox struck again last night, coming to terms with free agent Matt Clement on a [[three-year]] [[deal]] that will pay the righthander in the [[neighborhood]] of \$25 ...","Void is filled with Clement  With the supply of attractive pitching options dwindling daily -- they lost Pedro Martinez to the Mets, missed on Tim Hudson, and are resigned to Randy Johnson becoming a Yankee -- the Red Sox struck again last night, coming to terms with free agent Matt Clement on a [[tհree-year]] [[del]] that will pay the righthander in the [[neighborհood]] of \$25 ...",0.32797008752822876,0.6940056085586548,1,3,1,83,"Successful"
"News: Banks prepare for ATM cyber crime  An industry and law enforcement group hopes to prevent Windows XP-based cash machines from inspiring ""the next wave of [[ATM]] [[crime]].""\","News: Banks prepare for ATM cyber crime  An industry and law enforcement group hopes to prevent Windows XP-based cash machines from inspiring ""the next wave of [[ABM]] [[cⲅime]].""\",0.24821704626083374,0.6250516176223755,3,2,3,43,"Successful"
"Studios to sue pirates  Hollywood studios plan to file hundreds of lawsuits this month against people who illegally share movies online, industry representatives said Thursday.","Studios to sue pirates  Hollywood studios plan to file hundreds of lawsuits this month against people who illegally share movies online, industry representatives said Thursday.",0.9297240376472473,0.9297240376472473,2,2,3,1,"Skipped"
"Lehman hoping third time is a charm  [[Tied]] for the lead in what was shaping up as another shootout at Disney, Tom [[Lehman]] believes he has experience on his side. Not from the last 12 years, but the [[last]] [[three]] [[weeks]].","Lehman hoping third time is a charm  [[Linked]] for the lead in what was shaping up as another shootout at Disney, Tom [[Schwab]] believes he has experience on his side. Not from the last 12 years, but the [[lɑst]] [[c]] [[zhou]].",0.0025545358657836914,0.4239567518234253,1,1,1,83,"Failed"
"Target Earns \$537 Million  Target Corp. , the [[No]]. 2 US discount retailer, on Thursday posted a higher quarterly profit on stronger [[sales]] and gains from [[selling]] its [[Mervyn]] #39;s department store chain, and forecast 2004 would end well.","Target Earns \$537 Million  Target Corp. , the [[Neither]]. 2 US discount retailer, on Thursday posted a higher quarterly profit on stronger [[sell]] and gains from [[sold]] its [[Alistair]] #39;s department store chain, and forecast 2004 would end well.",0.004893064498901367,0.3868536353111267,2,2,2,75,"Failed"
"Cuts offered, issue remains tax or cap  The union #39;s proposal to end the lockout, made Thursday at the league #39;s Canadian headquarters, calls for a tax that would penalize -- and perhaps deter -- high-end payrolls.","Cuts offered, issue remains tax or cap  The union #39;s proposal to end the lockout, made Thursday at the league #39;s Canadian headquarters, calls for a tax that would penalize -- and perhaps deter -- high-end payrolls.",0.8623707294464111,0.8623707294464111,2,2,1,1,"Skipped"
"Analysis: US heating [[oil]] guides NYMEX  The price of oil futures jumped sharply Wednesday when a disappointing decline in the US heating-oil supply trumped growth in the crude stockpile.","Analysis: US heating [[petroleum]] guides NYMEX  The price of oil futures jumped sharply Wednesday when a disappointing decline in the US heating-oil supply trumped growth in the crude stockpile.",0.5035364627838135,0.6374227404594421,2,3,2,32,"Successful"
"Rivera was a corner stone for Ruiz  NEW YORK -- For a [[time]] [[Saturday]] night, John [[Ruiz]] was ready to give up.","Rivera was a corner stone for Ruiz  NEW YORK -- For a [[tie]] [[Satսrday]] night, John [[Royce]] was ready to give up.",0.109119713306427,0.46827930212020874,1,1,1,50,"Failed"
"No. 17 [[Rutgers]] Stops South Dakota State (AP)  [[AP]] - Freshman guard Matee Ajavon scored 29 points to lead Rutgers over South Dakota State 68-50 on [[Thursday]] in the opening game of the [[Paradise]] Jam tournament in the U.S. [[Virgin]] Islands.","No. 17 [[Purdue]] Stops South Dakota State (AP)  [[HECTARES]] - Freshman guard Matee Ajavon scored 29 points to lead Rutgers over South Dakota State 68-50 on [[Wednesday]] in the opening game of the [[Ciel]] Jam tournament in the U.S. [[Blank]] Islands.",0.0008409023284912109,0.10946130752563477,1,1,1,92,"Failed"
" #39;Breakthrough #39; on hydrogen fuel  US scientists had made a [[breakthrough]] in their quest to make low-cost hydrogen, a technology key to finding new sources of energy to end US dependence on foreign oil, they said."," #39;Breakthrough #39; on hydrogen fuel  US scientists had made a [[brеakthrough]] in their quest to make low-cost hydrogen, a technology key to finding new sources of energy to end US dependence on foreign oil, they said.",0.3310777544975281,0.5112177133560181,3,1,3,45,"Successful"
"New memories warm heart of this Bosox fan  Is it really true? [[Did]] it really happen? Or was that just the [[figment]] of some [[Boston]] [[Red]] Sox fanatic #[[39]];s wild imagination? [[Did]] the Red Sox really win the World Series for the first time since 1918 by sweeping the St.","New memories warm heart of this Bosox fan  Is it really true? [[Ai]] it really happen? Or was that just the [[chimera]] of some [[Bostoո]] [[Reԁ]] Sox fanatic #[[3৭]];s wild imagination? [[Wo]] the Red Sox really win the World Series for the first time since 1918 by sweeping the St.",0.05114787817001343,0.09446454048156738,1,1,1,87,"Failed"
"LG Electronics-Matsushita PDP battle  TOKYO (CBS.MW) -- South Korea #39;s LG Electronics Inc. said Tuesday it would file a counter measure against Japan #39;s Matsushita Electric Industrial Co.","LG Electronics-Matsushita PDP battle  TOKYO (CBS.MW) -- South Korea #39;s LG Electronics Inc. said Tuesday it would file a counter measure against Japan #39;s Matsushita Electric Industrial Co.",0.8435056209564209,0.8435056209564209,3,3,2,1,"Skipped"
"Henry doubtful for Anfield [[clash]]  [[Arsenal]] striker Thierry [[Henry]] is doubtful for Sundays Barclays Premiership trip to Liverpool with a calf injury. The Frenchman aggravated the [[problem]] during Wednesday nights ill-tempered Champions League ","Henry doubtful for Anfield [[clasհ]]  [[Carousel]] striker Thierry [[Enrico]] is doubtful for Sundays Barclays Premiership trip to Liverpool with a calf injury. The Frenchman aggravated the [[pⲅoblem]] during Wednesday nights ill-tempered Champions League ",0.0003809928894042969,0.17012983560562134,1,1,1,76,"Failed"
"[[Hokies]] making statement about ACC title [[intentions]]  The annual summer barbecues that Ralph Friedgen and Frank Beamer co-host at their lake homes in Georgia may be a little less cordial after the way Beamer #[[39]];s Virginia [[Tech]] Hokies waxed Friedgen #39;s Maryland Terrapins [[55-6]] last night.","[[Hokeis]] making statement about ACC title [[intention]]  The annual summer barbecues that Ralph Friedgen and Frank Beamer co-host at their lake homes in Georgia may be a little less cordial after the way Beamer #[[Ʒ9]];s Virginia [[Technology]] Hokies waxed Friedgen #39;s Maryland Terrapins [[Ƽ5-6]] last night.",0.005614876747131348,0.1284886598587036,1,1,1,81,"Failed"
"Death threats on film-maker #39;s body  A LETTER left on the body of a Dutch filmmmaker murdered in Amsterdam contained death threats against a Dutch [[politician]], the justice minister said today.","Death threats on film-maker #39;s body  A LETTER left on the body of a Dutch filmmmaker murdered in Amsterdam contained death threats against a Dutch [[poⅼitician]], the justice minister said today.",0.4267962574958801,0.5509742498397827,0,1,0,40,"Successful"
"Wenger Spares Red-Faced Lehmann  Arsenal keeper Jens [[Lehmann]] was left red-faced in Athens as two costly mistakes ensured that a Champions League victory [[slipped]] through his sides [[fingers]] again.","Wenger Spares Red-Faced Lehmann  Arsenal keeper Jens [[Leհmann]] was left red-faced in Athens as two costly mistakes ensured that a Champions League victory [[slippeԁ]] through his sides [[costello]] again.",0.008197486400604248,0.09136563539505005,1,1,1,64,"Failed"
"England humble Sprinboks  Charlie Hodgson scores 27 points as England overwhelm the Springboks at Twickenham.","England humble Sprinboks  Charlie Hodgson scores 27 points as England overwhelm the Springboks at Twickenham.",0.9943041205406189,0.9943041205406189,1,1,0,1,"Skipped"
"FCC exempts fiber-to-curb from sharing requirements  The Federal Communications Commission Thursday voted to allow incumbent telephone carriers from sharing fiber-to-the-curb deployments from competitors, prompting one incumbent to announce an accelerated fiber rollout.","FCC exempts fiber-to-curb from sharing requirements  The Federal Communications Commission Thursday voted to allow incumbent telephone carriers from sharing fiber-to-the-curb deployments from competitors, prompting one incumbent to announce an accelerated fiber rollout.",0.9601460695266724,0.9601460695266724,3,3,2,1,"Skipped"
"CARE [[Official]] [[Kidnapped]] in [[Baghdad]]  Margaret Hassan, said to be a [[British-born]] Iraqi national, the director of CARE International #39;s operation in Iraq is seen in this image made from video footage made on May 20, 2003.","CARE [[Formal]] [[Hijack]] in [[Bagdad]]  Margaret Hassan, said to be a [[British-boⲅn]] Iraqi national, the director of CARE International #39;s operation in Iraq is seen in this image made from video footage made on May 20, 2003.",0.015529870986938477,0.46039026975631714,0,0,0,80,"Failed"
"General Electric Raises Dividend  General Electric Co., a maker of jet engines, plastics and appliances as well as owner of the [[NBC]] television [[network]], said Friday that its board [[raised]] the company #[[39]];s quarterly dividend by 10 percent to 22 cents per [[share]], and authorized the repurchase of ","General Electric Raises Dividend  General Electric Co., a maker of jet engines, plastics and appliances as well as owner of the [[NEWSCAST]] television [[ne𝚝work]], said Friday that its board [[raiesd]] the company #[[Ʒ9]];s quarterly dividend by 10 percent to 22 cents per [[shaⲅe]], and authorized the repurchase of ",0.09195774793624878,0.6358910202980042,2,3,2,81,"Successful"
"PeopleSoft revises third-quarter profit  Oracle target adds \$2.6 million to bottom line after tax adjustment related to ex-CEO's severance package.","PeopleSoft revises third-quarter profit  Oracle target adds \$2.6 million to bottom line after tax adjustment related to ex-CEO's severance package.",0.9179512858390808,0.9179512858390808,2,2,3,1,"Skipped"
"Injection Flaw Found in Browsers  Danish security research firm Secunia has reported a vulnerability that occurs in most browsers that can be exploited by hackers looking to [[spoof]] the content of [[Web]] sites.","Injection Flaw Found in Browsers  Danish security research firm Secunia has reported a vulnerability that occurs in most browsers that can be exploited by hackers looking to [[spoo𝚏]] the content of [[WeЬ]] sites.",0.13003045320510864,0.6804239749908447,3,2,3,41,"Successful"
"[[PALMER]] [[BREAKS]] TOUR DUCK [[IN]] STYLE  Ryan Palmer came from five shots behind with a magnificent 62 to earn his maiden [[PGA]] Tour tournament victory at the Funai Classic on Sunday.","[[CUTLER]] [[INTERRUPTION]] TOUR DUCK [[ONTO]] STYLE  Ryan Palmer came from five shots behind with a magnificent 62 to earn his maiden [[PA]] Tour tournament victory at the Funai Classic on Sunday.",0.0008299350738525391,0.016100764274597168,1,1,1,44,"Failed"
"[[Yahoo]], EarthLink [[Test]] DomainKeys Spoofing Defense  Yahoo announced [[enhancements]] to its e-mail service, implementing search, more storage and its DomainKeys sender authentication technology, which is also being deployed by Internet service provider EarthLink in a test [[roll-out]].","[[Eliyahu]], EarthLink [[Tet]] DomainKeys Spoofing Defense  Yahoo announced [[enhancеments]] to its e-mail service, implementing search, more storage and its DomainKeys sender authentication technology, which is also being deployed by Internet service provider EarthLink in a test [[roll-ou𝚝]].",0.021425902843475342,0.2882547378540039,3,3,3,78,"Failed"
"Partner: Free Verisign SSL Certificate  [[Don't]] [[miss]] the opportunity! Obtain a FREE SSL Trial ID today.","Partner: Free Verisign SSL Certificate  [[Don'𝚝]] [[senorita]] the opportunity! Obtain a FREE SSL Trial ID today.",0.2901756167411804,0.6647221446037292,3,3,3,32,"Failed"
"Iraq to spend \$1 billion to expand oil [[production]]  Iraq is planning to spend more than \$1 billion in [[2005]] to boost its oil production capacity by about 15 percent to 3.25 million barrels a [[day]], an Iraqi official said.","Iraq to spend \$1 billion to expand oil [[producing]]  Iraq is planning to spend more than \$1 billion in [[ᒿ005]] to boost its oil production capacity by about 15 percent to 3.25 million barrels a [[dɑy]], an Iraqi official said.",0.3903653621673584,0.5340617299079895,2,3,2,59,"Successful"
"[[Supercomputer]] breaks speed record  The US is [[poised]] to [[push]] Japan off the top of the [[supercomputing]] [[chart]] with IBM #39;s prototype Blue Gene/L machine. It is being assembled for the Lawrence Livermore National Laboratories, a US Department of Energy lab (DOE).","[[Supercompu𝚝er]] breaks speed record  The US is [[posied]] to [[рush]] Japan off the top of the [[sսpercomputing]] [[cart]] with IBM #39;s prototype Blue Gene/L machine. It is being assembled for the Lawrence Livermore National Laboratories, a US Department of Energy lab (DOE).",0.06472933292388916,0.37415385246276855,3,3,3,102,"Failed"
"Software Licensing Moving Toward Subscription, Utility Models (Ziff Davis)  Ziff Davis - Panelists at SoftSummit point to emerging alternatives to perpetual licensing but say the transition won't be easy.","Software Licensing Moving Toward Subscription, Utility Models (Ziff Davis)  Ziff Davis - Panelists at SoftSummit point to emerging alternatives to perpetual licensing but say the transition won't be easy.",0.5630664825439453,0.5630664825439453,2,2,3,1,"Skipped"
"Dave Hyde column, [[October]] 25, [[2004]]  In somber tones and professional adjectives, the president, the athletic director and the no-longer-the-football-coach took turns announcing a University of Florida firing Monday that was surprising only for [[coming]] sooner rather than [[later]].","Dave Hyde column, [[Oc𝚝ober]] 25, [[2O04]]  In somber tones and professional adjectives, the president, the athletic director and the no-longer-the-football-coach took turns announcing a University of Florida firing Monday that was surprising only for [[come]] sooner rather than [[la𝚝er]].",0.13905048370361328,0.5012980699539185,1,1,1,85,"Failed"
"UPDATE 1-BMW, Honda drop challenge to F1 rules  Carmakers BMW and Honda have dropped plans to challenge Formula One #39;s governing body over engine rules for 2006 after deciding that legal action would be bad for motor racing.","UPDATE 1-BMW, Honda drop challenge to F1 rules  Carmakers BMW and Honda have dropped plans to challenge Formula One #39;s governing body over engine rules for 2006 after deciding that legal action would be bad for motor racing.",0.5387265682220459,0.5387265682220459,3,3,1,1,"Skipped"
"CNH [[Global]] [[workers]] in Racine go on [[strike]] after contract stalemate  CNH Global NV workers in Racine and three other cities went on strike Wednesday, six months after rejecting the company #39;s final contract offer.","CNH [[World]] [[wor𝒌ers]] in Racine go on [[stri𝒌e]] after contract stalemate  CNH Global NV workers in Racine and three other cities went on strike Wednesday, six months after rejecting the company #39;s final contract offer.",0.09332507848739624,0.725412130355835,2,1,2,67,"Successful"
